district,latitude,longitude,predicted_risk,risk_level
Aurangabad,19.8762,75.3433,94.95638,Critical
Jajpur,20.85,86.333,83.80062,Critical
Kanchipuram,12.8342,79.7036,8.676748,Low
Tiruvallur,13.1439,79.9089,96.77652,Critical
Nagpur,21.1458,79.0882,1.8074032,Low
Tumakuru,13.3409,77.101,3.662847,Low
Aurangabad,19.8762,75.3433,11.81006,Low
Ahmedabad,23.0225,72.5714,2.840746,Low
Kutch,23.7337,69.8597,76.06652,High
Madurai,9.9252,78.1198,96.97752,Critical
Madurai,9.9252,78.1198,6.640972,Low
Pune,18.5204,73.8567,1.6961012,Low
Ahmedabad,23.0225,72.5714,1.125571,Low
Kutch,23.7337,69.8597,49.388737,Medium
Tumakuru,13.3409,77.101,28.977674,Low
Jajpur,20.85,86.333,1.504971,Low
Ballari,15.1394,76.9214,12.766187,Low
Varanasi,25.3176,82.9739,95.64516,Critical
Ballari,15.1394,76.9214,95.12733,Critical
Pune,18.5204,73.8567,21.122074,Low
Jajpur,20.85,86.333,4.148305,Low
Nagpur,21.1458,79.0882,1.0936667,Low
Agra,27.1767,78.0081,45.8296,Medium
Jajpur,20.85,86.333,97.248184,Critical
Coimbatore,11.0168,76.9558,89.56994,Critical
Kutch,23.7337,69.8597,3.4189093,Low
Ballari,15.1394,76.9214,88.27259,Critical
Aurangabad,19.8762,75.3433,1.006239,Low
Lucknow,26.8467,80.9462,96.92613,Critical
Kutch,23.7337,69.8597,15.207871,Low
Belagavi,15.8497,74.4977,6.863525,Low
Vadodara,22.3072,73.1812,89.88748,Critical
Ballari,15.1394,76.9214,6.501728,Low
Salem,11.6643,78.146,98.374115,Critical
Sundargarh,22.1167,84.0333,87.65977,Critical
Kutch,23.7337,69.8597,97.9176,Critical
Ahmedabad,23.0225,72.5714,5.67443,Low
Surat,21.1702,72.8311,7.197739,Low
Jajpur,20.85,86.333,96.577034,Critical
Agra,27.1767,78.0081,10.738483,Low
Belagavi,15.8497,74.4977,1.0197992,Low
Tiruvallur,13.1439,79.9089,96.84839,Critical
Surat,21.1702,72.8311,2.7030203,Low
Khordha,20.1734,85.6745,4.032209,Low
Varanasi,25.3176,82.9739,5.571375,Low
Ballari,15.1394,76.9214,97.69579,Critical
Sambalpur,21.4669,83.9812,9.121028,Low
Salem,11.6643,78.146,98.42726,Critical
Tiruvallur,13.1439,79.9089,25.952646,Low
Mysuru,12.2958,76.6394,1.2428315,Low
Surat,21.1702,72.8311,0.34524372,Low
Tiruvallur,13.1439,79.9089,96.375404,Critical
Prayagraj,25.4358,81.8463,96.23897,Critical
Khordha,20.1734,85.6745,2.5617163,Low
Varanasi,25.3176,82.9739,17.394258,Low
Bharuch,21.7051,72.9959,97.91925,Critical
Prayagraj,25.4358,81.8463,92.3086,Critical
Lucknow,26.8467,80.9462,2.1438162,Low
Nashik,19.9975,73.7898,0.78948337,Low
Gautam Buddha Nagar,28.5355,77.391,94.81442,Critical
Bengaluru Urban,12.9716,77.5946,9.17956,Low
Jajpur,20.85,86.333,0.26767802,Low
Nashik,19.9975,73.7898,0.9412456,Low
Sambalpur,21.4669,83.9812,1.1356449,Low
Jajpur,20.85,86.333,0.6049156,Low
Vadodara,22.3072,73.1812,0.863263,Low
Kutch,23.7337,69.8597,4.362987,Low
Nagpur,21.1458,79.0882,24.46294,Low
Salem,11.6643,78.146,2.637326,Low
Kutch,23.7337,69.8597,6.8772326,Low
Kutch,23.7337,69.8597,2.5819623,Low
Ahmedabad,23.0225,72.5714,1.7140554,Low
Sambalpur,21.4669,83.9812,4.2930746,Low
Thane,19.2183,72.9781,25.760265,Low
Jajpur,20.85,86.333,0.30550346,Low
Tumakuru,13.3409,77.101,2.934364,Low
Sundargarh,22.1167,84.0333,24.707228,Low
Ballari,15.1394,76.9214,27.27083,Low
Prayagraj,25.4358,81.8463,95.652596,Critical
Prayagraj,25.4358,81.8463,95.91838,Critical
Ballari,15.1394,76.9214,98.77496,Critical
Bengaluru Urban,12.9716,77.5946,76.2432,High
Khordha,20.1734,85.6745,18.032547,Low
Mysuru,12.2958,76.6394,63.28816,Medium
Aurangabad,19.8762,75.3433,90.28483,Critical
Varanasi,25.3176,82.9739,16.157726,Low
Agra,27.1767,78.0081,2.1859798,Low
Madurai,9.9252,78.1198,1.4884338,Low
Bengaluru Urban,12.9716,77.5946,0.8930764,Low
Surat,21.1702,72.8311,98.19479,Critical
Bharuch,21.7051,72.9959,1.274159,Low
Belagavi,15.8497,74.4977,3.332001,Low
Aurangabad,19.8762,75.3433,10.046056,Low
Vadodara,22.3072,73.1812,2.854609,Low
Coimbatore,11.0168,76.9558,2.656565,Low
Belagavi,15.8497,74.4977,4.2527885,Low
Pune,18.5204,73.8567,30.14057,Low
Aurangabad,19.8762,75.3433,9.839766,Low
Sundargarh,22.1167,84.0333,4.067711,Low
Aurangabad,19.8762,75.3433,86.42237,Critical
Ahmedabad,23.0225,72.5714,86.05669,Critical
Kutch,23.7337,69.8597,92.428925,Critical
Bengaluru Urban,12.9716,77.5946,99.2713,Critical
Bengaluru Urban,12.9716,77.5946,1.3674356,Low
Nashik,19.9975,73.7898,4.9051914,Low
Madurai,9.9252,78.1198,24.46585,Low
Lucknow,26.8467,80.9462,4.722539,Low
Jajpur,20.85,86.333,0.8669012,Low
Gautam Buddha Nagar,28.5355,77.391,99.3437,Critical
Thane,19.2183,72.9781,5.8368597,Low
Nagpur,21.1458,79.0882,91.37373,Critical
Varanasi,25.3176,82.9739,77.13486,High
Jajpur,20.85,86.333,4.144698,Low
Lucknow,26.8467,80.9462,83.5177,Critical
Ballari,15.1394,76.9214,1.8742092,Low
Vadodara,22.3072,73.1812,98.13923,Critical
Tiruvallur,13.1439,79.9089,21.844389,Low
Ballari,15.1394,76.9214,3.2320948,Low
Kutch,23.7337,69.8597,0.890703,Low
Coimbatore,11.0168,76.9558,33.38883,Low
Salem,11.6643,78.146,15.607387,Low
Madurai,9.9252,78.1198,58.933323,Medium
Nashik,19.9975,73.7898,6.722821,Low
Coimbatore,11.0168,76.9558,5.6740546,Low
Sambalpur,21.4669,83.9812,9.044959,Low
Lucknow,26.8467,80.9462,98.60778,Critical
Sundargarh,22.1167,84.0333,5.5105,Low
Lucknow,26.8467,80.9462,98.126236,Critical
Tumakuru,13.3409,77.101,11.806973,Low
Tumakuru,13.3409,77.101,11.548041,Low
Varanasi,25.3176,82.9739,7.2366,Low
Sambalpur,21.4669,83.9812,83.91785,Critical
Gautam Buddha Nagar,28.5355,77.391,38.293327,Low
Madurai,9.9252,78.1198,0.47204277,Low
Nagpur,21.1458,79.0882,1.0128087,Low
Bengaluru Urban,12.9716,77.5946,24.503132,Low
Pune,18.5204,73.8567,6.0715437,Low
Kanchipuram,12.8342,79.7036,94.93912,Critical
Tiruvallur,13.1439,79.9089,1.6236967,Low
Belagavi,15.8497,74.4977,12.173341,Low
Mysuru,12.2958,76.6394,1.3065478,Low
Kanchipuram,12.8342,79.7036,2.608028,Low
Bharuch,21.7051,72.9959,0.7396279,Low
Nashik,19.9975,73.7898,12.103044,Low
Nagpur,21.1458,79.0882,2.152789,Low
Vadodara,22.3072,73.1812,53.69087,Medium
Jajpur,20.85,86.333,8.487539,Low
Nashik,19.9975,73.7898,98.229126,Critical
Gautam Buddha Nagar,28.5355,77.391,1.626995,Low
Kanchipuram,12.8342,79.7036,28.307083,Low
Kanchipuram,12.8342,79.7036,32.095863,Low
Kutch,23.7337,69.8597,4.4549875,Low
Nashik,19.9975,73.7898,55.40944,Medium
Khordha,20.1734,85.6745,3.2103908,Low
Nagpur,21.1458,79.0882,11.3769655,Low
Madurai,9.9252,78.1198,7.4856005,Low
Tumakuru,13.3409,77.101,89.303085,Critical
Agra,27.1767,78.0081,98.51327,Critical
Bharuch,21.7051,72.9959,11.90653,Low
Belagavi,15.8497,74.4977,76.10939,High
Angul,20.8444,85.1511,90.30679,Critical
Tumakuru,13.3409,77.101,7.6528745,Low
Ballari,15.1394,76.9214,16.177229,Low
Jajpur,20.85,86.333,0.43160197,Low
Bengaluru Urban,12.9716,77.5946,0.69955224,Low
Surat,21.1702,72.8311,93.486824,Critical
Coimbatore,11.0168,76.9558,24.207964,Low
Nagpur,21.1458,79.0882,66.5893,High
Belagavi,15.8497,74.4977,0.8861411,Low
Ahmedabad,23.0225,72.5714,6.735418,Low
Pune,18.5204,73.8567,19.001562,Low
Aurangabad,19.8762,75.3433,79.60457,High
Mysuru,12.2958,76.6394,97.27577,Critical
Ahmedabad,23.0225,72.5714,11.868909,Low
Madurai,9.9252,78.1198,15.541084,Low
Tumakuru,13.3409,77.101,1.7003679,Low
Jajpur,20.85,86.333,9.878626,Low
Pune,18.5204,73.8567,94.19408,Critical
Tumakuru,13.3409,77.101,1.7771757,Low
Aurangabad,19.8762,75.3433,2.1807096,Low
Ahmedabad,23.0225,72.5714,8.676684,Low
Gautam Buddha Nagar,28.5355,77.391,41.300976,Low
Tumakuru,13.3409,77.101,11.978422,Low
Kanchipuram,12.8342,79.7036,99.551575,Critical
Belagavi,15.8497,74.4977,1.6661352,Low
Pune,18.5204,73.8567,87.71109,Critical
Bharuch,21.7051,72.9959,95.64153,Critical
Angul,20.8444,85.1511,8.944921,Low
Tiruvallur,13.1439,79.9089,15.798993,Low
Kutch,23.7337,69.8597,5.9544964,Low
Mysuru,12.2958,76.6394,4.8085613,Low
Sundargarh,22.1167,84.0333,5.240177,Low
Surat,21.1702,72.8311,8.51778,Low
Agra,27.1767,78.0081,2.565954,Low
Madurai,9.9252,78.1198,4.387071,Low
Pune,18.5204,73.8567,22.504171,Low
Surat,21.1702,72.8311,95.54494,Critical
Bharuch,21.7051,72.9959,98.110825,Critical
Agra,27.1767,78.0081,28.893467,Low
Mysuru,12.2958,76.6394,0.5061141,Low
Kanchipuram,12.8342,79.7036,19.980904,Low
Salem,11.6643,78.146,19.597502,Low
Aurangabad,19.8762,75.3433,95.72006,Critical
Vadodara,22.3072,73.1812,93.619774,Critical
Sambalpur,21.4669,83.9812,12.4046,Low
Kutch,23.7337,69.8597,0.7399697,Low
Nashik,19.9975,73.7898,88.68637,Critical
Surat,21.1702,72.8311,95.05138,Critical
Agra,27.1767,78.0081,22.457426,Low
Ahmedabad,23.0225,72.5714,98.55226,Critical
Kutch,23.7337,69.8597,1.7805157,Low
Sundargarh,22.1167,84.0333,1.1748952,Low
Prayagraj,25.4358,81.8463,88.15805,Critical
Prayagraj,25.4358,81.8463,2.5221379,Low
Bharuch,21.7051,72.9959,12.476581,Low
Coimbatore,11.0168,76.9558,3.2195334,Low
Sundargarh,22.1167,84.0333,26.201689,Low
Kutch,23.7337,69.8597,5.5601482,Low
Surat,21.1702,72.8311,4.2290077,Low
Nagpur,21.1458,79.0882,6.9655724,Low
Nashik,19.9975,73.7898,98.78248,Critical
Salem,11.6643,78.146,0.9676625,Low
Khordha,20.1734,85.6745,76.207115,High
Tumakuru,13.3409,77.101,41.06867,Low
Nagpur,21.1458,79.0882,97.76586,Critical
Ballari,15.1394,76.9214,93.22989,Critical
Gautam Buddha Nagar,28.5355,77.391,2.7702515,Low
Pune,18.5204,73.8567,98.4023,Critical
Aurangabad,19.8762,75.3433,2.9689002,Low
Khordha,20.1734,85.6745,4.529386,Low
Madurai,9.9252,78.1198,2.078727,Low
Bengaluru Urban,12.9716,77.5946,92.09163,Critical
Thane,19.2183,72.9781,95.521255,Critical
Pune,18.5204,73.8567,97.917366,Critical
Jajpur,20.85,86.333,7.3340306,Low
Sambalpur,21.4669,83.9812,4.0941854,Low
Kanchipuram,12.8342,79.7036,96.304184,Critical
Ballari,15.1394,76.9214,81.71812,Critical
Agra,27.1767,78.0081,1.2569196,Low
Kanchipuram,12.8342,79.7036,2.4238102,Low
Gautam Buddha Nagar,28.5355,77.391,69.580734,High
Bharuch,21.7051,72.9959,97.66618,Critical
Nashik,19.9975,73.7898,1.4543306,Low
Mysuru,12.2958,76.6394,23.49897,Low
Madurai,9.9252,78.1198,96.31226,Critical
Nashik,19.9975,73.7898,8.205159,Low
Ballari,15.1394,76.9214,94.60153,Critical
Tumakuru,13.3409,77.101,96.421906,Critical
Bengaluru Urban,12.9716,77.5946,0.65428716,Low
Pune,18.5204,73.8567,10.345023,Low
Coimbatore,11.0168,76.9558,76.38933,High
Angul,20.8444,85.1511,1.6856217,Low
Nashik,19.9975,73.7898,70.60526,High
Mysuru,12.2958,76.6394,0.5464447,Low
Salem,11.6643,78.146,2.5382233,Low
Bharuch,21.7051,72.9959,2.4636738,Low
Varanasi,25.3176,82.9739,1.825808,Low
Ballari,15.1394,76.9214,16.352852,Low
Ahmedabad,23.0225,72.5714,7.5151076,Low
Angul,20.8444,85.1511,2.396378,Low
Bengaluru Urban,12.9716,77.5946,88.67096,Critical
Kutch,23.7337,69.8597,5.8713207,Low
Tumakuru,13.3409,77.101,0.5647226,Low
Aurangabad,19.8762,75.3433,22.334238,Low
Tiruvallur,13.1439,79.9089,36.49936,Low
Bharuch,21.7051,72.9959,93.16383,Critical
Tiruvallur,13.1439,79.9089,0.6532574,Low
Aurangabad,19.8762,75.3433,1.3777089,Low
Aurangabad,19.8762,75.3433,18.6606,Low
Madurai,9.9252,78.1198,1.6054671,Low
Ahmedabad,23.0225,72.5714,89.73839,Critical
Madurai,9.9252,78.1198,11.483061,Low
Tiruvallur,13.1439,79.9089,15.018955,Low
Varanasi,25.3176,82.9739,1.8590957,Low
Kutch,23.7337,69.8597,2.1219666,Low
Varanasi,25.3176,82.9739,97.2972,Critical
Mysuru,12.2958,76.6394,7.274028,Low
Madurai,9.9252,78.1198,1.3864372,Low
Bengaluru Urban,12.9716,77.5946,33.126854,Low
Ahmedabad,23.0225,72.5714,5.3809257,Low
Coimbatore,11.0168,76.9558,3.124715,Low
Bengaluru Urban,12.9716,77.5946,68.09802,High
Khordha,20.1734,85.6745,36.75817,Low
Pune,18.5204,73.8567,97.76346,Critical
Tiruvallur,13.1439,79.9089,7.867419,Low
Pune,18.5204,73.8567,73.57762,High
Lucknow,26.8467,80.9462,99.79519,Critical
Ballari,15.1394,76.9214,99.14419,Critical
Gautam Buddha Nagar,28.5355,77.391,96.1736,Critical
Kanchipuram,12.8342,79.7036,0.6999426,Low
Pune,18.5204,73.8567,70.69208,High
Thane,19.2183,72.9781,6.6800065,Low
Bengaluru Urban,12.9716,77.5946,3.2446823,Low
Kanchipuram,12.8342,79.7036,94.214355,Critical
Sambalpur,21.4669,83.9812,1.3765891,Low
Angul,20.8444,85.1511,5.715828,Low
Tumakuru,13.3409,77.101,60.85718,Medium
Kanchipuram,12.8342,79.7036,28.329903,Low
Tumakuru,13.3409,77.101,97.431015,Critical
Coimbatore,11.0168,76.9558,2.149757,Low
Lucknow,26.8467,80.9462,1.5150062,Low
Tumakuru,13.3409,77.101,2.8041987,Low
Salem,11.6643,78.146,96.96026,Critical
Jajpur,20.85,86.333,3.3121533,Low
Tiruvallur,13.1439,79.9089,0.52295613,Low
Tiruvallur,13.1439,79.9089,72.252884,High
Tumakuru,13.3409,77.101,91.1002,Critical
Varanasi,25.3176,82.9739,98.7773,Critical
Lucknow,26.8467,80.9462,0.39060867,Low
Gautam Buddha Nagar,28.5355,77.391,39.308395,Low
Varanasi,25.3176,82.9739,0.6145357,Low
Bharuch,21.7051,72.9959,0.5431658,Low
Ballari,15.1394,76.9214,95.94035,Critical
Nagpur,21.1458,79.0882,99.05959,Critical
Mysuru,12.2958,76.6394,91.045616,Critical
Surat,21.1702,72.8311,10.054547,Low
Varanasi,25.3176,82.9739,3.4385245,Low
Vadodara,22.3072,73.1812,0.6801161,Low
Khordha,20.1734,85.6745,6.516511,Low
Sambalpur,21.4669,83.9812,21.711823,Low
Mysuru,12.2958,76.6394,2.6408982,Low
Belagavi,15.8497,74.4977,3.6101453,Low
Aurangabad,19.8762,75.3433,82.54609,Critical
Nagpur,21.1458,79.0882,4.2275467,Low
Khordha,20.1734,85.6745,5.724724,Low
Prayagraj,25.4358,81.8463,3.9721477,Low
Bharuch,21.7051,72.9959,94.19848,Critical
Nagpur,21.1458,79.0882,85.1482,Critical
Kanchipuram,12.8342,79.7036,4.3895793,Low
Aurangabad,19.8762,75.3433,6.811318,Low
Varanasi,25.3176,82.9739,1.32732,Low
Varanasi,25.3176,82.9739,1.7129537,Low
Mysuru,12.2958,76.6394,3.901853,Low
Ahmedabad,23.0225,72.5714,5.5661755,Low
Lucknow,26.8467,80.9462,94.679245,Critical
Nagpur,21.1458,79.0882,0.630142,Low
Aurangabad,19.8762,75.3433,99.45745,Critical
Jajpur,20.85,86.333,2.080623,Low
Agra,27.1767,78.0081,14.49878,Low
Coimbatore,11.0168,76.9558,73.69911,High
Belagavi,15.8497,74.4977,95.42627,Critical
Surat,21.1702,72.8311,27.09901,Low
Salem,11.6643,78.146,1.6590331,Low
Belagavi,15.8497,74.4977,2.0569727,Low
Pune,18.5204,73.8567,93.55511,Critical
Madurai,9.9252,78.1198,93.46339,Critical
Belagavi,15.8497,74.4977,18.060413,Low
Thane,19.2183,72.9781,0.45186082,Low
Aurangabad,19.8762,75.3433,99.02487,Critical
Nashik,19.9975,73.7898,37.120075,Low
Nagpur,21.1458,79.0882,5.1801453,Low
Aurangabad,19.8762,75.3433,10.839355,Low
Jajpur,20.85,86.333,3.0867002,Low
Salem,11.6643,78.146,4.361806,Low
Bengaluru Urban,12.9716,77.5946,84.830505,Critical
Sundargarh,22.1167,84.0333,4.3535786,Low
Khordha,20.1734,85.6745,92.09762,Critical
Lucknow,26.8467,80.9462,77.829056,High
Prayagraj,25.4358,81.8463,60.93785,Medium
Prayagraj,25.4358,81.8463,97.19578,Critical
Vadodara,22.3072,73.1812,1.400981,Low
Lucknow,26.8467,80.9462,17.806139,Low
Belagavi,15.8497,74.4977,1.8612545,Low
Jajpur,20.85,86.333,0.7022102,Low
Bengaluru Urban,12.9716,77.5946,1.7207043,Low
Kanchipuram,12.8342,79.7036,28.557095,Low
Prayagraj,25.4358,81.8463,98.63394,Critical
Kutch,23.7337,69.8597,15.188631,Low
Coimbatore,11.0168,76.9558,0.7395138,Low
Vadodara,22.3072,73.1812,9.649018,Low
Kanchipuram,12.8342,79.7036,1.590781,Low
Sundargarh,22.1167,84.0333,93.42674,Critical
Ballari,15.1394,76.9214,98.38637,Critical
Aurangabad,19.8762,75.3433,99.20465,Critical
Bengaluru Urban,12.9716,77.5946,91.18287,Critical
Prayagraj,25.4358,81.8463,0.77673393,Low
Aurangabad,19.8762,75.3433,94.385925,Critical
Bharuch,21.7051,72.9959,69.97341,High
Angul,20.8444,85.1511,14.337018,Low
Sambalpur,21.4669,83.9812,64.66832,Medium
Bharuch,21.7051,72.9959,3.055344,Low
Varanasi,25.3176,82.9739,10.370937,Low
Kutch,23.7337,69.8597,7.542509,Low
Coimbatore,11.0168,76.9558,1.3586923,Low
Prayagraj,25.4358,81.8463,99.10618,Critical
Pune,18.5204,73.8567,98.56789,Critical
Bharuch,21.7051,72.9959,15.223059,Low
Agra,27.1767,78.0081,3.0123227,Low
Pune,18.5204,73.8567,0.95233583,Low
Vadodara,22.3072,73.1812,0.69089895,Low
Jajpur,20.85,86.333,12.030649,Low
Surat,21.1702,72.8311,0.5851189,Low
Mysuru,12.2958,76.6394,92.867294,Critical
Vadodara,22.3072,73.1812,94.89074,Critical
Belagavi,15.8497,74.4977,99.84634,Critical
Nagpur,21.1458,79.0882,2.1540723,Low
Ahmedabad,23.0225,72.5714,18.810217,Low
Aurangabad,19.8762,75.3433,17.118147,Low
Pune,18.5204,73.8567,1.7028922,Low
Prayagraj,25.4358,81.8463,65.07697,High
Pune,18.5204,73.8567,82.371735,Critical
Aurangabad,19.8762,75.3433,6.842282,Low
Bharuch,21.7051,72.9959,2.495317,Low
Surat,21.1702,72.8311,83.62663,Critical
Sambalpur,21.4669,83.9812,3.2080026,Low
Agra,27.1767,78.0081,2.8719873,Low
Thane,19.2183,72.9781,0.6151263,Low
Gautam Buddha Nagar,28.5355,77.391,75.47801,High
Tumakuru,13.3409,77.101,94.36811,Critical
Nashik,19.9975,73.7898,99.759415,Critical
Lucknow,26.8467,80.9462,21.328707,Low
Angul,20.8444,85.1511,3.5675526,Low
Jajpur,20.85,86.333,0.7913439,Low
Nagpur,21.1458,79.0882,97.48504,Critical
Ballari,15.1394,76.9214,48.563557,Medium
Khordha,20.1734,85.6745,5.7222276,Low
Sambalpur,21.4669,83.9812,0.4196354,Low
Bengaluru Urban,12.9716,77.5946,4.6275744,Low
Prayagraj,25.4358,81.8463,3.9892957,Low
Angul,20.8444,85.1511,49.943886,Medium
Surat,21.1702,72.8311,4.731931,Low
Salem,11.6643,78.146,1.482997,Low
Coimbatore,11.0168,76.9558,0.5682086,Low
Jajpur,20.85,86.333,39.39412,Low
Gautam Buddha Nagar,28.5355,77.391,4.6298165,Low
Gautam Buddha Nagar,28.5355,77.391,96.47037,Critical
Nashik,19.9975,73.7898,4.2545767,Low
Kutch,23.7337,69.8597,3.9165072,Low
Agra,27.1767,78.0081,91.726265,Critical
Mysuru,12.2958,76.6394,14.062439,Low
Surat,21.1702,72.8311,25.907352,Low
Tiruvallur,13.1439,79.9089,59.431213,Medium
Ahmedabad,23.0225,72.5714,9.172219,Low
Tumakuru,13.3409,77.101,1.3546529,Low
Sundargarh,22.1167,84.0333,1.078957,Low
Belagavi,15.8497,74.4977,93.314316,Critical
Ballari,15.1394,76.9214,11.563517,Low
Angul,20.8444,85.1511,26.222233,Low
Sundargarh,22.1167,84.0333,96.56071,Critical
Jajpur,20.85,86.333,24.936178,Low
Sundargarh,22.1167,84.0333,93.22965,Critical
Sundargarh,22.1167,84.0333,84.55033,Critical
Belagavi,15.8497,74.4977,6.1079383,Low
Aurangabad,19.8762,75.3433,75.387566,High
Nagpur,21.1458,79.0882,16.836184,Low
Varanasi,25.3176,82.9739,23.33031,Low
Aurangabad,19.8762,75.3433,1.1261666,Low
Salem,11.6643,78.146,61.596825,Medium
Pune,18.5204,73.8567,67.33901,High
Ballari,15.1394,76.9214,92.969376,Critical
Sambalpur,21.4669,83.9812,0.853014,Low
Sundargarh,22.1167,84.0333,83.14646,Critical
Belagavi,15.8497,74.4977,9.939935,Low
Kanchipuram,12.8342,79.7036,2.1054447,Low
Nagpur,21.1458,79.0882,85.91194,Critical
Mysuru,12.2958,76.6394,7.3164463,Low
Varanasi,25.3176,82.9739,1.8351823,Low
Sundargarh,22.1167,84.0333,7.4110904,Low
Bharuch,21.7051,72.9959,9.56593,Low
Gautam Buddha Nagar,28.5355,77.391,4.528382,Low
Tiruvallur,13.1439,79.9089,28.632366,Low
Prayagraj,25.4358,81.8463,0.855327,Low
Mysuru,12.2958,76.6394,92.57844,Critical
Thane,19.2183,72.9781,1.9570282,Low
Sambalpur,21.4669,83.9812,5.35852,Low
Coimbatore,11.0168,76.9558,3.5753224,Low
Madurai,9.9252,78.1198,1.8036342,Low
Ahmedabad,23.0225,72.5714,7.083945,Low
Gautam Buddha Nagar,28.5355,77.391,92.42914,Critical
Bharuch,21.7051,72.9959,2.8813195,Low
Aurangabad,19.8762,75.3433,22.23458,Low
Nagpur,21.1458,79.0882,95.77785,Critical
Ahmedabad,23.0225,72.5714,89.68291,Critical
Sundargarh,22.1167,84.0333,42.827225,Low
Thane,19.2183,72.9781,1.3771253,Low
Ahmedabad,23.0225,72.5714,0.6242747,Low
Agra,27.1767,78.0081,77.372246,High
Vadodara,22.3072,73.1812,93.66942,Critical
Kutch,23.7337,69.8597,1.6760696,Low
Belagavi,15.8497,74.4977,11.288761,Low
Pune,18.5204,73.8567,0.77976316,Low
Angul,20.8444,85.1511,11.271691,Low
Angul,20.8444,85.1511,1.0304171,Low
Bengaluru Urban,12.9716,77.5946,97.33049,Critical
Madurai,9.9252,78.1198,8.959818,Low
Sambalpur,21.4669,83.9812,8.972292,Low
Bharuch,21.7051,72.9959,0.81022644,Low
Ballari,15.1394,76.9214,5.7671304,Low
Agra,27.1767,78.0081,2.0019672,Low
Thane,19.2183,72.9781,12.616886,Low
Pune,18.5204,73.8567,0.8099501,Low
Aurangabad,19.8762,75.3433,7.348071,Low
Bharuch,21.7051,72.9959,0.8457083,Low
Lucknow,26.8467,80.9462,94.76023,Critical
Ballari,15.1394,76.9214,23.01329,Low
Belagavi,15.8497,74.4977,6.8299675,Low
Thane,19.2183,72.9781,9.186512,Low
Prayagraj,25.4358,81.8463,73.6483,High
Lucknow,26.8467,80.9462,17.023323,Low
Gautam Buddha Nagar,28.5355,77.391,14.342663,Low
Khordha,20.1734,85.6745,90.542015,Critical
Khordha,20.1734,85.6745,18.940033,Low
Nagpur,21.1458,79.0882,90.43744,Critical
Gautam Buddha Nagar,28.5355,77.391,14.737387,Low
Coimbatore,11.0168,76.9558,85.36675,Critical
Gautam Buddha Nagar,28.5355,77.391,99.32807,Critical
Tumakuru,13.3409,77.101,2.7814236,Low
Ballari,15.1394,76.9214,1.5130067,Low
Aurangabad,19.8762,75.3433,90.91409,Critical
Kanchipuram,12.8342,79.7036,92.161285,Critical
Prayagraj,25.4358,81.8463,12.189833,Low
Kanchipuram,12.8342,79.7036,49.937,Medium
Pune,18.5204,73.8567,9.393359,Low
Mysuru,12.2958,76.6394,93.26065,Critical
Mysuru,12.2958,76.6394,97.73313,Critical
Jajpur,20.85,86.333,85.05116,Critical
Nagpur,21.1458,79.0882,0.7011002,Low
Nashik,19.9975,73.7898,98.50476,Critical
Gautam Buddha Nagar,28.5355,77.391,94.00995,Critical
Lucknow,26.8467,80.9462,11.8487,Low
Jajpur,20.85,86.333,2.1175883,Low
Bharuch,21.7051,72.9959,3.7522383,Low
Salem,11.6643,78.146,2.7272885,Low
Ahmedabad,23.0225,72.5714,94.28726,Critical
Surat,21.1702,72.8311,5.5003552,Low
Nashik,19.9975,73.7898,4.835659,Low
Salem,11.6643,78.146,83.954285,Critical
Pune,18.5204,73.8567,56.045567,Medium
Madurai,9.9252,78.1198,67.1043,High
Belagavi,15.8497,74.4977,10.180623,Low
Thane,19.2183,72.9781,0.4967081,Low
Thane,19.2183,72.9781,21.36739,Low
Thane,19.2183,72.9781,92.704544,Critical
Jajpur,20.85,86.333,81.56417,Critical
Aurangabad,19.8762,75.3433,2.6537364,Low
Varanasi,25.3176,82.9739,91.15192,Critical
Gautam Buddha Nagar,28.5355,77.391,71.54277,High
Kanchipuram,12.8342,79.7036,2.970598,Low
Ballari,15.1394,76.9214,91.456566,Critical
Angul,20.8444,85.1511,9.240159,Low
Salem,11.6643,78.146,98.59291,Critical
Lucknow,26.8467,80.9462,6.180291,Low
Angul,20.8444,85.1511,56.377518,Medium
Angul,20.8444,85.1511,9.787433,Low
Ballari,15.1394,76.9214,41.99849,Low
Jajpur,20.85,86.333,95.97864,Critical
Nagpur,21.1458,79.0882,95.635475,Critical
Angul,20.8444,85.1511,0.43670136,Low
Mysuru,12.2958,76.6394,10.572609,Low
Kanchipuram,12.8342,79.7036,87.45953,Critical
Ballari,15.1394,76.9214,2.308993,Low
Mysuru,12.2958,76.6394,62.50102,Medium
Lucknow,26.8467,80.9462,13.675377,Low
Thane,19.2183,72.9781,82.10114,Critical
Lucknow,26.8467,80.9462,47.587303,Medium
Tiruvallur,13.1439,79.9089,29.888647,Low
Vadodara,22.3072,73.1812,74.15823,High
Tiruvallur,13.1439,79.9089,5.8318195,Low
Thane,19.2183,72.9781,91.86055,Critical
Khordha,20.1734,85.6745,96.81684,Critical
Bengaluru Urban,12.9716,77.5946,1.1788937,Low
Surat,21.1702,72.8311,21.545639,Low
Thane,19.2183,72.9781,92.426994,Critical
Lucknow,26.8467,80.9462,92.11773,Critical
Mysuru,12.2958,76.6394,2.623356,Low
Tiruvallur,13.1439,79.9089,92.33956,Critical
Lucknow,26.8467,80.9462,97.16678,Critical
Nagpur,21.1458,79.0882,1.2296377,Low
Thane,19.2183,72.9781,7.740643,Low
Tiruvallur,13.1439,79.9089,0.5359403,Low
Vadodara,22.3072,73.1812,6.6751122,Low
Tiruvallur,13.1439,79.9089,92.27338,Critical
Angul,20.8444,85.1511,5.340928,Low
Prayagraj,25.4358,81.8463,72.52495,High
Bharuch,21.7051,72.9959,87.074104,Critical
Belagavi,15.8497,74.4977,0.7704173,Low
Sambalpur,21.4669,83.9812,51.3706,Medium
Vadodara,22.3072,73.1812,99.805954,Critical
Agra,27.1767,78.0081,15.991974,Low
Aurangabad,19.8762,75.3433,5.950227,Low
Belagavi,15.8497,74.4977,6.3082376,Low
Tiruvallur,13.1439,79.9089,92.4956,Critical
Prayagraj,25.4358,81.8463,93.88698,Critical
Sambalpur,21.4669,83.9812,2.7056246,Low
Sambalpur,21.4669,83.9812,1.1683073,Low
Pune,18.5204,73.8567,2.6894023,Low
Thane,19.2183,72.9781,91.19502,Critical
Mysuru,12.2958,76.6394,2.932207,Low
Tiruvallur,13.1439,79.9089,1.3053358,Low
Mysuru,12.2958,76.6394,12.22438,Low
Aurangabad,19.8762,75.3433,9.527348,Low
Thane,19.2183,72.9781,9.065487,Low
Sundargarh,22.1167,84.0333,84.00725,Critical
Nashik,19.9975,73.7898,35.929527,Low
Vadodara,22.3072,73.1812,8.177309,Low
Lucknow,26.8467,80.9462,99.602974,Critical
Pune,18.5204,73.8567,55.65188,Medium
Mysuru,12.2958,76.6394,26.066736,Low
Madurai,9.9252,78.1198,1.8888623,Low
Salem,11.6643,78.146,63.90315,Medium
Salem,11.6643,78.146,3.6959345,Low
Surat,21.1702,72.8311,47.929306,Medium
Bengaluru Urban,12.9716,77.5946,93.65144,Critical
Vadodara,22.3072,73.1812,10.191804,Low
Thane,19.2183,72.9781,76.473145,High
Prayagraj,25.4358,81.8463,99.75345,Critical
Madurai,9.9252,78.1198,27.526314,Low
Belagavi,15.8497,74.4977,3.4126453,Low
Coimbatore,11.0168,76.9558,4.898145,Low
Surat,21.1702,72.8311,37.08763,Low
Sambalpur,21.4669,83.9812,2.9120314,Low
Aurangabad,19.8762,75.3433,86.60553,Critical
Gautam Buddha Nagar,28.5355,77.391,8.497073,Low
Nashik,19.9975,73.7898,0.46186587,Low
Jajpur,20.85,86.333,12.263068,Low
Gautam Buddha Nagar,28.5355,77.391,89.97711,Critical
Jajpur,20.85,86.333,16.845497,Low
Aurangabad,19.8762,75.3433,1.0078481,Low
Bharuch,21.7051,72.9959,98.340904,Critical
Aurangabad,19.8762,75.3433,1.1577259,Low
Pune,18.5204,73.8567,9.599598,Low
Nagpur,21.1458,79.0882,0.5439763,Low
Bengaluru Urban,12.9716,77.5946,76.46921,High
Jajpur,20.85,86.333,3.577999,Low
Sambalpur,21.4669,83.9812,1.074339,Low
Tiruvallur,13.1439,79.9089,5.178821,Low
Jajpur,20.85,86.333,3.0534017,Low
Coimbatore,11.0168,76.9558,86.87147,Critical
Mysuru,12.2958,76.6394,75.31227,High
Surat,21.1702,72.8311,94.76301,Critical
Madurai,9.9252,78.1198,98.75972,Critical
Aurangabad,19.8762,75.3433,2.0341184,Low
Surat,21.1702,72.8311,71.20524,High
Bengaluru Urban,12.9716,77.5946,3.6417775,Low
Sambalpur,21.4669,83.9812,96.7684,Critical
Kanchipuram,12.8342,79.7036,98.59604,Critical
Aurangabad,19.8762,75.3433,4.61904,Low
Prayagraj,25.4358,81.8463,91.71115,Critical
Lucknow,26.8467,80.9462,93.15588,Critical
Bharuch,21.7051,72.9959,1.4587828,Low
Jajpur,20.85,86.333,99.03137,Critical
Gautam Buddha Nagar,28.5355,77.391,5.2795,Low
Bharuch,21.7051,72.9959,6.1042128,Low
Bengaluru Urban,12.9716,77.5946,42.179142,Low
Kutch,23.7337,69.8597,1.9665933,Low
Vadodara,22.3072,73.1812,82.39813,Critical
Vadodara,22.3072,73.1812,2.3523989,Low
Aurangabad,19.8762,75.3433,4.491639,Low
Surat,21.1702,72.8311,10.21717,Low
Coimbatore,11.0168,76.9558,73.21263,High
Bharuch,21.7051,72.9959,2.1897876,Low
Pune,18.5204,73.8567,94.7897,Critical
Thane,19.2183,72.9781,3.5853095,Low
Mysuru,12.2958,76.6394,0.3597212,Low
Sambalpur,21.4669,83.9812,72.798615,High
Lucknow,26.8467,80.9462,1.0474931,Low
Gautam Buddha Nagar,28.5355,77.391,9.09188,Low
Ahmedabad,23.0225,72.5714,62.918736,Medium
Belagavi,15.8497,74.4977,2.0842116,Low
Bharuch,21.7051,72.9959,84.62684,Critical
Prayagraj,25.4358,81.8463,3.6405618,Low
Thane,19.2183,72.9781,1.3469695,Low
Khordha,20.1734,85.6745,91.54016,Critical
Tumakuru,13.3409,77.101,21.239124,Low
Aurangabad,19.8762,75.3433,0.7851021,Low
Angul,20.8444,85.1511,95.01783,Critical
Mysuru,12.2958,76.6394,2.3656619,Low
Belagavi,15.8497,74.4977,3.27286,Low
Lucknow,26.8467,80.9462,24.599804,Low
Nagpur,21.1458,79.0882,93.35592,Critical
Ballari,15.1394,76.9214,3.0744061,Low
Coimbatore,11.0168,76.9558,97.9738,Critical
Tumakuru,13.3409,77.101,7.7174215,Low
Angul,20.8444,85.1511,21.54768,Low
Gautam Buddha Nagar,28.5355,77.391,97.436935,Critical
Vadodara,22.3072,73.1812,12.495645,Low
Varanasi,25.3176,82.9739,98.89372,Critical
Ahmedabad,23.0225,72.5714,2.0615842,Low
Thane,19.2183,72.9781,0.7968725,Low
Thane,19.2183,72.9781,3.4606497,Low
Ballari,15.1394,76.9214,8.402777,Low
Kanchipuram,12.8342,79.7036,99.47431,Critical
Aurangabad,19.8762,75.3433,3.3548813,Low
Ballari,15.1394,76.9214,14.281924,Low
Prayagraj,25.4358,81.8463,11.524845,Low
Nashik,19.9975,73.7898,0.5082713,Low
Prayagraj,25.4358,81.8463,1.1397849,Low
Varanasi,25.3176,82.9739,13.344644,Low
Salem,11.6643,78.146,3.908397,Low
Nashik,19.9975,73.7898,29.933792,Low
Prayagraj,25.4358,81.8463,87.6678,Critical
Salem,11.6643,78.146,6.597626,Low
Kanchipuram,12.8342,79.7036,98.02686,Critical
Pune,18.5204,73.8567,2.1848123,Low
Salem,11.6643,78.146,13.174817,Low
Nagpur,21.1458,79.0882,4.13375,Low
Thane,19.2183,72.9781,40.187275,Low
Vadodara,22.3072,73.1812,11.75228,Low
Agra,27.1767,78.0081,1.783369,Low
Khordha,20.1734,85.6745,87.398544,Critical
Pune,18.5204,73.8567,3.495403,Low
Prayagraj,25.4358,81.8463,1.3961618,Low
Salem,11.6643,78.146,5.37166,Low
Tumakuru,13.3409,77.101,0.8472239,Low
Nagpur,21.1458,79.0882,2.3630478,Low
Kanchipuram,12.8342,79.7036,0.6519855,Low
Coimbatore,11.0168,76.9558,9.943364,Low
Tiruvallur,13.1439,79.9089,89.0269,Critical
Madurai,9.9252,78.1198,86.06493,Critical
Coimbatore,11.0168,76.9558,4.796388,Low
Pune,18.5204,73.8567,12.264394,Low
Jajpur,20.85,86.333,97.87441,Critical
Vadodara,22.3072,73.1812,4.0793667,Low
Tiruvallur,13.1439,79.9089,92.88612,Critical
Coimbatore,11.0168,76.9558,7.6857076,Low
Ahmedabad,23.0225,72.5714,71.8343,High
Nagpur,21.1458,79.0882,99.175995,Critical
Lucknow,26.8467,80.9462,3.1639094,Low
Tumakuru,13.3409,77.101,4.228009,Low
Bengaluru Urban,12.9716,77.5946,5.6109705,Low
Prayagraj,25.4358,81.8463,1.072547,Low
Nashik,19.9975,73.7898,87.27067,Critical
Mysuru,12.2958,76.6394,0.48796716,Low
Vadodara,22.3072,73.1812,61.181026,Medium
Varanasi,25.3176,82.9739,7.1792016,Low
Sundargarh,22.1167,84.0333,85.57287,Critical
Aurangabad,19.8762,75.3433,72.82479,High
Varanasi,25.3176,82.9739,2.4047565,Low
Mysuru,12.2958,76.6394,4.6406198,Low
Nagpur,21.1458,79.0882,32.004864,Low
Kutch,23.7337,69.8597,0.6142629,Low
Nashik,19.9975,73.7898,5.393654,Low
Nagpur,21.1458,79.0882,8.868479,Low
Bharuch,21.7051,72.9959,94.4223,Critical
Salem,11.6643,78.146,64.55015,Medium
Vadodara,22.3072,73.1812,99.44172,Critical
Thane,19.2183,72.9781,0.93089885,Low
Surat,21.1702,72.8311,94.942154,Critical
Madurai,9.9252,78.1198,27.810839,Low
Agra,27.1767,78.0081,1.4312671,Low
Ahmedabad,23.0225,72.5714,8.436767,Low
Vadodara,22.3072,73.1812,2.8342457,Low
Thane,19.2183,72.9781,4.611406,Low
Gautam Buddha Nagar,28.5355,77.391,10.21069,Low
Khordha,20.1734,85.6745,5.09856,Low
Sundargarh,22.1167,84.0333,99.59616,Critical
Mysuru,12.2958,76.6394,3.096585,Low
Vadodara,22.3072,73.1812,68.2159,High
Kutch,23.7337,69.8597,6.171116,Low
Varanasi,25.3176,82.9739,0.75509095,Low
Coimbatore,11.0168,76.9558,96.01178,Critical
Sambalpur,21.4669,83.9812,96.979416,Critical
Ballari,15.1394,76.9214,5.534465,Low
Prayagraj,25.4358,81.8463,9.70556,Low
Ahmedabad,23.0225,72.5714,4.2041516,Low
Angul,20.8444,85.1511,69.06551,High
Bengaluru Urban,12.9716,77.5946,93.73034,Critical
Thane,19.2183,72.9781,20.109112,Low
Khordha,20.1734,85.6745,2.4074438,Low
Mysuru,12.2958,76.6394,42.447926,Low
Lucknow,26.8467,80.9462,9.495458,Low
Nagpur,21.1458,79.0882,93.17002,Critical
Tumakuru,13.3409,77.101,1.3393384,Low
Tumakuru,13.3409,77.101,98.223076,Critical
Vadodara,22.3072,73.1812,92.734634,Critical
Tiruvallur,13.1439,79.9089,4.2675185,Low
Khordha,20.1734,85.6745,16.204855,Low
Surat,21.1702,72.8311,16.96627,Low
Pune,18.5204,73.8567,91.82698,Critical
Kanchipuram,12.8342,79.7036,26.688412,Low
Ballari,15.1394,76.9214,91.20954,Critical
Bharuch,21.7051,72.9959,4.369117,Low
Madurai,9.9252,78.1198,10.56781,Low
Jajpur,20.85,86.333,1.5460533,Low
Pune,18.5204,73.8567,7.70436,Low
Gautam Buddha Nagar,28.5355,77.391,21.576218,Low
Bharuch,21.7051,72.9959,88.06304,Critical
Pune,18.5204,73.8567,6.0152516,Low
Gautam Buddha Nagar,28.5355,77.391,0.53829414,Low
Surat,21.1702,72.8311,4.223522,Low
Aurangabad,19.8762,75.3433,92.923775,Critical
Aurangabad,19.8762,75.3433,22.632946,Low
Madurai,9.9252,78.1198,89.77737,Critical
Vadodara,22.3072,73.1812,98.43513,Critical
Nagpur,21.1458,79.0882,13.310233,Low
Ballari,15.1394,76.9214,2.4617918,Low
Kutch,23.7337,69.8597,0.78725487,Low
Nagpur,21.1458,79.0882,4.443533,Low
Kanchipuram,12.8342,79.7036,18.976357,Low
Prayagraj,25.4358,81.8463,27.952974,Low
Gautam Buddha Nagar,28.5355,77.391,0.57363844,Low
Ballari,15.1394,76.9214,98.742676,Critical
Bharuch,21.7051,72.9959,2.1211822,Low
Salem,11.6643,78.146,8.196699,Low
Aurangabad,19.8762,75.3433,4.2862005,Low
Nashik,19.9975,73.7898,37.43218,Low
Varanasi,25.3176,82.9739,3.316058,Low
Tiruvallur,13.1439,79.9089,6.973432,Low
Belagavi,15.8497,74.4977,0.3828868,Low
Prayagraj,25.4358,81.8463,93.406075,Critical
Varanasi,25.3176,82.9739,3.7958064,Low
Mysuru,12.2958,76.6394,87.75028,Critical
Vadodara,22.3072,73.1812,34.453903,Low
Pune,18.5204,73.8567,4.5025945,Low
Ahmedabad,23.0225,72.5714,3.3738184,Low
Salem,11.6643,78.146,0.94761205,Low
Khordha,20.1734,85.6745,3.1029415,Low
Sambalpur,21.4669,83.9812,19.55122,Low
Sambalpur,21.4669,83.9812,96.558586,Critical
Mysuru,12.2958,76.6394,2.0478659,Low
Agra,27.1767,78.0081,16.225698,Low
Surat,21.1702,72.8311,1.6137239,Low
Nashik,19.9975,73.7898,24.31827,Low
Sambalpur,21.4669,83.9812,97.53788,Critical
Bharuch,21.7051,72.9959,95.59226,Critical
Khordha,20.1734,85.6745,0.6677741,Low
Sundargarh,22.1167,84.0333,4.667102,Low
Nagpur,21.1458,79.0882,1.0760878,Low
Madurai,9.9252,78.1198,95.98919,Critical
Tiruvallur,13.1439,79.9089,85.499435,Critical
Kanchipuram,12.8342,79.7036,3.3830776,Low
Mysuru,12.2958,76.6394,10.943302,Low
Lucknow,26.8467,80.9462,4.0116315,Low
Mysuru,12.2958,76.6394,15.132154,Low
Kutch,23.7337,69.8597,43.74735,Low
Mysuru,12.2958,76.6394,0.5307866,Low
Surat,21.1702,72.8311,2.3149378,Low
Ahmedabad,23.0225,72.5714,2.5738287,Low
Prayagraj,25.4358,81.8463,76.10022,High
Thane,19.2183,72.9781,97.769966,Critical
Gautam Buddha Nagar,28.5355,77.391,14.450383,Low
Kanchipuram,12.8342,79.7036,1.8719407,Low
Coimbatore,11.0168,76.9558,92.0364,Critical
Belagavi,15.8497,74.4977,99.65455,Critical
Surat,21.1702,72.8311,85.81303,Critical
Sambalpur,21.4669,83.9812,88.65245,Critical
Jajpur,20.85,86.333,1.1165378,Low
Ahmedabad,23.0225,72.5714,12.73731,Low
Agra,27.1767,78.0081,2.9707215,Low
Nashik,19.9975,73.7898,10.029985,Low
Varanasi,25.3176,82.9739,1.4592841,Low
Bharuch,21.7051,72.9959,75.08754,High
Ahmedabad,23.0225,72.5714,92.0535,Critical
Pune,18.5204,73.8567,95.218575,Critical
Tumakuru,13.3409,77.101,90.011826,Critical
Ballari,15.1394,76.9214,11.742052,Low
Nashik,19.9975,73.7898,1.9662447,Low
Ballari,15.1394,76.9214,65.20484,High
Sambalpur,21.4669,83.9812,99.14811,Critical
Ballari,15.1394,76.9214,3.931909,Low
Ballari,15.1394,76.9214,8.697622,Low
Bengaluru Urban,12.9716,77.5946,98.80566,Critical
Jajpur,20.85,86.333,4.4892187,Low
Tumakuru,13.3409,77.101,3.1470351,Low
Madurai,9.9252,78.1198,9.16352,Low
Angul,20.8444,85.1511,11.659466,Low
Pune,18.5204,73.8567,94.15399,Critical
Gautam Buddha Nagar,28.5355,77.391,1.7873708,Low
Nagpur,21.1458,79.0882,4.015944,Low
Prayagraj,25.4358,81.8463,13.446281,Low
Nagpur,21.1458,79.0882,5.0558157,Low
Salem,11.6643,78.146,6.1820755,Low
Agra,27.1767,78.0081,15.508251,Low
Varanasi,25.3176,82.9739,3.990211,Low
Ahmedabad,23.0225,72.5714,93.826416,Critical
Prayagraj,25.4358,81.8463,92.35607,Critical
Lucknow,26.8467,80.9462,95.42196,Critical
Ahmedabad,23.0225,72.5714,5.8509073,Low
Mysuru,12.2958,76.6394,97.96071,Critical
Ballari,15.1394,76.9214,5.1843195,Low
Bharuch,21.7051,72.9959,1.3222088,Low
Jajpur,20.85,86.333,3.302981,Low
Prayagraj,25.4358,81.8463,51.060802,Medium
Prayagraj,25.4358,81.8463,6.281796,Low
Bharuch,21.7051,72.9959,92.883354,Critical
Vadodara,22.3072,73.1812,8.054576,Low
Sambalpur,21.4669,83.9812,94.09654,Critical
Kanchipuram,12.8342,79.7036,20.83981,Low
Belagavi,15.8497,74.4977,95.23677,Critical
Thane,19.2183,72.9781,1.7218772,Low
Madurai,9.9252,78.1198,1.8744953,Low
Ballari,15.1394,76.9214,3.759302,Low
Lucknow,26.8467,80.9462,1.4452375,Low
Coimbatore,11.0168,76.9558,81.39484,Critical
Bharuch,21.7051,72.9959,8.043192,Low
Khordha,20.1734,85.6745,85.71566,Critical
Ballari,15.1394,76.9214,14.899256,Low
Sundargarh,22.1167,84.0333,0.9900162,Low
Bengaluru Urban,12.9716,77.5946,2.2628934,Low
Salem,11.6643,78.146,1.7194614,Low
Prayagraj,25.4358,81.8463,2.0521748,Low
Nashik,19.9975,73.7898,3.6001875,Low
Angul,20.8444,85.1511,7.594542,Low
Sambalpur,21.4669,83.9812,84.74722,Critical
Nagpur,21.1458,79.0882,8.256757,Low
Khordha,20.1734,85.6745,17.59568,Low
Khordha,20.1734,85.6745,2.596063,Low
Ballari,15.1394,76.9214,90.736755,Critical
Tumakuru,13.3409,77.101,12.938324,Low
Nashik,19.9975,73.7898,90.22951,Critical
Varanasi,25.3176,82.9739,98.410416,Critical
Madurai,9.9252,78.1198,0.4703613,Low
Coimbatore,11.0168,76.9558,74.56393,High
Khordha,20.1734,85.6745,4.2760434,Low
Agra,27.1767,78.0081,79.07895,High
Nagpur,21.1458,79.0882,13.357866,Low
Aurangabad,19.8762,75.3433,87.01722,Critical
Mysuru,12.2958,76.6394,76.46308,High
Angul,20.8444,85.1511,10.081375,Low
Kutch,23.7337,69.8597,0.40012565,Low
Nagpur,21.1458,79.0882,12.118794,Low
Jajpur,20.85,86.333,6.02198,Low
Prayagraj,25.4358,81.8463,95.53472,Critical
Mysuru,12.2958,76.6394,90.9974,Critical
Tiruvallur,13.1439,79.9089,0.74128735,Low
Agra,27.1767,78.0081,93.70856,Critical
Nagpur,21.1458,79.0882,9.299354,Low
Aurangabad,19.8762,75.3433,21.264265,Low
Gautam Buddha Nagar,28.5355,77.391,7.36105,Low
Pune,18.5204,73.8567,6.452644,Low
Sundargarh,22.1167,84.0333,99.60627,Critical
Nagpur,21.1458,79.0882,4.9490995,Low
Mysuru,12.2958,76.6394,1.7425675,Low
Sambalpur,21.4669,83.9812,4.752501,Low
Kutch,23.7337,69.8597,16.019447,Low
Thane,19.2183,72.9781,2.2804973,Low
Thane,19.2183,72.9781,30.120808,Low
Bengaluru Urban,12.9716,77.5946,99.37668,Critical
Tumakuru,13.3409,77.101,13.503563,Low
Salem,11.6643,78.146,83.15985,Critical
Gautam Buddha Nagar,28.5355,77.391,5.639804,Low
Gautam Buddha Nagar,28.5355,77.391,11.447405,Low
Lucknow,26.8467,80.9462,97.24218,Critical
Ballari,15.1394,76.9214,90.61335,Critical
Lucknow,26.8467,80.9462,0.5159919,Low
Agra,27.1767,78.0081,3.152886,Low
Bharuch,21.7051,72.9959,19.258131,Low
Agra,27.1767,78.0081,10.61133,Low
Nagpur,21.1458,79.0882,7.30967,Low
Tiruvallur,13.1439,79.9089,13.46709,Low
Ballari,15.1394,76.9214,93.404625,Critical
Sundargarh,22.1167,84.0333,3.121201,Low
Coimbatore,11.0168,76.9558,1.7702229,Low
Bharuch,21.7051,72.9959,57.216133,Medium
Tumakuru,13.3409,77.101,0.34358826,Low
Bengaluru Urban,12.9716,77.5946,1.4937611,Low
Thane,19.2183,72.9781,90.26983,Critical
Salem,11.6643,78.146,93.384346,Critical
Coimbatore,11.0168,76.9558,2.192155,Low
Varanasi,25.3176,82.9739,74.73534,High
Nagpur,21.1458,79.0882,3.9010816,Low
Prayagraj,25.4358,81.8463,1.086648,Low
Prayagraj,25.4358,81.8463,99.423615,Critical
Bengaluru Urban,12.9716,77.5946,2.1955197,Low
Coimbatore,11.0168,76.9558,72.48474,High
Agra,27.1767,78.0081,3.8906467,Low
Surat,21.1702,72.8311,5.667387,Low
Kutch,23.7337,69.8597,34.39348,Low
Coimbatore,11.0168,76.9558,9.954866,Low
Kutch,23.7337,69.8597,6.159804,Low
Belagavi,15.8497,74.4977,74.12706,High
Nashik,19.9975,73.7898,7.097812,Low
Khordha,20.1734,85.6745,98.23579,Critical
Agra,27.1767,78.0081,43.460846,Low
Sambalpur,21.4669,83.9812,39.197453,Low
Thane,19.2183,72.9781,52.79001,Medium
Nashik,19.9975,73.7898,7.3693895,Low
Belagavi,15.8497,74.4977,44.317898,Low
Ahmedabad,23.0225,72.5714,2.294554,Low
Surat,21.1702,72.8311,7.009816,Low
Nagpur,21.1458,79.0882,6.1100593,Low
Mysuru,12.2958,76.6394,1.7170423,Low
Bengaluru Urban,12.9716,77.5946,13.223269,Low
Salem,11.6643,78.146,94.4185,Critical
Varanasi,25.3176,82.9739,28.830246,Low
Ahmedabad,23.0225,72.5714,0.7237394,Low
Thane,19.2183,72.9781,92.89598,Critical
Coimbatore,11.0168,76.9558,3.7324455,Low
Khordha,20.1734,85.6745,92.25011,Critical
Bharuch,21.7051,72.9959,14.766977,Low
Varanasi,25.3176,82.9739,9.094271,Low
Belagavi,15.8497,74.4977,20.172884,Low
Pune,18.5204,73.8567,3.1872244,Low
Surat,21.1702,72.8311,11.770122,Low
Angul,20.8444,85.1511,99.11909,Critical
Varanasi,25.3176,82.9739,3.3412106,Low
Prayagraj,25.4358,81.8463,20.45177,Low
Salem,11.6643,78.146,2.3675256,Low
Ahmedabad,23.0225,72.5714,97.52225,Critical
Angul,20.8444,85.1511,0.953692,Low
Prayagraj,25.4358,81.8463,8.95638,Low
Aurangabad,19.8762,75.3433,12.049241,Low
Varanasi,25.3176,82.9739,2.0194016,Low
Sundargarh,22.1167,84.0333,6.995805,Low
Mysuru,12.2958,76.6394,14.793493,Low
Tumakuru,13.3409,77.101,1.4781013,Low
Tiruvallur,13.1439,79.9089,6.291405,Low
Kutch,23.7337,69.8597,16.831358,Low
Sundargarh,22.1167,84.0333,2.980149,Low
Coimbatore,11.0168,76.9558,97.86994,Critical
Varanasi,25.3176,82.9739,99.35736,Critical
Gautam Buddha Nagar,28.5355,77.391,81.955666,Critical
Ballari,15.1394,76.9214,25.165207,Low
Coimbatore,11.0168,76.9558,8.218788,Low
Ballari,15.1394,76.9214,91.256035,Critical
Nagpur,21.1458,79.0882,97.41177,Critical
Tumakuru,13.3409,77.101,72.75028,High
Aurangabad,19.8762,75.3433,36.24364,Low
Agra,27.1767,78.0081,97.36903,Critical
Kanchipuram,12.8342,79.7036,97.46921,Critical
Nashik,19.9975,73.7898,93.644295,Critical
Madurai,9.9252,78.1198,3.034745,Low
Coimbatore,11.0168,76.9558,94.388,Critical
Aurangabad,19.8762,75.3433,11.678251,Low
Ahmedabad,23.0225,72.5714,49.656124,Medium
Ballari,15.1394,76.9214,75.476036,High
Nagpur,21.1458,79.0882,39.810665,Low
Agra,27.1767,78.0081,1.2767497,Low
Salem,11.6643,78.146,9.0709505,Low
Jajpur,20.85,86.333,1.8294288,Low
Nagpur,21.1458,79.0882,6.2155223,Low
Belagavi,15.8497,74.4977,3.5897977,Low
Kanchipuram,12.8342,79.7036,10.487096,Low
Kutch,23.7337,69.8597,8.528859,Low
Prayagraj,25.4358,81.8463,5.0768566,Low
Bharuch,21.7051,72.9959,3.4501176,Low
Angul,20.8444,85.1511,90.4033,Critical
Thane,19.2183,72.9781,15.430262,Low
Kanchipuram,12.8342,79.7036,24.392914,Low
Nagpur,21.1458,79.0882,91.62594,Critical
Bengaluru Urban,12.9716,77.5946,15.610623,Low
Aurangabad,19.8762,75.3433,9.202913,Low
Varanasi,25.3176,82.9739,10.117885,Low
Khordha,20.1734,85.6745,0.86670256,Low
Bharuch,21.7051,72.9959,12.150506,Low
Sambalpur,21.4669,83.9812,6.154008,Low
Salem,11.6643,78.146,99.121254,Critical
Pune,18.5204,73.8567,96.72261,Critical
Madurai,9.9252,78.1198,53.044598,Medium
Kutch,23.7337,69.8597,3.5603375,Low
Salem,11.6643,78.146,4.556545,Low
Tumakuru,13.3409,77.101,25.626362,Low
Angul,20.8444,85.1511,50.994377,Medium
Ahmedabad,23.0225,72.5714,1.6444836,Low
Vadodara,22.3072,73.1812,85.54602,Critical
Bharuch,21.7051,72.9959,27.610926,Low
Prayagraj,25.4358,81.8463,2.296019,Low
Angul,20.8444,85.1511,1.8055544,Low
Madurai,9.9252,78.1198,2.9594061,Low
Surat,21.1702,72.8311,16.974314,Low
Sundargarh,22.1167,84.0333,1.8658555,Low
Vadodara,22.3072,73.1812,1.6508741,Low
Ballari,15.1394,76.9214,84.57694,Critical
Belagavi,15.8497,74.4977,0.9136889,Low
Tumakuru,13.3409,77.101,7.707066,Low
Aurangabad,19.8762,75.3433,4.279351,Low
Vadodara,22.3072,73.1812,14.72854,Low
Aurangabad,19.8762,75.3433,24.929989,Low
Sundargarh,22.1167,84.0333,47.21851,Medium
Thane,19.2183,72.9781,89.04986,Critical
Sundargarh,22.1167,84.0333,81.79899,Critical
Angul,20.8444,85.1511,20.411955,Low
Khordha,20.1734,85.6745,9.974785,Low
Coimbatore,11.0168,76.9558,1.3991977,Low
Nagpur,21.1458,79.0882,8.25354,Low
Tiruvallur,13.1439,79.9089,84.80417,Critical
Surat,21.1702,72.8311,97.65598,Critical
Aurangabad,19.8762,75.3433,2.6758153,Low
Vadodara,22.3072,73.1812,2.7428377,Low
Ahmedabad,23.0225,72.5714,51.041286,Medium
Sambalpur,21.4669,83.9812,23.848547,Low
Aurangabad,19.8762,75.3433,0.858086,Low
Kutch,23.7337,69.8597,1.4919555,Low
Ballari,15.1394,76.9214,5.703074,Low
Ahmedabad,23.0225,72.5714,10.024333,Low
Mysuru,12.2958,76.6394,5.695666,Low
Nagpur,21.1458,79.0882,4.0300407,Low
Madurai,9.9252,78.1198,92.91071,Critical
Nagpur,21.1458,79.0882,19.479208,Low
Coimbatore,11.0168,76.9558,0.98252714,Low
Madurai,9.9252,78.1198,1.3860031,Low
Nashik,19.9975,73.7898,1.1241374,Low
Surat,21.1702,72.8311,1.0413581,Low
Lucknow,26.8467,80.9462,6.7861686,Low
Surat,21.1702,72.8311,4.3325443,Low
Kutch,23.7337,69.8597,37.212772,Low
Khordha,20.1734,85.6745,3.486707,Low
Sundargarh,22.1167,84.0333,18.49051,Low
Bharuch,21.7051,72.9959,14.117546,Low
Tumakuru,13.3409,77.101,1.2084396,Low
Salem,11.6643,78.146,4.921735,Low
Khordha,20.1734,85.6745,15.685685,Low
Ahmedabad,23.0225,72.5714,60.566814,Medium
Varanasi,25.3176,82.9739,7.5847096,Low
Ballari,15.1394,76.9214,98.697655,Critical
Nashik,19.9975,73.7898,98.160385,Critical
Vadodara,22.3072,73.1812,98.58834,Critical
Ahmedabad,23.0225,72.5714,3.8929992,Low
Tiruvallur,13.1439,79.9089,88.15219,Critical
Ballari,15.1394,76.9214,10.611074,Low
Angul,20.8444,85.1511,13.530111,Low
Angul,20.8444,85.1511,4.5732555,Low
Sambalpur,21.4669,83.9812,8.010405,Low
Thane,19.2183,72.9781,76.09589,High
Ballari,15.1394,76.9214,81.746315,Critical
Tumakuru,13.3409,77.101,16.699348,Low
Sundargarh,22.1167,84.0333,95.20484,Critical
Sambalpur,21.4669,83.9812,3.6813207,Low
Tiruvallur,13.1439,79.9089,86.25421,Critical
Varanasi,25.3176,82.9739,92.67496,Critical
Agra,27.1767,78.0081,4.7684097,Low
Vadodara,22.3072,73.1812,94.40354,Critical
Bharuch,21.7051,72.9959,11.718198,Low
Belagavi,15.8497,74.4977,2.626728,Low
Ballari,15.1394,76.9214,3.2288182,Low
Pune,18.5204,73.8567,9.303599,Low
Nashik,19.9975,73.7898,89.70679,Critical
Gautam Buddha Nagar,28.5355,77.391,13.049166,Low
Bharuch,21.7051,72.9959,0.54217416,Low
Agra,27.1767,78.0081,98.93332,Critical
Prayagraj,25.4358,81.8463,96.97342,Critical
Vadodara,22.3072,73.1812,9.03303,Low
Nagpur,21.1458,79.0882,23.777895,Low
Coimbatore,11.0168,76.9558,74.71367,High
Coimbatore,11.0168,76.9558,97.49851,Critical
Salem,11.6643,78.146,73.65031,High
Ahmedabad,23.0225,72.5714,6.2378526,Low
Sundargarh,22.1167,84.0333,0.68751925,Low
Khordha,20.1734,85.6745,92.41859,Critical
Angul,20.8444,85.1511,1.7800953,Low
Tumakuru,13.3409,77.101,7.0935683,Low
Aurangabad,19.8762,75.3433,67.490265,High
Nagpur,21.1458,79.0882,1.5979339,Low
Ballari,15.1394,76.9214,8.098019,Low
Varanasi,25.3176,82.9739,7.158058,Low
Salem,11.6643,78.146,96.21276,Critical
Angul,20.8444,85.1511,83.30668,Critical
Tiruvallur,13.1439,79.9089,11.560424,Low
Jajpur,20.85,86.333,8.709724,Low
Salem,11.6643,78.146,19.209019,Low
Lucknow,26.8467,80.9462,78.035385,High
Kanchipuram,12.8342,79.7036,9.943368,Low
Kanchipuram,12.8342,79.7036,87.71799,Critical
Kutch,23.7337,69.8597,5.517025,Low
Tiruvallur,13.1439,79.9089,24.669418,Low
Bharuch,21.7051,72.9959,98.56506,Critical
Thane,19.2183,72.9781,80.80659,Critical
Tumakuru,13.3409,77.101,39.57876,Low
Madurai,9.9252,78.1198,98.19092,Critical
Nashik,19.9975,73.7898,97.87868,Critical
Ahmedabad,23.0225,72.5714,15.5625105,Low
Coimbatore,11.0168,76.9558,98.59024,Critical
Madurai,9.9252,78.1198,94.6086,Critical
Varanasi,25.3176,82.9739,6.1219378,Low
Pune,18.5204,73.8567,2.7921612,Low
Khordha,20.1734,85.6745,99.16556,Critical
Sundargarh,22.1167,84.0333,23.457888,Low
Prayagraj,25.4358,81.8463,97.76789,Critical
Surat,21.1702,72.8311,86.40367,Critical
Sambalpur,21.4669,83.9812,95.330414,Critical
Sambalpur,21.4669,83.9812,8.469417,Low
Tumakuru,13.3409,77.101,6.8315983,Low
Nashik,19.9975,73.7898,4.8628435,Low
Bharuch,21.7051,72.9959,1.720086,Low
Kanchipuram,12.8342,79.7036,11.470483,Low
Thane,19.2183,72.9781,5.969154,Low
Bharuch,21.7051,72.9959,98.1904,Critical
Sambalpur,21.4669,83.9812,5.307202,Low
Ballari,15.1394,76.9214,6.3305283,Low
Nagpur,21.1458,79.0882,3.411376,Low
Sundargarh,22.1167,84.0333,15.997388,Low
Kutch,23.7337,69.8597,20.201982,Low
Aurangabad,19.8762,75.3433,4.3387504,Low
Coimbatore,11.0168,76.9558,94.7266,Critical
Nashik,19.9975,73.7898,88.09725,Critical
Khordha,20.1734,85.6745,97.87178,Critical
Nagpur,21.1458,79.0882,96.71677,Critical
Tiruvallur,13.1439,79.9089,6.834576,Low
Mysuru,12.2958,76.6394,2.669725,Low
Mysuru,12.2958,76.6394,99.23671,Critical
Angul,20.8444,85.1511,95.93049,Critical
Vadodara,22.3072,73.1812,0.85261,Low
Jajpur,20.85,86.333,95.534424,Critical
Ballari,15.1394,76.9214,8.268413,Low
Lucknow,26.8467,80.9462,74.23388,High
Varanasi,25.3176,82.9739,30.793793,Low
Thane,19.2183,72.9781,24.71011,Low
Madurai,9.9252,78.1198,3.9848757,Low
Pune,18.5204,73.8567,1.2201275,Low
Lucknow,26.8467,80.9462,22.744202,Low
Mysuru,12.2958,76.6394,96.752045,Critical
Nashik,19.9975,73.7898,0.49053222,Low
Jajpur,20.85,86.333,89.00053,Critical
Kanchipuram,12.8342,79.7036,87.72595,Critical
Sambalpur,21.4669,83.9812,91.332695,Critical
Coimbatore,11.0168,76.9558,1.8320743,Low
Ballari,15.1394,76.9214,1.4497993,Low
Pune,18.5204,73.8567,99.13435,Critical
Tiruvallur,13.1439,79.9089,91.61942,Critical
Sambalpur,21.4669,83.9812,0.66406536,Low
Nagpur,21.1458,79.0882,88.54478,Critical
Nashik,19.9975,73.7898,14.656983,Low
Sundargarh,22.1167,84.0333,25.140724,Low
Lucknow,26.8467,80.9462,0.7071773,Low
Coimbatore,11.0168,76.9558,2.5191848,Low
Jajpur,20.85,86.333,85.25108,Critical
Tumakuru,13.3409,77.101,91.83276,Critical
Bharuch,21.7051,72.9959,59.497555,Medium
Jajpur,20.85,86.333,95.44181,Critical
Thane,19.2183,72.9781,96.23611,Critical
Nagpur,21.1458,79.0882,2.7599728,Low
Khordha,20.1734,85.6745,10.227287,Low
Ahmedabad,23.0225,72.5714,87.62874,Critical
Khordha,20.1734,85.6745,39.853252,Low
Ahmedabad,23.0225,72.5714,6.1083937,Low
Kutch,23.7337,69.8597,5.038616,Low
Bengaluru Urban,12.9716,77.5946,93.61731,Critical
Salem,11.6643,78.146,2.7319574,Low
Pune,18.5204,73.8567,10.82256,Low
Nashik,19.9975,73.7898,95.37934,Critical
Ahmedabad,23.0225,72.5714,2.341277,Low
Nagpur,21.1458,79.0882,98.713615,Critical
Lucknow,26.8467,80.9462,5.3300195,Low
Vadodara,22.3072,73.1812,5.92223,Low
Aurangabad,19.8762,75.3433,1.9498378,Low
Agra,27.1767,78.0081,79.198524,High
Tumakuru,13.3409,77.101,16.435034,Low
Nagpur,21.1458,79.0882,4.755228,Low
Gautam Buddha Nagar,28.5355,77.391,99.75746,Critical
Angul,20.8444,85.1511,96.024635,Critical
Coimbatore,11.0168,76.9558,87.60222,Critical
Khordha,20.1734,85.6745,5.4847555,Low
Prayagraj,25.4358,81.8463,96.81802,Critical
Vadodara,22.3072,73.1812,10.233675,Low
Vadodara,22.3072,73.1812,76.714584,High
Nagpur,21.1458,79.0882,24.311705,Low
Jajpur,20.85,86.333,2.7633915,Low
Kutch,23.7337,69.8597,98.589226,Critical
Bharuch,21.7051,72.9959,3.9720285,Low
Angul,20.8444,85.1511,94.603386,Critical
Mysuru,12.2958,76.6394,0.72803843,Low
Ahmedabad,23.0225,72.5714,97.40128,Critical
Madurai,9.9252,78.1198,77.42752,High
Agra,27.1767,78.0081,4.1136484,Low
Pune,18.5204,73.8567,0.5300107,Low
Surat,21.1702,72.8311,16.59559,Low
Tiruvallur,13.1439,79.9089,5.9128456,Low
Madurai,9.9252,78.1198,10.150091,Low
Ahmedabad,23.0225,72.5714,94.967606,Critical
Mysuru,12.2958,76.6394,4.079588,Low
Varanasi,25.3176,82.9739,91.308235,Critical
Nashik,19.9975,73.7898,94.32034,Critical
Ahmedabad,23.0225,72.5714,0.41648158,Low
Nashik,19.9975,73.7898,2.252551,Low
Sambalpur,21.4669,83.9812,95.3657,Critical
Salem,11.6643,78.146,93.60399,Critical
Kanchipuram,12.8342,79.7036,1.1824259,Low
Ahmedabad,23.0225,72.5714,97.64241,Critical
Ahmedabad,23.0225,72.5714,96.359215,Critical
Khordha,20.1734,85.6745,32.681797,Low
Mysuru,12.2958,76.6394,25.328136,Low
Kutch,23.7337,69.8597,95.01878,Critical
Coimbatore,11.0168,76.9558,58.907753,Medium
Aurangabad,19.8762,75.3433,50.608444,Medium
Gautam Buddha Nagar,28.5355,77.391,4.1975555,Low
Nashik,19.9975,73.7898,61.603893,Medium
Mysuru,12.2958,76.6394,90.16143,Critical
Gautam Buddha Nagar,28.5355,77.391,1.9468126,Low
Nashik,19.9975,73.7898,10.255371,Low
Pune,18.5204,73.8567,1.6755893,Low
Sambalpur,21.4669,83.9812,4.1323853,Low
Tumakuru,13.3409,77.101,98.10145,Critical
Tiruvallur,13.1439,79.9089,13.406828,Low
Khordha,20.1734,85.6745,93.787155,Critical
Gautam Buddha Nagar,28.5355,77.391,22.567327,Low
Tiruvallur,13.1439,79.9089,0.36566642,Low
Sundargarh,22.1167,84.0333,90.58918,Critical
Bengaluru Urban,12.9716,77.5946,15.244539,Low
Bharuch,21.7051,72.9959,16.06228,Low
Ahmedabad,23.0225,72.5714,7.4352784,Low
Varanasi,25.3176,82.9739,86.04169,Critical
Vadodara,22.3072,73.1812,0.40974185,Low
Sundargarh,22.1167,84.0333,15.585227,Low
Prayagraj,25.4358,81.8463,87.48483,Critical
Tiruvallur,13.1439,79.9089,4.8183384,Low
Belagavi,15.8497,74.4977,92.7207,Critical
Lucknow,26.8467,80.9462,94.43799,Critical
Kanchipuram,12.8342,79.7036,1.7417047,Low
Agra,27.1767,78.0081,73.0696,High
Nagpur,21.1458,79.0882,78.28373,High
Thane,19.2183,72.9781,20.689322,Low
Varanasi,25.3176,82.9739,12.976752,Low
Kutch,23.7337,69.8597,0.48088628,Low
Nashik,19.9975,73.7898,85.81151,Critical
Bengaluru Urban,12.9716,77.5946,2.4603136,Low
Salem,11.6643,78.146,39.735985,Low
Sundargarh,22.1167,84.0333,95.23622,Critical
Nashik,19.9975,73.7898,23.73694,Low
Varanasi,25.3176,82.9739,97.24367,Critical
Bharuch,21.7051,72.9959,6.1338253,Low
Sambalpur,21.4669,83.9812,1.239692,Low
Coimbatore,11.0168,76.9558,26.086464,Low
Madurai,9.9252,78.1198,1.5366914,Low
Thane,19.2183,72.9781,93.08361,Critical
Madurai,9.9252,78.1198,39.9766,Low
Tiruvallur,13.1439,79.9089,2.028113,Low
Vadodara,22.3072,73.1812,1.3098211,Low
Surat,21.1702,72.8311,1.1042751,Low
Surat,21.1702,72.8311,92.581764,Critical
Agra,27.1767,78.0081,1.8620238,Low
Kanchipuram,12.8342,79.7036,2.4501371,Low
Kanchipuram,12.8342,79.7036,97.57861,Critical
Coimbatore,11.0168,76.9558,98.885895,Critical
Mysuru,12.2958,76.6394,0.7001014,Low
Ahmedabad,23.0225,72.5714,17.838264,Low
Sambalpur,21.4669,83.9812,4.509228,Low
Nagpur,21.1458,79.0882,8.919131,Low
Sambalpur,21.4669,83.9812,2.110677,Low
Agra,27.1767,78.0081,6.018406,Low
Prayagraj,25.4358,81.8463,89.13968,Critical
Kanchipuram,12.8342,79.7036,13.912046,Low
Khordha,20.1734,85.6745,1.2777972,Low
Salem,11.6643,78.146,88.125,Critical
Belagavi,15.8497,74.4977,91.23841,Critical
Agra,27.1767,78.0081,10.299141,Low
Varanasi,25.3176,82.9739,2.431606,Low
Sambalpur,21.4669,83.9812,92.0711,Critical
Agra,27.1767,78.0081,20.16097,Low
Mysuru,12.2958,76.6394,34.040752,Low
Bengaluru Urban,12.9716,77.5946,3.8092062,Low
Ballari,15.1394,76.9214,13.6298685,Low
Pune,18.5204,73.8567,9.781037,Low
Bengaluru Urban,12.9716,77.5946,2.521311,Low
Tumakuru,13.3409,77.101,1.0184261,Low
Pune,18.5204,73.8567,9.815374,Low
Coimbatore,11.0168,76.9558,13.386787,Low
Bharuch,21.7051,72.9959,42.97986,Low
Gautam Buddha Nagar,28.5355,77.391,3.5225086,Low
Belagavi,15.8497,74.4977,6.188041,Low
Prayagraj,25.4358,81.8463,1.5640961,Low
Jajpur,20.85,86.333,4.3915772,Low
Prayagraj,25.4358,81.8463,19.216328,Low
Coimbatore,11.0168,76.9558,81.06766,Critical
Aurangabad,19.8762,75.3433,98.81229,Critical
Prayagraj,25.4358,81.8463,1.4196483,Low
Prayagraj,25.4358,81.8463,54.927242,Medium
Gautam Buddha Nagar,28.5355,77.391,97.928474,Critical
Ahmedabad,23.0225,72.5714,2.6711378,Low
Ahmedabad,23.0225,72.5714,10.820041,Low
Jajpur,20.85,86.333,1.2638223,Low
Nagpur,21.1458,79.0882,98.53581,Critical
Gautam Buddha Nagar,28.5355,77.391,76.86104,High
Prayagraj,25.4358,81.8463,0.8452682,Low
Prayagraj,25.4358,81.8463,2.0140214,Low
Prayagraj,25.4358,81.8463,1.9649678,Low
Kutch,23.7337,69.8597,19.312521,Low
Salem,11.6643,78.146,92.08076,Critical
Tiruvallur,13.1439,79.9089,86.61803,Critical
Sundargarh,22.1167,84.0333,6.8534126,Low
Belagavi,15.8497,74.4977,15.6344595,Low
Pune,18.5204,73.8567,90.961494,Critical
Salem,11.6643,78.146,47.146305,Medium
Varanasi,25.3176,82.9739,8.698966,Low
Tiruvallur,13.1439,79.9089,38.195263,Low
Sambalpur,21.4669,83.9812,16.238564,Low
Bengaluru Urban,12.9716,77.5946,95.80363,Critical
Tiruvallur,13.1439,79.9089,1.8816524,Low
Sundargarh,22.1167,84.0333,16.951189,Low
Vadodara,22.3072,73.1812,2.4594235,Low
Bengaluru Urban,12.9716,77.5946,97.88863,Critical
Sundargarh,22.1167,84.0333,92.6643,Critical
Kanchipuram,12.8342,79.7036,82.34617,Critical
Surat,21.1702,72.8311,34.023663,Low
Sambalpur,21.4669,83.9812,92.20599,Critical
Angul,20.8444,85.1511,1.1037312,Low
Madurai,9.9252,78.1198,1.343827,Low
Belagavi,15.8497,74.4977,0.55231404,Low
Bharuch,21.7051,72.9959,10.661058,Low
Prayagraj,25.4358,81.8463,16.037708,Low
Nashik,19.9975,73.7898,91.230034,Critical
Belagavi,15.8497,74.4977,95.87364,Critical
Vadodara,22.3072,73.1812,98.3328,Critical
Jajpur,20.85,86.333,1.1215049,Low
Surat,21.1702,72.8311,93.808556,Critical
Nashik,19.9975,73.7898,95.394806,Critical
Madurai,9.9252,78.1198,92.010445,Critical
Nagpur,21.1458,79.0882,46.44332,Medium
Prayagraj,25.4358,81.8463,84.669655,Critical
Gautam Buddha Nagar,28.5355,77.391,3.9909444,Low
Nagpur,21.1458,79.0882,8.604199,Low
Mysuru,12.2958,76.6394,8.963586,Low
Bengaluru Urban,12.9716,77.5946,28.001717,Low
Sambalpur,21.4669,83.9812,1.4896431,Low
Prayagraj,25.4358,81.8463,3.3578773,Low
Jajpur,20.85,86.333,97.35034,Critical
Gautam Buddha Nagar,28.5355,77.391,1.287333,Low
Thane,19.2183,72.9781,98.53667,Critical
Mysuru,12.2958,76.6394,96.21485,Critical
Ballari,15.1394,76.9214,15.5569,Low
Nagpur,21.1458,79.0882,6.445642,Low
Khordha,20.1734,85.6745,30.397955,Low
Angul,20.8444,85.1511,96.77968,Critical
Surat,21.1702,72.8311,5.695866,Low
Gautam Buddha Nagar,28.5355,77.391,0.5614462,Low
Jajpur,20.85,86.333,99.05971,Critical
Nashik,19.9975,73.7898,92.42968,Critical
Khordha,20.1734,85.6745,11.020695,Low
Tumakuru,13.3409,77.101,97.2325,Critical
Gautam Buddha Nagar,28.5355,77.391,1.0111294,Low
Coimbatore,11.0168,76.9558,28.108927,Low
Surat,21.1702,72.8311,7.1080565,Low
Agra,27.1767,78.0081,75.59233,High
Bengaluru Urban,12.9716,77.5946,9.385515,Low
Mysuru,12.2958,76.6394,65.83778,High
Tumakuru,13.3409,77.101,99.60792,Critical
Belagavi,15.8497,74.4977,3.4681156,Low
Aurangabad,19.8762,75.3433,3.047933,Low
Kutch,23.7337,69.8597,1.4369162,Low
Kanchipuram,12.8342,79.7036,1.338825,Low
Bengaluru Urban,12.9716,77.5946,97.454796,Critical
Ballari,15.1394,76.9214,1.8776857,Low
Khordha,20.1734,85.6745,71.18712,High
Surat,21.1702,72.8311,8.180947,Low
Lucknow,26.8467,80.9462,1.6525054,Low
Vadodara,22.3072,73.1812,91.62803,Critical
Bharuch,21.7051,72.9959,7.9115257,Low
Coimbatore,11.0168,76.9558,3.008788,Low
Ahmedabad,23.0225,72.5714,93.98172,Critical
Kanchipuram,12.8342,79.7036,16.577023,Low
Mysuru,12.2958,76.6394,10.846874,Low
Mysuru,12.2958,76.6394,25.746595,Low
Pune,18.5204,73.8567,13.8780985,Low
Kanchipuram,12.8342,79.7036,92.433235,Critical
Coimbatore,11.0168,76.9558,2.2282107,Low
Agra,27.1767,78.0081,1.7605767,Low
Sundargarh,22.1167,84.0333,66.28109,High
Ahmedabad,23.0225,72.5714,97.78583,Critical
Prayagraj,25.4358,81.8463,67.29401,High
Madurai,9.9252,78.1198,1.4443264,Low
Gautam Buddha Nagar,28.5355,77.391,78.35869,High
Nashik,19.9975,73.7898,0.8933326,Low
Sambalpur,21.4669,83.9812,84.30576,Critical
Tiruvallur,13.1439,79.9089,0.93311733,Low
Madurai,9.9252,78.1198,98.63608,Critical
Bharuch,21.7051,72.9959,54.20978,Medium
Sambalpur,21.4669,83.9812,98.74164,Critical
Nashik,19.9975,73.7898,18.20773,Low
Belagavi,15.8497,74.4977,10.694475,Low
Agra,27.1767,78.0081,1.9453751,Low
Surat,21.1702,72.8311,2.8730242,Low
Coimbatore,11.0168,76.9558,98.54049,Critical
Bengaluru Urban,12.9716,77.5946,16.601377,Low
Nagpur,21.1458,79.0882,3.2794242,Low
Angul,20.8444,85.1511,95.4834,Critical
Varanasi,25.3176,82.9739,2.0771716,Low
Bharuch,21.7051,72.9959,82.33409,Critical
Coimbatore,11.0168,76.9558,48.367325,Medium
Tiruvallur,13.1439,79.9089,14.73057,Low
Mysuru,12.2958,76.6394,8.866646,Low
Tumakuru,13.3409,77.101,61.378185,Medium
Varanasi,25.3176,82.9739,93.77845,Critical
Sundargarh,22.1167,84.0333,95.70567,Critical
Aurangabad,19.8762,75.3433,3.269797,Low
Sambalpur,21.4669,83.9812,4.6366806,Low
Khordha,20.1734,85.6745,22.167257,Low
Jajpur,20.85,86.333,33.956245,Low
Lucknow,26.8467,80.9462,91.539375,Critical
Prayagraj,25.4358,81.8463,10.834313,Low
Nagpur,21.1458,79.0882,82.7149,Critical
Khordha,20.1734,85.6745,77.14015,High
Lucknow,26.8467,80.9462,10.037088,Low
Nagpur,21.1458,79.0882,10.650096,Low
Coimbatore,11.0168,76.9558,2.5050879,Low
Nashik,19.9975,73.7898,79.9639,High
Jajpur,20.85,86.333,5.6329765,Low
Kutch,23.7337,69.8597,44.2908,Low
Sambalpur,21.4669,83.9812,1.9505975,Low
Surat,21.1702,72.8311,11.509867,Low
Nagpur,21.1458,79.0882,90.54286,Critical
Madurai,9.9252,78.1198,79.14828,High
Madurai,9.9252,78.1198,97.09242,Critical
Varanasi,25.3176,82.9739,75.13795,High
Salem,11.6643,78.146,86.92071,Critical
Belagavi,15.8497,74.4977,1.3394878,Low
Thane,19.2183,72.9781,1.4972228,Low
Lucknow,26.8467,80.9462,5.7192945,Low
Coimbatore,11.0168,76.9558,6.3805094,Low
Pune,18.5204,73.8567,12.341902,Low
Sambalpur,21.4669,83.9812,2.0970051,Low
Tiruvallur,13.1439,79.9089,85.966995,Critical
Surat,21.1702,72.8311,1.8042697,Low
Thane,19.2183,72.9781,3.935278,Low
Varanasi,25.3176,82.9739,89.43593,Critical
Sambalpur,21.4669,83.9812,6.34342,Low
Tumakuru,13.3409,77.101,0.36861187,Low
Jajpur,20.85,86.333,5.1877437,Low
Tiruvallur,13.1439,79.9089,92.72594,Critical
Bharuch,21.7051,72.9959,7.241893,Low
Khordha,20.1734,85.6745,6.8122587,Low
Tumakuru,13.3409,77.101,73.35126,High
Lucknow,26.8467,80.9462,35.444256,Low
Pune,18.5204,73.8567,15.674371,Low
Vadodara,22.3072,73.1812,1.1777188,Low
Bengaluru Urban,12.9716,77.5946,1.9081324,Low
Coimbatore,11.0168,76.9558,31.444254,Low
Madurai,9.9252,78.1198,94.771286,Critical
Tiruvallur,13.1439,79.9089,1.0097591,Low
Ahmedabad,23.0225,72.5714,1.920419,Low
Khordha,20.1734,85.6745,4.4366407,Low
Ahmedabad,23.0225,72.5714,1.085757,Low
Coimbatore,11.0168,76.9558,5.614248,Low
Bengaluru Urban,12.9716,77.5946,92.24465,Critical
Aurangabad,19.8762,75.3433,89.82599,Critical
Aurangabad,19.8762,75.3433,35.945103,Low
Bharuch,21.7051,72.9959,11.261986,Low
Coimbatore,11.0168,76.9558,4.15226,Low
Prayagraj,25.4358,81.8463,3.9004962,Low
Vadodara,22.3072,73.1812,5.747867,Low
Salem,11.6643,78.146,24.163004,Low
Angul,20.8444,85.1511,11.723284,Low
Pune,18.5204,73.8567,2.954737,Low
Pune,18.5204,73.8567,98.94077,Critical
Thane,19.2183,72.9781,1.9499013,Low
Agra,27.1767,78.0081,1.1510189,Low
Tiruvallur,13.1439,79.9089,8.591481,Low
Kanchipuram,12.8342,79.7036,57.086765,Medium
Salem,11.6643,78.146,12.101983,Low
Tiruvallur,13.1439,79.9089,1.357049,Low
Gautam Buddha Nagar,28.5355,77.391,90.803894,Critical
Tumakuru,13.3409,77.101,78.58468,High
Surat,21.1702,72.8311,91.25493,Critical
Vadodara,22.3072,73.1812,5.0563045,Low
Salem,11.6643,78.146,78.10794,High
Sambalpur,21.4669,83.9812,9.490261,Low
Aurangabad,19.8762,75.3433,81.96239,Critical
Varanasi,25.3176,82.9739,28.638124,Low
Sundargarh,22.1167,84.0333,7.568542,Low
Angul,20.8444,85.1511,1.5955677,Low
Tiruvallur,13.1439,79.9089,41.898067,Low
Varanasi,25.3176,82.9739,78.93481,High
Vadodara,22.3072,73.1812,98.278564,Critical
Pune,18.5204,73.8567,5.6063,Low
Kutch,23.7337,69.8597,75.41926,High
Jajpur,20.85,86.333,3.6824048,Low
Thane,19.2183,72.9781,95.488594,Critical
Bengaluru Urban,12.9716,77.5946,2.0804896,Low
Sambalpur,21.4669,83.9812,49.737926,Medium
Ahmedabad,23.0225,72.5714,25.155445,Low
Vadodara,22.3072,73.1812,51.337986,Medium
Coimbatore,11.0168,76.9558,89.03434,Critical
Kutch,23.7337,69.8597,10.997315,Low
Gautam Buddha Nagar,28.5355,77.391,12.140523,Low
Sundargarh,22.1167,84.0333,71.253746,High
Nashik,19.9975,73.7898,93.219284,Critical
Vadodara,22.3072,73.1812,16.153078,Low
Salem,11.6643,78.146,98.271484,Critical
Madurai,9.9252,78.1198,0.79752177,Low
Ahmedabad,23.0225,72.5714,39.87489,Low
Agra,27.1767,78.0081,98.41161,Critical
Madurai,9.9252,78.1198,24.766136,Low
Aurangabad,19.8762,75.3433,15.828455,Low
Khordha,20.1734,85.6745,12.226149,Low
Mysuru,12.2958,76.6394,95.800186,Critical
Gautam Buddha Nagar,28.5355,77.391,5.067909,Low
Salem,11.6643,78.146,0.95451707,Low
Sundargarh,22.1167,84.0333,91.56043,Critical
Tumakuru,13.3409,77.101,23.450432,Low
Vadodara,22.3072,73.1812,8.305509,Low
Kutch,23.7337,69.8597,52.7819,Medium
Thane,19.2183,72.9781,15.653838,Low
Mysuru,12.2958,76.6394,88.39617,Critical
Vadodara,22.3072,73.1812,99.02715,Critical
Bharuch,21.7051,72.9959,51.904488,Medium
Kanchipuram,12.8342,79.7036,83.46648,Critical
Aurangabad,19.8762,75.3433,41.28123,Low
Jajpur,20.85,86.333,9.526072,Low
Vadodara,22.3072,73.1812,8.878839,Low
Prayagraj,25.4358,81.8463,91.01782,Critical
Prayagraj,25.4358,81.8463,5.03051,Low
Jajpur,20.85,86.333,1.6669612,Low
Mysuru,12.2958,76.6394,19.81333,Low
Nagpur,21.1458,79.0882,3.426588,Low
Coimbatore,11.0168,76.9558,1.1893674,Low
Prayagraj,25.4358,81.8463,11.038176,Low
Varanasi,25.3176,82.9739,9.584121,Low
Angul,20.8444,85.1511,90.96385,Critical
Bengaluru Urban,12.9716,77.5946,2.482079,Low
Ballari,15.1394,76.9214,2.3103266,Low
Khordha,20.1734,85.6745,31.090038,Low
Varanasi,25.3176,82.9739,8.683826,Low
Nashik,19.9975,73.7898,19.422516,Low
Prayagraj,25.4358,81.8463,93.664406,Critical
Belagavi,15.8497,74.4977,9.193775,Low
Salem,11.6643,78.146,52.78062,Medium
Prayagraj,25.4358,81.8463,2.9223285,Low
Aurangabad,19.8762,75.3433,8.245376,Low
Bharuch,21.7051,72.9959,3.9620955,Low
Prayagraj,25.4358,81.8463,27.711567,Low
Jajpur,20.85,86.333,0.33678,Low
Surat,21.1702,72.8311,19.185564,Low
Angul,20.8444,85.1511,12.059659,Low
Angul,20.8444,85.1511,81.00152,Critical
Sambalpur,21.4669,83.9812,1.438139,Low
Prayagraj,25.4358,81.8463,1.5110242,Low
Belagavi,15.8497,74.4977,1.4630244,Low
Bharuch,21.7051,72.9959,0.7532636,Low
Thane,19.2183,72.9781,29.504295,Low
Mysuru,12.2958,76.6394,1.0898596,Low
Varanasi,25.3176,82.9739,1.9205258,Low
Angul,20.8444,85.1511,87.10956,Critical
Thane,19.2183,72.9781,93.54763,Critical
Ahmedabad,23.0225,72.5714,1.7856764,Low
Belagavi,15.8497,74.4977,69.75025,High
Coimbatore,11.0168,76.9558,8.904381,Low
Bengaluru Urban,12.9716,77.5946,78.17828,High
Nashik,19.9975,73.7898,34.30919,Low
Gautam Buddha Nagar,28.5355,77.391,1.8604712,Low
Surat,21.1702,72.8311,87.946075,Critical
Nashik,19.9975,73.7898,10.1745405,Low
Angul,20.8444,85.1511,93.0651,Critical
Ahmedabad,23.0225,72.5714,68.84637,High
Mysuru,12.2958,76.6394,9.28415,Low
Nashik,19.9975,73.7898,86.35928,Critical
Mysuru,12.2958,76.6394,90.01041,Critical
Bengaluru Urban,12.9716,77.5946,85.29664,Critical
Tumakuru,13.3409,77.101,2.254118,Low
Agra,27.1767,78.0081,34.81436,Low
Bengaluru Urban,12.9716,77.5946,1.1209213,Low
Sundargarh,22.1167,84.0333,97.37955,Critical
Khordha,20.1734,85.6745,92.34454,Critical
Ahmedabad,23.0225,72.5714,96.38057,Critical
Kanchipuram,12.8342,79.7036,94.54816,Critical
Mysuru,12.2958,76.6394,4.869803,Low
Bengaluru Urban,12.9716,77.5946,13.809813,Low
Nagpur,21.1458,79.0882,1.8972613,Low
Agra,27.1767,78.0081,99.57954,Critical
Coimbatore,11.0168,76.9558,31.54018,Low
Kutch,23.7337,69.8597,79.70468,High
Kanchipuram,12.8342,79.7036,9.890139,Low
Mysuru,12.2958,76.6394,49.278976,Medium
Nashik,19.9975,73.7898,1.0720042,Low
Gautam Buddha Nagar,28.5355,77.391,8.3814535,Low
Vadodara,22.3072,73.1812,96.60284,Critical
Salem,11.6643,78.146,2.8184974,Low
Surat,21.1702,72.8311,4.6509633,Low
Bengaluru Urban,12.9716,77.5946,2.5369453,Low
Ahmedabad,23.0225,72.5714,81.321075,Critical
Aurangabad,19.8762,75.3433,75.30996,High
Vadodara,22.3072,73.1812,0.8304154,Low
Angul,20.8444,85.1511,4.694198,Low
Pune,18.5204,73.8567,13.309616,Low
Coimbatore,11.0168,76.9558,97.613945,Critical
Gautam Buddha Nagar,28.5355,77.391,15.304938,Low
Varanasi,25.3176,82.9739,6.6152744,Low
Tumakuru,13.3409,77.101,2.7354412,Low
Ballari,15.1394,76.9214,1.6072382,Low
Jajpur,20.85,86.333,0.49887985,Low
Salem,11.6643,78.146,7.1633315,Low
Varanasi,25.3176,82.9739,27.944916,Low
Gautam Buddha Nagar,28.5355,77.391,0.5260775,Low
Lucknow,26.8467,80.9462,0.7992254,Low
Prayagraj,25.4358,81.8463,1.0793773,Low
Surat,21.1702,72.8311,97.9229,Critical
Kanchipuram,12.8342,79.7036,97.55035,Critical
Nashik,19.9975,73.7898,14.49616,Low
Nagpur,21.1458,79.0882,1.0920931,Low
Khordha,20.1734,85.6745,2.7767012,Low
Bharuch,21.7051,72.9959,2.6126652,Low
Gautam Buddha Nagar,28.5355,77.391,97.412636,Critical
Agra,27.1767,78.0081,18.1413,Low
Mysuru,12.2958,76.6394,98.0605,Critical
Mysuru,12.2958,76.6394,98.97238,Critical
Khordha,20.1734,85.6745,99.16465,Critical
Agra,27.1767,78.0081,19.75173,Low
Sundargarh,22.1167,84.0333,93.597015,Critical
Kutch,23.7337,69.8597,35.611496,Low
Aurangabad,19.8762,75.3433,9.185586,Low
Agra,27.1767,78.0081,22.296375,Low
Madurai,9.9252,78.1198,86.39086,Critical
Kutch,23.7337,69.8597,97.89489,Critical
Agra,27.1767,78.0081,1.2142714,Low
Tiruvallur,13.1439,79.9089,3.541906,Low
Belagavi,15.8497,74.4977,2.3451877,Low
Angul,20.8444,85.1511,79.14234,High
Bengaluru Urban,12.9716,77.5946,96.948044,Critical
Nashik,19.9975,73.7898,10.355439,Low
Mysuru,12.2958,76.6394,14.164456,Low
Prayagraj,25.4358,81.8463,2.5073242,Low
Coimbatore,11.0168,76.9558,0.97873557,Low
Ballari,15.1394,76.9214,99.055466,Critical
Agra,27.1767,78.0081,96.850815,Critical
Nashik,19.9975,73.7898,52.34695,Medium
Madurai,9.9252,78.1198,14.251237,Low
Mysuru,12.2958,76.6394,98.9489,Critical
Angul,20.8444,85.1511,5.521201,Low
Khordha,20.1734,85.6745,0.9509214,Low
Kanchipuram,12.8342,79.7036,29.015076,Low
Khordha,20.1734,85.6745,6.404438,Low
Tumakuru,13.3409,77.101,85.7102,Critical
Mysuru,12.2958,76.6394,17.390203,Low
Madurai,9.9252,78.1198,7.572958,Low
Belagavi,15.8497,74.4977,3.7754276,Low
Agra,27.1767,78.0081,2.3648806,Low
Thane,19.2183,72.9781,12.124976,Low
Angul,20.8444,85.1511,6.196834,Low
Gautam Buddha Nagar,28.5355,77.391,3.889364,Low
Tiruvallur,13.1439,79.9089,7.294374,Low
Khordha,20.1734,85.6745,9.867318,Low
Varanasi,25.3176,82.9739,1.9342797,Low
Bengaluru Urban,12.9716,77.5946,0.80034107,Low
Coimbatore,11.0168,76.9558,0.99949956,Low
Salem,11.6643,78.146,30.038124,Low
Khordha,20.1734,85.6745,96.78693,Critical
Bengaluru Urban,12.9716,77.5946,96.49114,Critical
Sambalpur,21.4669,83.9812,94.809265,Critical
Vadodara,22.3072,73.1812,3.6342924,Low
Prayagraj,25.4358,81.8463,69.83231,High
Surat,21.1702,72.8311,93.04952,Critical
Varanasi,25.3176,82.9739,97.62891,Critical
Thane,19.2183,72.9781,89.95863,Critical
Coimbatore,11.0168,76.9558,3.1827185,Low
Angul,20.8444,85.1511,7.048522,Low
Nagpur,21.1458,79.0882,4.74093,Low
Nashik,19.9975,73.7898,44.04965,Low
Kanchipuram,12.8342,79.7036,81.47054,Critical
Tiruvallur,13.1439,79.9089,5.0557685,Low
Lucknow,26.8467,80.9462,98.48822,Critical
Vadodara,22.3072,73.1812,82.122185,Critical
Mysuru,12.2958,76.6394,19.602417,Low
Gautam Buddha Nagar,28.5355,77.391,4.371177,Low
Bengaluru Urban,12.9716,77.5946,2.650895,Low
Aurangabad,19.8762,75.3433,1.5062672,Low
Belagavi,15.8497,74.4977,56.86833,Medium
Kutch,23.7337,69.8597,16.713589,Low
Gautam Buddha Nagar,28.5355,77.391,99.46036,Critical
Tiruvallur,13.1439,79.9089,0.8618012,Low
Surat,21.1702,72.8311,8.610373,Low
Bharuch,21.7051,72.9959,54.980827,Medium
Prayagraj,25.4358,81.8463,5.234313,Low
Salem,11.6643,78.146,94.20132,Critical
Bharuch,21.7051,72.9959,5.686228,Low
Madurai,9.9252,78.1198,46.686226,Medium
Sambalpur,21.4669,83.9812,82.12163,Critical
Sambalpur,21.4669,83.9812,0.8047727,Low
Angul,20.8444,85.1511,7.0134215,Low
Tumakuru,13.3409,77.101,8.761874,Low
Vadodara,22.3072,73.1812,73.46092,High
Varanasi,25.3176,82.9739,0.67836064,Low
Lucknow,26.8467,80.9462,2.7492952,Low
Tumakuru,13.3409,77.101,99.14956,Critical
Lucknow,26.8467,80.9462,50.97436,Medium
Jajpur,20.85,86.333,0.40228415,Low
Vadodara,22.3072,73.1812,0.5453887,Low
Varanasi,25.3176,82.9739,27.875107,Low
Prayagraj,25.4358,81.8463,2.83054,Low
Nashik,19.9975,73.7898,79.20085,High
Pune,18.5204,73.8567,19.503822,Low
Thane,19.2183,72.9781,90.732735,Critical
Kutch,23.7337,69.8597,0.5460352,Low
Sambalpur,21.4669,83.9812,1.3334436,Low
Tiruvallur,13.1439,79.9089,13.478526,Low
Khordha,20.1734,85.6745,2.910693,Low
Sundargarh,22.1167,84.0333,1.7090068,Low
Kutch,23.7337,69.8597,11.344353,Low
Kutch,23.7337,69.8597,0.7711916,Low
Aurangabad,19.8762,75.3433,78.94188,High
Prayagraj,25.4358,81.8463,90.850555,Critical
Mysuru,12.2958,76.6394,4.533382,Low
Bengaluru Urban,12.9716,77.5946,3.4140177,Low
Madurai,9.9252,78.1198,74.41549,High
Varanasi,25.3176,82.9739,93.76658,Critical
Coimbatore,11.0168,76.9558,5.4241633,Low
Thane,19.2183,72.9781,4.355498,Low
Madurai,9.9252,78.1198,20.582664,Low
Prayagraj,25.4358,81.8463,98.86509,Critical
Prayagraj,25.4358,81.8463,98.682434,Critical
Ballari,15.1394,76.9214,94.15011,Critical
Aurangabad,19.8762,75.3433,16.317404,Low
Surat,21.1702,72.8311,83.849785,Critical
Kanchipuram,12.8342,79.7036,1.5497259,Low
Bengaluru Urban,12.9716,77.5946,1.6405487,Low
Salem,11.6643,78.146,68.70894,High
Coimbatore,11.0168,76.9558,1.390183,Low
Kutch,23.7337,69.8597,2.7440083,Low
Pune,18.5204,73.8567,0.9313668,Low
Agra,27.1767,78.0081,0.3806526,Low
Jajpur,20.85,86.333,95.47377,Critical
Tiruvallur,13.1439,79.9089,7.067144,Low
Sambalpur,21.4669,83.9812,0.6525964,Low
Aurangabad,19.8762,75.3433,2.2826517,Low
Angul,20.8444,85.1511,0.49319863,Low
Salem,11.6643,78.146,6.7551403,Low
Vadodara,22.3072,73.1812,83.89527,Critical
Jajpur,20.85,86.333,18.361834,Low
Aurangabad,19.8762,75.3433,1.8605335,Low
Nashik,19.9975,73.7898,99.00377,Critical
Vadodara,22.3072,73.1812,84.31576,Critical
Sambalpur,21.4669,83.9812,3.220613,Low
Sundargarh,22.1167,84.0333,91.04927,Critical
Gautam Buddha Nagar,28.5355,77.391,94.61966,Critical
Bengaluru Urban,12.9716,77.5946,92.95208,Critical
Thane,19.2183,72.9781,9.871539,Low
Agra,27.1767,78.0081,4.6618433,Low
Nagpur,21.1458,79.0882,3.0992222,Low
Prayagraj,25.4358,81.8463,27.780605,Low
Mysuru,12.2958,76.6394,63.34733,Medium
Lucknow,26.8467,80.9462,69.41015,High
Nashik,19.9975,73.7898,18.529879,Low
Angul,20.8444,85.1511,5.4791307,Low
Pune,18.5204,73.8567,1.6119821,Low
Kanchipuram,12.8342,79.7036,92.90677,Critical
Bharuch,21.7051,72.9959,7.9062643,Low
Surat,21.1702,72.8311,94.2869,Critical
Madurai,9.9252,78.1198,94.39347,Critical
Vadodara,22.3072,73.1812,3.5029287,Low
Kutch,23.7337,69.8597,4.064647,Low
Bengaluru Urban,12.9716,77.5946,2.2897232,Low
Sundargarh,22.1167,84.0333,1.8316752,Low
Sundargarh,22.1167,84.0333,4.7680693,Low
Aurangabad,19.8762,75.3433,1.6943014,Low
Kanchipuram,12.8342,79.7036,1.4399076,Low
Prayagraj,25.4358,81.8463,0.86163783,Low
Nashik,19.9975,73.7898,89.21987,Critical
Nagpur,21.1458,79.0882,26.763323,Low
Nagpur,21.1458,79.0882,2.3216856,Low
Nashik,19.9975,73.7898,0.5572794,Low
Khordha,20.1734,85.6745,99.13525,Critical
Varanasi,25.3176,82.9739,97.88045,Critical
Thane,19.2183,72.9781,1.9244453,Low
Angul,20.8444,85.1511,3.1040003,Low
Pune,18.5204,73.8567,7.3235383,Low
Bharuch,21.7051,72.9959,4.1330743,Low
Aurangabad,19.8762,75.3433,0.88483125,Low
Kanchipuram,12.8342,79.7036,96.70526,Critical
Madurai,9.9252,78.1198,57.211746,Medium
Pune,18.5204,73.8567,78.146706,High
Tumakuru,13.3409,77.101,92.284134,Critical
Bharuch,21.7051,72.9959,5.84378,Low
Lucknow,26.8467,80.9462,8.558506,Low
Nashik,19.9975,73.7898,2.7665074,Low
Prayagraj,25.4358,81.8463,92.52633,Critical
Ahmedabad,23.0225,72.5714,0.9631928,Low
Nagpur,21.1458,79.0882,0.50861865,Low
Belagavi,15.8497,74.4977,0.7421707,Low
Jajpur,20.85,86.333,13.760485,Low
Mysuru,12.2958,76.6394,2.1982663,Low
Tumakuru,13.3409,77.101,5.679455,Low
Sundargarh,22.1167,84.0333,10.076023,Low
Angul,20.8444,85.1511,90.514366,Critical
Madurai,9.9252,78.1198,92.27605,Critical
Sundargarh,22.1167,84.0333,0.5733062,Low
Aurangabad,19.8762,75.3433,91.157974,Critical
Gautam Buddha Nagar,28.5355,77.391,2.5804274,Low
Salem,11.6643,78.146,45.80237,Medium
Tiruvallur,13.1439,79.9089,0.54582286,Low
Varanasi,25.3176,82.9739,5.8812203,Low
Salem,11.6643,78.146,13.065132,Low
Jajpur,20.85,86.333,97.65221,Critical
Bengaluru Urban,12.9716,77.5946,71.91489,High
Surat,21.1702,72.8311,2.7169962,Low
Sambalpur,21.4669,83.9812,95.80292,Critical
Bengaluru Urban,12.9716,77.5946,89.44537,Critical
Mysuru,12.2958,76.6394,0.45781237,Low
Coimbatore,11.0168,76.9558,3.1288092,Low
Nagpur,21.1458,79.0882,1.3327913,Low
Pune,18.5204,73.8567,2.4673398,Low
Coimbatore,11.0168,76.9558,4.3766584,Low
Tiruvallur,13.1439,79.9089,3.5399687,Low
Gautam Buddha Nagar,28.5355,77.391,0.47088325,Low
Prayagraj,25.4358,81.8463,9.6610365,Low
Ahmedabad,23.0225,72.5714,96.310646,Critical
Ahmedabad,23.0225,72.5714,7.647816,Low
Kutch,23.7337,69.8597,93.110855,Critical
Bharuch,21.7051,72.9959,11.121902,Low
Tumakuru,13.3409,77.101,0.8591109,Low
Tumakuru,13.3409,77.101,14.507625,Low
Prayagraj,25.4358,81.8463,36.350624,Low
Nashik,19.9975,73.7898,99.075356,Critical
Coimbatore,11.0168,76.9558,10.708142,Low
Aurangabad,19.8762,75.3433,13.378668,Low
Angul,20.8444,85.1511,13.393452,Low
Mysuru,12.2958,76.6394,2.9420156,Low
Ahmedabad,23.0225,72.5714,48.681065,Medium
Bharuch,21.7051,72.9959,57.71694,Medium
Jajpur,20.85,86.333,97.06155,Critical
Thane,19.2183,72.9781,3.4142056,Low
Vadodara,22.3072,73.1812,19.933268,Low
Nagpur,21.1458,79.0882,1.8714583,Low
Coimbatore,11.0168,76.9558,16.787376,Low
Sambalpur,21.4669,83.9812,0.82386184,Low
Pune,18.5204,73.8567,4.1049004,Low
Coimbatore,11.0168,76.9558,64.30328,Medium
Thane,19.2183,72.9781,12.597677,Low
Nashik,19.9975,73.7898,65.4388,High
Kutch,23.7337,69.8597,2.6129792,Low
Varanasi,25.3176,82.9739,98.3829,Critical
Mysuru,12.2958,76.6394,9.548129,Low
Nashik,19.9975,73.7898,91.74129,Critical
Nagpur,21.1458,79.0882,91.21314,Critical
Pune,18.5204,73.8567,94.77306,Critical
Gautam Buddha Nagar,28.5355,77.391,1.2875555,Low
Madurai,9.9252,78.1198,40.008514,Low
Khordha,20.1734,85.6745,11.131418,Low
Kutch,23.7337,69.8597,85.54218,Critical
Lucknow,26.8467,80.9462,12.224186,Low
Coimbatore,11.0168,76.9558,3.9216132,Low
Nashik,19.9975,73.7898,93.019325,Critical
Madurai,9.9252,78.1198,0.8808694,Low
Gautam Buddha Nagar,28.5355,77.391,6.7721786,Low
Prayagraj,25.4358,81.8463,32.207684,Low
Prayagraj,25.4358,81.8463,26.093119,Low
Khordha,20.1734,85.6745,2.6295915,Low
Bengaluru Urban,12.9716,77.5946,1.0253493,Low
Surat,21.1702,72.8311,81.12699,Critical
Jajpur,20.85,86.333,3.540007,Low
Sundargarh,22.1167,84.0333,97.98432,Critical
Belagavi,15.8497,74.4977,88.987045,Critical
Khordha,20.1734,85.6745,2.2161174,Low
Gautam Buddha Nagar,28.5355,77.391,1.2845958,Low
Agra,27.1767,78.0081,0.36716595,Low
Madurai,9.9252,78.1198,66.4063,High
Nagpur,21.1458,79.0882,84.87305,Critical
Jajpur,20.85,86.333,2.658639,Low
Nagpur,21.1458,79.0882,22.002527,Low
Kutch,23.7337,69.8597,53.131252,Medium
Varanasi,25.3176,82.9739,76.5839,High
Salem,11.6643,78.146,87.23481,Critical
Bharuch,21.7051,72.9959,13.945357,Low
Kanchipuram,12.8342,79.7036,5.3145623,Low
Belagavi,15.8497,74.4977,94.788246,Critical
Agra,27.1767,78.0081,2.6357005,Low
Bharuch,21.7051,72.9959,0.43242243,Low
Belagavi,15.8497,74.4977,35.039963,Low
Ahmedabad,23.0225,72.5714,7.543875,Low
Kanchipuram,12.8342,79.7036,0.5607917,Low
Belagavi,15.8497,74.4977,9.059355,Low
Mysuru,12.2958,76.6394,10.054889,Low
Gautam Buddha Nagar,28.5355,77.391,97.448524,Critical
Nagpur,21.1458,79.0882,2.9082692,Low
Coimbatore,11.0168,76.9558,19.793812,Low
Coimbatore,11.0168,76.9558,24.819166,Low
Mysuru,12.2958,76.6394,2.7158132,Low
Bengaluru Urban,12.9716,77.5946,2.8570147,Low
Agra,27.1767,78.0081,1.0872283,Low
Thane,19.2183,72.9781,99.71347,Critical
Kanchipuram,12.8342,79.7036,38.558792,Low
Jajpur,20.85,86.333,2.4670196,Low
Khordha,20.1734,85.6745,1.1047331,Low
Thane,19.2183,72.9781,99.63482,Critical
Kutch,23.7337,69.8597,44.38453,Low
Varanasi,25.3176,82.9739,2.3802543,Low
Nashik,19.9975,73.7898,15.424053,Low
Angul,20.8444,85.1511,76.43537,High
Tumakuru,13.3409,77.101,98.1942,Critical
Khordha,20.1734,85.6745,9.653863,Low
Bengaluru Urban,12.9716,77.5946,97.65322,Critical
Varanasi,25.3176,82.9739,95.09908,Critical
Bengaluru Urban,12.9716,77.5946,1.6264722,Low
Nashik,19.9975,73.7898,78.97076,High
Mysuru,12.2958,76.6394,95.93641,Critical
Bharuch,21.7051,72.9959,4.204143,Low
Aurangabad,19.8762,75.3433,5.2318006,Low
Agra,27.1767,78.0081,93.1947,Critical
Pune,18.5204,73.8567,4.766168,Low
Ahmedabad,23.0225,72.5714,3.2657351,Low
Agra,27.1767,78.0081,4.044731,Low
Angul,20.8444,85.1511,5.4148293,Low
Vadodara,22.3072,73.1812,98.33681,Critical
Lucknow,26.8467,80.9462,19.878412,Low
Belagavi,15.8497,74.4977,22.735348,Low
Aurangabad,19.8762,75.3433,5.5121536,Low
Agra,27.1767,78.0081,36.77313,Low
Nagpur,21.1458,79.0882,21.211931,Low
Tumakuru,13.3409,77.101,1.4071808,Low
Agra,27.1767,78.0081,0.9545139,Low
Sundargarh,22.1167,84.0333,94.972496,Critical
Ahmedabad,23.0225,72.5714,97.24065,Critical
Lucknow,26.8467,80.9462,98.80926,Critical
Belagavi,15.8497,74.4977,2.0511222,Low
Gautam Buddha Nagar,28.5355,77.391,8.450434,Low
Thane,19.2183,72.9781,86.66943,Critical
Madurai,9.9252,78.1198,93.88643,Critical
Lucknow,26.8467,80.9462,82.89911,Critical
Sambalpur,21.4669,83.9812,69.132385,High
Prayagraj,25.4358,81.8463,2.2927222,Low
Kutch,23.7337,69.8597,0.32991654,Low
Agra,27.1767,78.0081,0.8988024,Low
Tiruvallur,13.1439,79.9089,80.68861,Critical
Aurangabad,19.8762,75.3433,6.316112,Low
Gautam Buddha Nagar,28.5355,77.391,1.9665536,Low
Sambalpur,21.4669,83.9812,0.6493688,Low
Belagavi,15.8497,74.4977,19.35102,Low
Prayagraj,25.4358,81.8463,10.194041,Low
Agra,27.1767,78.0081,0.44747227,Low
Bharuch,21.7051,72.9959,2.039114,Low
Sundargarh,22.1167,84.0333,3.9753637,Low
Coimbatore,11.0168,76.9558,99.50706,Critical
Tumakuru,13.3409,77.101,2.1392028,Low
Pune,18.5204,73.8567,94.49055,Critical
Gautam Buddha Nagar,28.5355,77.391,97.32218,Critical
Kanchipuram,12.8342,79.7036,5.9682693,Low
Mysuru,12.2958,76.6394,12.333489,Low
Pune,18.5204,73.8567,2.613217,Low
Salem,11.6643,78.146,12.726006,Low
Angul,20.8444,85.1511,2.4158437,Low
Khordha,20.1734,85.6745,9.376561,Low
Belagavi,15.8497,74.4977,0.62373984,Low
Thane,19.2183,72.9781,24.40012,Low
Sundargarh,22.1167,84.0333,3.9274614,Low
Mysuru,12.2958,76.6394,98.36806,Critical
Angul,20.8444,85.1511,82.757614,Critical
Sundargarh,22.1167,84.0333,0.98059595,Low
Kanchipuram,12.8342,79.7036,99.504684,Critical
Tiruvallur,13.1439,79.9089,99.61179,Critical
Sambalpur,21.4669,83.9812,41.09102,Low
Kutch,23.7337,69.8597,70.3631,High
Kanchipuram,12.8342,79.7036,8.329151,Low
Nashik,19.9975,73.7898,11.291528,Low
Mysuru,12.2958,76.6394,2.2911499,Low
Mysuru,12.2958,76.6394,1.3930843,Low
Nashik,19.9975,73.7898,1.118315,Low
Aurangabad,19.8762,75.3433,11.679586,Low
Nagpur,21.1458,79.0882,81.711555,Critical
Nashik,19.9975,73.7898,0.6765331,Low
Varanasi,25.3176,82.9739,22.847643,Low
Mysuru,12.2958,76.6394,15.423531,Low
Lucknow,26.8467,80.9462,64.13772,Medium
Angul,20.8444,85.1511,0.29322767,Low
Angul,20.8444,85.1511,10.462198,Low
Mysuru,12.2958,76.6394,6.8388505,Low
Sundargarh,22.1167,84.0333,99.41518,Critical
Aurangabad,19.8762,75.3433,91.89128,Critical
Gautam Buddha Nagar,28.5355,77.391,13.03693,Low
Aurangabad,19.8762,75.3433,3.1871512,Low
Jajpur,20.85,86.333,16.383486,Low
Salem,11.6643,78.146,10.482507,Low
Lucknow,26.8467,80.9462,4.2340918,Low
Nagpur,21.1458,79.0882,99.729904,Critical
Mysuru,12.2958,76.6394,1.7807516,Low
Aurangabad,19.8762,75.3433,26.795086,Low
Tiruvallur,13.1439,79.9089,88.68832,Critical
Jajpur,20.85,86.333,83.275566,Critical
Lucknow,26.8467,80.9462,1.2878463,Low
Ballari,15.1394,76.9214,35.66099,Low
Gautam Buddha Nagar,28.5355,77.391,1.7345153,Low
Tumakuru,13.3409,77.101,5.6925235,Low
Prayagraj,25.4358,81.8463,8.34628,Low
Sundargarh,22.1167,84.0333,80.051735,Critical
Tumakuru,13.3409,77.101,8.464386,Low
Surat,21.1702,72.8311,5.3192105,Low
Lucknow,26.8467,80.9462,71.1177,High
Agra,27.1767,78.0081,43.57664,Low
Aurangabad,19.8762,75.3433,1.0143487,Low
Belagavi,15.8497,74.4977,90.34576,Critical
Salem,11.6643,78.146,64.19371,Medium
Surat,21.1702,72.8311,20.75569,Low
Angul,20.8444,85.1511,5.102489,Low
Thane,19.2183,72.9781,4.2961884,Low
Ahmedabad,23.0225,72.5714,2.0900257,Low
Bengaluru Urban,12.9716,77.5946,12.00351,Low
Ahmedabad,23.0225,72.5714,4.9072633,Low
Varanasi,25.3176,82.9739,73.15008,High
Agra,27.1767,78.0081,14.232016,Low
Thane,19.2183,72.9781,55.006165,Medium
Ballari,15.1394,76.9214,2.4705994,Low
Bengaluru Urban,12.9716,77.5946,91.89213,Critical
Surat,21.1702,72.8311,8.478477,Low
Nagpur,21.1458,79.0882,18.092896,Low
Belagavi,15.8497,74.4977,98.91641,Critical
Madurai,9.9252,78.1198,89.62581,Critical
Madurai,9.9252,78.1198,29.566055,Low
Gautam Buddha Nagar,28.5355,77.391,2.0100393,Low
Kutch,23.7337,69.8597,2.8665903,Low
Khordha,20.1734,85.6745,96.69298,Critical
Prayagraj,25.4358,81.8463,5.7509556,Low
Aurangabad,19.8762,75.3433,40.395893,Low
Ballari,15.1394,76.9214,2.3174105,Low
Gautam Buddha Nagar,28.5355,77.391,48.513966,Medium
Angul,20.8444,85.1511,1.1735075,Low
Khordha,20.1734,85.6745,15.628728,Low
Salem,11.6643,78.146,15.5532675,Low
Nagpur,21.1458,79.0882,1.0178787,Low
Varanasi,25.3176,82.9739,90.77856,Critical
Ahmedabad,23.0225,72.5714,2.5834026,Low
Lucknow,26.8467,80.9462,96.10704,Critical
Salem,11.6643,78.146,8.47285,Low
Angul,20.8444,85.1511,16.084557,Low
Nagpur,21.1458,79.0882,0.7447854,Low
Pune,18.5204,73.8567,92.83695,Critical
Bharuch,21.7051,72.9959,97.67347,Critical
Thane,19.2183,72.9781,1.3219612,Low
Salem,11.6643,78.146,17.137062,Low
Tiruvallur,13.1439,79.9089,2.5834162,Low
Kanchipuram,12.8342,79.7036,3.0646968,Low
Thane,19.2183,72.9781,99.448166,Critical
Pune,18.5204,73.8567,2.16076,Low
Salem,11.6643,78.146,8.587086,Low
Aurangabad,19.8762,75.3433,98.03453,Critical
Thane,19.2183,72.9781,2.7442381,Low
Sambalpur,21.4669,83.9812,98.62278,Critical
Gautam Buddha Nagar,28.5355,77.391,77.423386,High
Tumakuru,13.3409,77.101,3.5207663,Low
Nagpur,21.1458,79.0882,0.4638219,Low
Belagavi,15.8497,74.4977,94.43173,Critical
Mysuru,12.2958,76.6394,98.665825,Critical
Sundargarh,22.1167,84.0333,85.5992,Critical
Aurangabad,19.8762,75.3433,8.133079,Low
Coimbatore,11.0168,76.9558,3.975049,Low
Belagavi,15.8497,74.4977,21.266851,Low
Nagpur,21.1458,79.0882,19.422358,Low
Vadodara,22.3072,73.1812,76.4921,High
Tiruvallur,13.1439,79.9089,21.115873,Low
Ahmedabad,23.0225,72.5714,5.8927546,Low
Bharuch,21.7051,72.9959,96.27533,Critical
Ballari,15.1394,76.9214,8.884626,Low
Vadodara,22.3072,73.1812,4.560581,Low
Angul,20.8444,85.1511,98.54424,Critical
Sundargarh,22.1167,84.0333,89.66233,Critical
Belagavi,15.8497,74.4977,31.816833,Low
Aurangabad,19.8762,75.3433,0.72976255,Low
Lucknow,26.8467,80.9462,88.298584,Critical
Pune,18.5204,73.8567,76.70761,High
Nashik,19.9975,73.7898,1.6283617,Low
Thane,19.2183,72.9781,0.8502069,Low
Pune,18.5204,73.8567,0.762696,Low
Kanchipuram,12.8342,79.7036,13.177768,Low
Agra,27.1767,78.0081,1.4461465,Low
Kanchipuram,12.8342,79.7036,31.320704,Low
Kutch,23.7337,69.8597,15.846066,Low
Pune,18.5204,73.8567,97.84707,Critical
Sambalpur,21.4669,83.9812,9.820448,Low
Bengaluru Urban,12.9716,77.5946,5.8911715,Low
Belagavi,15.8497,74.4977,93.99892,Critical
Kanchipuram,12.8342,79.7036,2.8586633,Low
Madurai,9.9252,78.1198,1.9032667,Low
Khordha,20.1734,85.6745,2.848812,Low
Pune,18.5204,73.8567,89.05003,Critical
Gautam Buddha Nagar,28.5355,77.391,94.74673,Critical
Kutch,23.7337,69.8597,15.214893,Low
Bengaluru Urban,12.9716,77.5946,1.3312489,Low
Bharuch,21.7051,72.9959,4.8225193,Low
Agra,27.1767,78.0081,1.0011548,Low
Madurai,9.9252,78.1198,11.30363,Low
Belagavi,15.8497,74.4977,0.979379,Low
Bharuch,21.7051,72.9959,1.8182669,Low
Salem,11.6643,78.146,5.7963843,Low
Agra,27.1767,78.0081,0.967716,Low
Vadodara,22.3072,73.1812,95.40221,Critical
Aurangabad,19.8762,75.3433,97.83095,Critical
Coimbatore,11.0168,76.9558,2.780713,Low
Lucknow,26.8467,80.9462,5.017173,Low
Vadodara,22.3072,73.1812,1.4680868,Low
Nashik,19.9975,73.7898,2.307406,Low
Thane,19.2183,72.9781,1.3808767,Low
Prayagraj,25.4358,81.8463,2.8796022,Low
Sambalpur,21.4669,83.9812,1.2563871,Low
Ballari,15.1394,76.9214,95.4144,Critical
Agra,27.1767,78.0081,2.747652,Low
Nagpur,21.1458,79.0882,2.3708365,Low
Nashik,19.9975,73.7898,15.39486,Low
Prayagraj,25.4358,81.8463,1.2401497,Low
Jajpur,20.85,86.333,5.4152966,Low
Ballari,15.1394,76.9214,0.6805204,Low
Ahmedabad,23.0225,72.5714,8.704448,Low
Gautam Buddha Nagar,28.5355,77.391,0.42866343,Low
Tumakuru,13.3409,77.101,48.69197,Medium
Belagavi,15.8497,74.4977,2.7771602,Low
Kanchipuram,12.8342,79.7036,87.3935,Critical
Aurangabad,19.8762,75.3433,94.14326,Critical
Bharuch,21.7051,72.9959,0.55326295,Low
Agra,27.1767,78.0081,2.7299492,Low
Thane,19.2183,72.9781,4.656316,Low
Tiruvallur,13.1439,79.9089,6.981083,Low
Kanchipuram,12.8342,79.7036,87.39481,Critical
Nashik,19.9975,73.7898,8.8813925,Low
Khordha,20.1734,85.6745,87.95189,Critical
Bengaluru Urban,12.9716,77.5946,6.2209916,Low
Varanasi,25.3176,82.9739,80.54543,Critical
Lucknow,26.8467,80.9462,2.096916,Low
Prayagraj,25.4358,81.8463,3.3135235,Low
Pune,18.5204,73.8567,92.506615,Critical
Angul,20.8444,85.1511,22.733768,Low
Kutch,23.7337,69.8597,14.404537,Low
Tiruvallur,13.1439,79.9089,98.46355,Critical
Thane,19.2183,72.9781,5.525285,Low
Vadodara,22.3072,73.1812,2.1347375,Low
Salem,11.6643,78.146,1.3889416,Low
Tiruvallur,13.1439,79.9089,6.291695,Low
Jajpur,20.85,86.333,92.12863,Critical
Tumakuru,13.3409,77.101,97.20591,Critical
Varanasi,25.3176,82.9739,0.7388085,Low
Ahmedabad,23.0225,72.5714,94.57053,Critical
Nashik,19.9975,73.7898,6.0057564,Low
Surat,21.1702,72.8311,26.609432,Low
Mysuru,12.2958,76.6394,17.54812,Low
Lucknow,26.8467,80.9462,76.98401,High
Surat,21.1702,72.8311,11.402087,Low
Ballari,15.1394,76.9214,50.465954,Medium
Pune,18.5204,73.8567,20.170584,Low
Khordha,20.1734,85.6745,7.8592315,Low
Tiruvallur,13.1439,79.9089,2.5674968,Low
Pune,18.5204,73.8567,17.880156,Low
Prayagraj,25.4358,81.8463,9.778972,Low
Coimbatore,11.0168,76.9558,89.722565,Critical
Nagpur,21.1458,79.0882,2.2633562,Low
Thane,19.2183,72.9781,83.21006,Critical
Nagpur,21.1458,79.0882,17.499788,Low
Nashik,19.9975,73.7898,15.948801,Low
Madurai,9.9252,78.1198,2.5361145,Low
Lucknow,26.8467,80.9462,1.582344,Low
Mysuru,12.2958,76.6394,23.402613,Low
Bharuch,21.7051,72.9959,1.0783963,Low
Jajpur,20.85,86.333,14.137028,Low
Ahmedabad,23.0225,72.5714,96.04341,Critical
Bharuch,21.7051,72.9959,95.67404,Critical
Khordha,20.1734,85.6745,9.65717,Low
Coimbatore,11.0168,76.9558,2.8295453,Low
Gautam Buddha Nagar,28.5355,77.391,15.666038,Low
Jajpur,20.85,86.333,8.88597,Low
Prayagraj,25.4358,81.8463,2.1735241,Low
Madurai,9.9252,78.1198,5.8850713,Low
Surat,21.1702,72.8311,1.8369321,Low
Agra,27.1767,78.0081,15.888143,Low
Kanchipuram,12.8342,79.7036,4.4286838,Low
Madurai,9.9252,78.1198,94.905426,Critical
Tumakuru,13.3409,77.101,3.0421634,Low
Jajpur,20.85,86.333,2.028996,Low
Mysuru,12.2958,76.6394,85.73579,Critical
Vadodara,22.3072,73.1812,0.5288242,Low
Sambalpur,21.4669,83.9812,55.38862,Medium
Vadodara,22.3072,73.1812,98.393524,Critical
Belagavi,15.8497,74.4977,1.370285,Low
Kanchipuram,12.8342,79.7036,87.26491,Critical
Ahmedabad,23.0225,72.5714,21.133564,Low
Sambalpur,21.4669,83.9812,14.536625,Low
Angul,20.8444,85.1511,4.9757934,Low
Bharuch,21.7051,72.9959,5.3697457,Low
Jajpur,20.85,86.333,0.26387623,Low
Tiruvallur,13.1439,79.9089,98.503136,Critical
Coimbatore,11.0168,76.9558,2.3627968,Low
Sundargarh,22.1167,84.0333,2.9254558,Low
Bharuch,21.7051,72.9959,8.998163,Low
Ballari,15.1394,76.9214,17.414787,Low
Sundargarh,22.1167,84.0333,9.717119,Low
Sundargarh,22.1167,84.0333,96.60477,Critical
Khordha,20.1734,85.6745,99.46221,Critical
Khordha,20.1734,85.6745,1.7955823,Low
Kutch,23.7337,69.8597,1.2580465,Low
Belagavi,15.8497,74.4977,2.1261418,Low
Belagavi,15.8497,74.4977,4.3352723,Low
Lucknow,26.8467,80.9462,7.289771,Low
Sambalpur,21.4669,83.9812,77.12814,High
Sambalpur,21.4669,83.9812,2.9068906,Low
Lucknow,26.8467,80.9462,29.3977,Low
Tumakuru,13.3409,77.101,16.27451,Low
Pune,18.5204,73.8567,98.82471,Critical
Madurai,9.9252,78.1198,8.930433,Low
Aurangabad,19.8762,75.3433,11.792939,Low
Tumakuru,13.3409,77.101,2.854365,Low
Jajpur,20.85,86.333,98.089226,Critical
Nashik,19.9975,73.7898,98.997246,Critical
Ahmedabad,23.0225,72.5714,5.828487,Low
Bharuch,21.7051,72.9959,8.5201845,Low
Agra,27.1767,78.0081,0.7549902,Low
Mysuru,12.2958,76.6394,21.045376,Low
Belagavi,15.8497,74.4977,3.4049544,Low
Pune,18.5204,73.8567,5.903894,Low
Angul,20.8444,85.1511,3.1337163,Low
Mysuru,12.2958,76.6394,90.17127,Critical
Nagpur,21.1458,79.0882,4.0310936,Low
Nashik,19.9975,73.7898,7.0693707,Low
Coimbatore,11.0168,76.9558,3.276507,Low
Kanchipuram,12.8342,79.7036,1.9924822,Low
Mysuru,12.2958,76.6394,15.235784,Low
Nagpur,21.1458,79.0882,14.241622,Low
Prayagraj,25.4358,81.8463,3.008827,Low
Prayagraj,25.4358,81.8463,91.872894,Critical
Coimbatore,11.0168,76.9558,41.63452,Low
Mysuru,12.2958,76.6394,3.40412,Low
Jajpur,20.85,86.333,1.0055368,Low
Gautam Buddha Nagar,28.5355,77.391,1.9615667,Low
Gautam Buddha Nagar,28.5355,77.391,97.99202,Critical
Salem,11.6643,78.146,93.24972,Critical
Kanchipuram,12.8342,79.7036,18.873194,Low
Mysuru,12.2958,76.6394,97.93017,Critical
Salem,11.6643,78.146,83.074585,Critical
Ahmedabad,23.0225,72.5714,86.33083,Critical
Nagpur,21.1458,79.0882,51.660366,Medium
Prayagraj,25.4358,81.8463,94.50246,Critical
Ahmedabad,23.0225,72.5714,17.199255,Low
Khordha,20.1734,85.6745,2.642636,Low
Surat,21.1702,72.8311,99.03037,Critical
Mysuru,12.2958,76.6394,90.681595,Critical
Sundargarh,22.1167,84.0333,0.74799436,Low
Khordha,20.1734,85.6745,75.751625,High
Tiruvallur,13.1439,79.9089,74.21,High
Vadodara,22.3072,73.1812,22.193268,Low
Bengaluru Urban,12.9716,77.5946,93.9537,Critical
Varanasi,25.3176,82.9739,15.262861,Low
Salem,11.6643,78.146,99.17261,Critical
Kutch,23.7337,69.8597,2.3202603,Low
Lucknow,26.8467,80.9462,86.77433,Critical
Surat,21.1702,72.8311,24.834314,Low
Salem,11.6643,78.146,4.4600644,Low
Varanasi,25.3176,82.9739,99.08713,Critical
Kanchipuram,12.8342,79.7036,3.0713553,Low
Bharuch,21.7051,72.9959,96.796364,Critical
Sambalpur,21.4669,83.9812,0.27939928,Low
Nashik,19.9975,73.7898,41.861916,Low
Jajpur,20.85,86.333,97.81697,Critical
Tiruvallur,13.1439,79.9089,2.0208852,Low
Coimbatore,11.0168,76.9558,92.72844,Critical
Coimbatore,11.0168,76.9558,85.013824,Critical
Prayagraj,25.4358,81.8463,6.274151,Low
Belagavi,15.8497,74.4977,4.167956,Low
Coimbatore,11.0168,76.9558,3.6478467,Low
Sundargarh,22.1167,84.0333,1.1834124,Low
Nagpur,21.1458,79.0882,3.7230763,Low
Kanchipuram,12.8342,79.7036,3.080351,Low
Madurai,9.9252,78.1198,96.83718,Critical
Coimbatore,11.0168,76.9558,8.946001,Low
Prayagraj,25.4358,81.8463,2.0583947,Low
Salem,11.6643,78.146,3.487198,Low
Khordha,20.1734,85.6745,1.6580375,Low
Surat,21.1702,72.8311,6.141523,Low
Bengaluru Urban,12.9716,77.5946,12.605612,Low
Kanchipuram,12.8342,79.7036,97.14853,Critical
Lucknow,26.8467,80.9462,96.659676,Critical
Sambalpur,21.4669,83.9812,77.02794,High
Kanchipuram,12.8342,79.7036,5.4341273,Low
Agra,27.1767,78.0081,78.99425,High
Vadodara,22.3072,73.1812,94.5869,Critical
Nashik,19.9975,73.7898,55.580734,Medium
Salem,11.6643,78.146,81.49,Critical
Jajpur,20.85,86.333,0.79753995,Low
Agra,27.1767,78.0081,15.233156,Low
Gautam Buddha Nagar,28.5355,77.391,0.78207636,Low
Kanchipuram,12.8342,79.7036,78.27484,High
Lucknow,26.8467,80.9462,3.2812555,Low
Aurangabad,19.8762,75.3433,6.2056866,Low
Gautam Buddha Nagar,28.5355,77.391,0.9042142,Low
Bengaluru Urban,12.9716,77.5946,2.1387732,Low
Belagavi,15.8497,74.4977,1.6381582,Low
Gautam Buddha Nagar,28.5355,77.391,6.333619,Low
Madurai,9.9252,78.1198,92.93572,Critical
Belagavi,15.8497,74.4977,2.1794138,Low
Jajpur,20.85,86.333,5.6184287,Low
Mysuru,12.2958,76.6394,23.223326,Low
Varanasi,25.3176,82.9739,6.2677016,Low
Coimbatore,11.0168,76.9558,11.64133,Low
Surat,21.1702,72.8311,9.838894,Low
Salem,11.6643,78.146,1.4746478,Low
Madurai,9.9252,78.1198,99.388275,Critical
Madurai,9.9252,78.1198,99.502464,Critical
Jajpur,20.85,86.333,13.409654,Low
Nashik,19.9975,73.7898,3.4845855,Low
Agra,27.1767,78.0081,3.711224,Low
Pune,18.5204,73.8567,4.190289,Low
Bharuch,21.7051,72.9959,93.300255,Critical
Nagpur,21.1458,79.0882,6.3391223,Low
Agra,27.1767,78.0081,5.857126,Low
Varanasi,25.3176,82.9739,9.6558485,Low
Vadodara,22.3072,73.1812,1.123658,Low
Gautam Buddha Nagar,28.5355,77.391,12.945974,Low
Ahmedabad,23.0225,72.5714,4.046199,Low
Kutch,23.7337,69.8597,39.872257,Low
Lucknow,26.8467,80.9462,72.008255,High
Belagavi,15.8497,74.4977,15.996941,Low
Vadodara,22.3072,73.1812,98.905846,Critical
Gautam Buddha Nagar,28.5355,77.391,97.15612,Critical
Belagavi,15.8497,74.4977,29.658854,Low
Vadodara,22.3072,73.1812,90.62832,Critical
Bengaluru Urban,12.9716,77.5946,79.93137,High
Sundargarh,22.1167,84.0333,5.0548863,Low
Coimbatore,11.0168,76.9558,85.05202,Critical
Khordha,20.1734,85.6745,5.972809,Low
Belagavi,15.8497,74.4977,92.47261,Critical
Ahmedabad,23.0225,72.5714,2.6633773,Low
Agra,27.1767,78.0081,28.40456,Low
Nashik,19.9975,73.7898,1.3431414,Low
Varanasi,25.3176,82.9739,95.663536,Critical
Nagpur,21.1458,79.0882,11.423819,Low
Pune,18.5204,73.8567,97.07152,Critical
Surat,21.1702,72.8311,79.037766,High
Ballari,15.1394,76.9214,4.650663,Low
Agra,27.1767,78.0081,2.0053406,Low
Belagavi,15.8497,74.4977,28.153416,Low
Sundargarh,22.1167,84.0333,11.08509,Low
Vadodara,22.3072,73.1812,42.52719,Low
Surat,21.1702,72.8311,6.2147465,Low
Sambalpur,21.4669,83.9812,4.660839,Low
Agra,27.1767,78.0081,98.62367,Critical
Salem,11.6643,78.146,98.45761,Critical
Khordha,20.1734,85.6745,97.134125,Critical
Gautam Buddha Nagar,28.5355,77.391,2.87785,Low
Nashik,19.9975,73.7898,96.49807,Critical
Ahmedabad,23.0225,72.5714,72.959465,High
Prayagraj,25.4358,81.8463,10.643423,Low
Belagavi,15.8497,74.4977,0.43277568,Low
Mysuru,12.2958,76.6394,16.274,Low
Vadodara,22.3072,73.1812,22.718433,Low
Sundargarh,22.1167,84.0333,5.6684084,Low
Kanchipuram,12.8342,79.7036,8.404131,Low
Khordha,20.1734,85.6745,12.574074,Low
Lucknow,26.8467,80.9462,88.27357,Critical
Sambalpur,21.4669,83.9812,4.7605186,Low
Vadodara,22.3072,73.1812,97.62308,Critical
Agra,27.1767,78.0081,97.818794,Critical
Thane,19.2183,72.9781,95.765236,Critical
Khordha,20.1734,85.6745,17.561975,Low
Sambalpur,21.4669,83.9812,92.0909,Critical
Madurai,9.9252,78.1198,12.813675,Low
Lucknow,26.8467,80.9462,3.2689993,Low
Mysuru,12.2958,76.6394,99.31745,Critical
Khordha,20.1734,85.6745,0.9196409,Low
Surat,21.1702,72.8311,74.39233,High
Sambalpur,21.4669,83.9812,15.0338125,Low
Salem,11.6643,78.146,97.640205,Critical
Nashik,19.9975,73.7898,2.0518854,Low
Tiruvallur,13.1439,79.9089,9.41799,Low
Khordha,20.1734,85.6745,2.6986196,Low
Ballari,15.1394,76.9214,1.1180966,Low
Khordha,20.1734,85.6745,77.46994,High
Varanasi,25.3176,82.9739,4.445089,Low
Sundargarh,22.1167,84.0333,1.1006701,Low
Belagavi,15.8497,74.4977,1.244854,Low
Agra,27.1767,78.0081,90.922516,Critical
Kutch,23.7337,69.8597,3.2337909,Low
Gautam Buddha Nagar,28.5355,77.391,1.4139048,Low
Kanchipuram,12.8342,79.7036,0.62185365,Low
Nagpur,21.1458,79.0882,24.447462,Low
Madurai,9.9252,78.1198,1.9882613,Low
Prayagraj,25.4358,81.8463,2.686379,Low
Vadodara,22.3072,73.1812,2.2495942,Low
Sambalpur,21.4669,83.9812,38.01778,Low
Prayagraj,25.4358,81.8463,98.768166,Critical
Kanchipuram,12.8342,79.7036,3.6646523,Low
Prayagraj,25.4358,81.8463,99.685234,Critical
Prayagraj,25.4358,81.8463,4.5782876,Low
Gautam Buddha Nagar,28.5355,77.391,6.3179674,Low
Kutch,23.7337,69.8597,78.17841,High
Bengaluru Urban,12.9716,77.5946,0.63951707,Low
Tumakuru,13.3409,77.101,94.60567,Critical
Agra,27.1767,78.0081,0.5785669,Low
Ahmedabad,23.0225,72.5714,7.0954823,Low
Ahmedabad,23.0225,72.5714,3.0196066,Low
Prayagraj,25.4358,81.8463,25.74722,Low
Kanchipuram,12.8342,79.7036,95.87154,Critical
Coimbatore,11.0168,76.9558,4.925725,Low
Nagpur,21.1458,79.0882,7.99142,Low
Lucknow,26.8467,80.9462,6.0517507,Low
Pune,18.5204,73.8567,92.24588,Critical
Madurai,9.9252,78.1198,3.2232,Low
Madurai,9.9252,78.1198,11.3609915,Low
Agra,27.1767,78.0081,90.354126,Critical
Thane,19.2183,72.9781,2.6635578,Low
Aurangabad,19.8762,75.3433,97.63446,Critical
Agra,27.1767,78.0081,3.278941,Low
Aurangabad,19.8762,75.3433,14.953713,Low
Jajpur,20.85,86.333,1.5809754,Low
Coimbatore,11.0168,76.9558,4.0320115,Low
Belagavi,15.8497,74.4977,83.90555,Critical
Kutch,23.7337,69.8597,1.6012977,Low
Thane,19.2183,72.9781,86.94497,Critical
Pune,18.5204,73.8567,24.372305,Low
Vadodara,22.3072,73.1812,6.0953245,Low
Thane,19.2183,72.9781,49.491436,Medium
Ahmedabad,23.0225,72.5714,13.216337,Low
Varanasi,25.3176,82.9739,42.937492,Low
Sundargarh,22.1167,84.0333,1.8850213,Low
Khordha,20.1734,85.6745,0.6171076,Low
Tiruvallur,13.1439,79.9089,99.0648,Critical
Tumakuru,13.3409,77.101,21.248508,Low
Aurangabad,19.8762,75.3433,16.30759,Low
Belagavi,15.8497,74.4977,0.60166425,Low
Prayagraj,25.4358,81.8463,7.1230025,Low
Khordha,20.1734,85.6745,97.99085,Critical
Prayagraj,25.4358,81.8463,24.980515,Low
Prayagraj,25.4358,81.8463,87.7588,Critical
Thane,19.2183,72.9781,37.341995,Low
Gautam Buddha Nagar,28.5355,77.391,1.9361861,Low
Sambalpur,21.4669,83.9812,89.06179,Critical
Belagavi,15.8497,74.4977,3.0539153,Low
Khordha,20.1734,85.6745,96.53047,Critical
Nagpur,21.1458,79.0882,91.57638,Critical
Jajpur,20.85,86.333,94.64976,Critical
Kutch,23.7337,69.8597,95.40625,Critical
Bengaluru Urban,12.9716,77.5946,13.971617,Low
Surat,21.1702,72.8311,5.679346,Low
Kutch,23.7337,69.8597,4.2236795,Low
Salem,11.6643,78.146,92.964485,Critical
Nagpur,21.1458,79.0882,34.100567,Low
Varanasi,25.3176,82.9739,9.912433,Low
Bharuch,21.7051,72.9959,1.852708,Low
Angul,20.8444,85.1511,12.364698,Low
Agra,27.1767,78.0081,99.32195,Critical
Angul,20.8444,85.1511,2.578821,Low
Sundargarh,22.1167,84.0333,1.5329256,Low
Agra,27.1767,78.0081,88.65436,Critical
Prayagraj,25.4358,81.8463,1.2311827,Low
Angul,20.8444,85.1511,0.991169,Low
Nagpur,21.1458,79.0882,0.87628037,Low
Bengaluru Urban,12.9716,77.5946,23.561617,Low
Salem,11.6643,78.146,95.22895,Critical
Tumakuru,13.3409,77.101,3.309601,Low
Aurangabad,19.8762,75.3433,87.612686,Critical
Salem,11.6643,78.146,6.0611033,Low
Lucknow,26.8467,80.9462,2.0149229,Low
Madurai,9.9252,78.1198,17.223303,Low
Sambalpur,21.4669,83.9812,0.4746709,Low
Mysuru,12.2958,76.6394,0.6089318,Low
Coimbatore,11.0168,76.9558,3.9931822,Low
Sundargarh,22.1167,84.0333,93.58034,Critical
Nashik,19.9975,73.7898,95.68766,Critical
Coimbatore,11.0168,76.9558,56.428547,Medium
Angul,20.8444,85.1511,1.3384913,Low
Nashik,19.9975,73.7898,25.788658,Low
Agra,27.1767,78.0081,93.77835,Critical
Nagpur,21.1458,79.0882,97.89664,Critical
Pune,18.5204,73.8567,98.57169,Critical
Belagavi,15.8497,74.4977,94.44606,Critical
Khordha,20.1734,85.6745,82.620804,Critical
Tiruvallur,13.1439,79.9089,0.96674764,Low
Bengaluru Urban,12.9716,77.5946,4.01884,Low
Vadodara,22.3072,73.1812,80.07155,Critical
Aurangabad,19.8762,75.3433,2.137748,Low
Ahmedabad,23.0225,72.5714,1.9092113,Low
Ballari,15.1394,76.9214,1.3316561,Low
Angul,20.8444,85.1511,3.69416,Low
Ballari,15.1394,76.9214,12.040258,Low
Angul,20.8444,85.1511,4.5467362,Low
Sambalpur,21.4669,83.9812,80.67128,Critical
Prayagraj,25.4358,81.8463,91.84389,Critical
Nagpur,21.1458,79.0882,6.3177867,Low
Bengaluru Urban,12.9716,77.5946,88.79159,Critical
Sambalpur,21.4669,83.9812,13.318639,Low
Mysuru,12.2958,76.6394,83.14911,Critical
Belagavi,15.8497,74.4977,38.88372,Low
Khordha,20.1734,85.6745,3.2675092,Low
Coimbatore,11.0168,76.9558,9.947931,Low
Ahmedabad,23.0225,72.5714,78.512375,High
Thane,19.2183,72.9781,79.31354,High
Aurangabad,19.8762,75.3433,53.29609,Medium
Tiruvallur,13.1439,79.9089,97.233376,Critical
Varanasi,25.3176,82.9739,7.000021,Low
Coimbatore,11.0168,76.9558,13.23569,Low
Varanasi,25.3176,82.9739,1.0004107,Low
Varanasi,25.3176,82.9739,99.164024,Critical
Madurai,9.9252,78.1198,0.9876511,Low
Pune,18.5204,73.8567,19.616882,Low
Kutch,23.7337,69.8597,8.945252,Low
Thane,19.2183,72.9781,1.9927171,Low
Aurangabad,19.8762,75.3433,0.8417283,Low
Aurangabad,19.8762,75.3433,3.7431977,Low
Salem,11.6643,78.146,7.1209235,Low
Madurai,9.9252,78.1198,0.7756347,Low
Kanchipuram,12.8342,79.7036,91.813835,Critical
Nashik,19.9975,73.7898,97.726974,Critical
Vadodara,22.3072,73.1812,5.4638724,Low
Varanasi,25.3176,82.9739,8.410755,Low
Bengaluru Urban,12.9716,77.5946,2.5872378,Low
Agra,27.1767,78.0081,2.0197687,Low
Gautam Buddha Nagar,28.5355,77.391,87.31002,Critical
Bengaluru Urban,12.9716,77.5946,8.7590275,Low
Nagpur,21.1458,79.0882,99.581215,Critical
Bharuch,21.7051,72.9959,90.22784,Critical
Ahmedabad,23.0225,72.5714,9.268294,Low
Varanasi,25.3176,82.9739,26.72817,Low
Tumakuru,13.3409,77.101,0.7670846,Low
Sundargarh,22.1167,84.0333,0.83830655,Low
Aurangabad,19.8762,75.3433,83.77056,Critical
Varanasi,25.3176,82.9739,99.35105,Critical
Surat,21.1702,72.8311,9.866497,Low
Coimbatore,11.0168,76.9558,31.07462,Low
Kanchipuram,12.8342,79.7036,45.17035,Medium
Mysuru,12.2958,76.6394,97.512985,Critical
Belagavi,15.8497,74.4977,4.9449625,Low
Varanasi,25.3176,82.9739,95.2963,Critical
Sambalpur,21.4669,83.9812,98.3814,Critical
Kutch,23.7337,69.8597,2.7783003,Low
Lucknow,26.8467,80.9462,86.236084,Critical
Angul,20.8444,85.1511,97.16403,Critical
Ballari,15.1394,76.9214,0.6660424,Low
Tiruvallur,13.1439,79.9089,0.5068643,Low
Thane,19.2183,72.9781,38.649864,Low
Tiruvallur,13.1439,79.9089,6.948499,Low
Kutch,23.7337,69.8597,1.5314068,Low
Vadodara,22.3072,73.1812,10.071387,Low
Coimbatore,11.0168,76.9558,20.826088,Low
Madurai,9.9252,78.1198,0.9514393,Low
Angul,20.8444,85.1511,1.7863071,Low
Agra,27.1767,78.0081,8.6611,Low
Mysuru,12.2958,76.6394,1.6882734,Low
Angul,20.8444,85.1511,2.7015498,Low
Nashik,19.9975,73.7898,4.165138,Low
Salem,11.6643,78.146,33.585377,Low
Thane,19.2183,72.9781,10.379533,Low
Nashik,19.9975,73.7898,5.4667597,Low
Khordha,20.1734,85.6745,15.294411,Low
Belagavi,15.8497,74.4977,98.72012,Critical
Kutch,23.7337,69.8597,11.898797,Low
Varanasi,25.3176,82.9739,30.93346,Low
Kutch,23.7337,69.8597,18.190655,Low
Ballari,15.1394,76.9214,1.2600666,Low
Surat,21.1702,72.8311,32.784683,Low
Salem,11.6643,78.146,2.5553985,Low
Tiruvallur,13.1439,79.9089,93.78643,Critical
Khordha,20.1734,85.6745,99.36795,Critical
Pune,18.5204,73.8567,1.2639092,Low
Bengaluru Urban,12.9716,77.5946,5.276352,Low
Belagavi,15.8497,74.4977,15.201354,Low
Surat,21.1702,72.8311,89.275475,Critical
Angul,20.8444,85.1511,3.461108,Low
Ahmedabad,23.0225,72.5714,83.383835,Critical
Vadodara,22.3072,73.1812,1.0732716,Low
Bengaluru Urban,12.9716,77.5946,3.7028487,Low
Surat,21.1702,72.8311,19.567072,Low
Nashik,19.9975,73.7898,17.752829,Low
Bharuch,21.7051,72.9959,93.54484,Critical
Nashik,19.9975,73.7898,12.7123995,Low
Mysuru,12.2958,76.6394,7.5365767,Low
Sambalpur,21.4669,83.9812,93.04227,Critical
Kanchipuram,12.8342,79.7036,96.93465,Critical
Nashik,19.9975,73.7898,0.8995455,Low
Sambalpur,21.4669,83.9812,96.044136,Critical
Sambalpur,21.4669,83.9812,84.55971,Critical
Aurangabad,19.8762,75.3433,48.041965,Medium
Tumakuru,13.3409,77.101,2.4747214,Low
Lucknow,26.8467,80.9462,1.3992708,Low
Sambalpur,21.4669,83.9812,0.8458834,Low
Jajpur,20.85,86.333,94.21863,Critical
Bengaluru Urban,12.9716,77.5946,93.67651,Critical
Belagavi,15.8497,74.4977,6.622868,Low
Vadodara,22.3072,73.1812,96.40485,Critical
Mysuru,12.2958,76.6394,3.448924,Low
Jajpur,20.85,86.333,63.30717,Medium
Nagpur,21.1458,79.0882,0.61930513,Low
Varanasi,25.3176,82.9739,86.39063,Critical
Bharuch,21.7051,72.9959,4.3269444,Low
Nagpur,21.1458,79.0882,27.66934,Low
Agra,27.1767,78.0081,96.509926,Critical
Varanasi,25.3176,82.9739,28.213686,Low
Varanasi,25.3176,82.9739,95.619995,Critical
Tiruvallur,13.1439,79.9089,22.18845,Low
Aurangabad,19.8762,75.3433,80.36242,Critical
Bharuch,21.7051,72.9959,12.512376,Low
Ahmedabad,23.0225,72.5714,12.538247,Low
Varanasi,25.3176,82.9739,9.204611,Low
Thane,19.2183,72.9781,6.1568303,Low
Coimbatore,11.0168,76.9558,13.879047,Low
Gautam Buddha Nagar,28.5355,77.391,3.8591459,Low
Tumakuru,13.3409,77.101,6.4646773,Low
Vadodara,22.3072,73.1812,97.869804,Critical
Jajpur,20.85,86.333,0.67976475,Low
Prayagraj,25.4358,81.8463,2.0751746,Low
Mysuru,12.2958,76.6394,93.62882,Critical
Vadodara,22.3072,73.1812,16.997963,Low
Salem,11.6643,78.146,83.18361,Critical
Aurangabad,19.8762,75.3433,98.88319,Critical
Surat,21.1702,72.8311,0.9888727,Low
Aurangabad,19.8762,75.3433,79.43077,High
Nashik,19.9975,73.7898,96.45108,Critical
Coimbatore,11.0168,76.9558,76.98578,High
Tiruvallur,13.1439,79.9089,1.7828914,Low
Prayagraj,25.4358,81.8463,97.42321,Critical
Varanasi,25.3176,82.9739,0.98206335,Low
Kutch,23.7337,69.8597,13.217844,Low
Kanchipuram,12.8342,79.7036,37.99178,Low
Tumakuru,13.3409,77.101,92.70846,Critical
Surat,21.1702,72.8311,15.580061,Low
Angul,20.8444,85.1511,18.535826,Low
Pune,18.5204,73.8567,9.373719,Low
Nagpur,21.1458,79.0882,7.841746,Low
Lucknow,26.8467,80.9462,1.0753002,Low
Tumakuru,13.3409,77.101,0.30366656,Low
Coimbatore,11.0168,76.9558,1.7467811,Low
Salem,11.6643,78.146,0.9569956,Low
Lucknow,26.8467,80.9462,94.08176,Critical
Sundargarh,22.1167,84.0333,94.79646,Critical
Vadodara,22.3072,73.1812,84.0358,Critical
Vadodara,22.3072,73.1812,4.106485,Low
Mysuru,12.2958,76.6394,0.3842383,Low
Agra,27.1767,78.0081,95.496056,Critical
Gautam Buddha Nagar,28.5355,77.391,7.751131,Low
Jajpur,20.85,86.333,8.717257,Low
Bharuch,21.7051,72.9959,1.2906414,Low
Gautam Buddha Nagar,28.5355,77.391,0.38511118,Low
Salem,11.6643,78.146,2.9364986,Low
Tumakuru,13.3409,77.101,97.63955,Critical
Bharuch,21.7051,72.9959,3.2866926,Low
Khordha,20.1734,85.6745,98.37994,Critical
Tumakuru,13.3409,77.101,0.93327165,Low
Aurangabad,19.8762,75.3433,0.57791173,Low
Coimbatore,11.0168,76.9558,4.146286,Low
Sundargarh,22.1167,84.0333,1.4700333,Low
Belagavi,15.8497,74.4977,95.463264,Critical
Agra,27.1767,78.0081,2.120125,Low
Nagpur,21.1458,79.0882,65.72268,High
Sundargarh,22.1167,84.0333,92.29919,Critical
Prayagraj,25.4358,81.8463,1.5228201,Low
Salem,11.6643,78.146,0.6771438,Low
Aurangabad,19.8762,75.3433,1.5816944,Low
Bharuch,21.7051,72.9959,80.28147,Critical
Varanasi,25.3176,82.9739,30.547363,Low
Tumakuru,13.3409,77.101,2.3670585,Low
Sundargarh,22.1167,84.0333,2.910783,Low
Nagpur,21.1458,79.0882,89.34559,Critical
Agra,27.1767,78.0081,77.43595,High
Surat,21.1702,72.8311,0.70701957,Low
Khordha,20.1734,85.6745,0.5895161,Low
Angul,20.8444,85.1511,1.0803864,Low
Lucknow,26.8467,80.9462,2.1684892,Low
Ahmedabad,23.0225,72.5714,10.041883,Low
Tiruvallur,13.1439,79.9089,0.9221721,Low
Coimbatore,11.0168,76.9558,4.1823335,Low
Nagpur,21.1458,79.0882,97.865456,Critical
Lucknow,26.8467,80.9462,8.111363,Low
Nashik,19.9975,73.7898,92.70107,Critical
Tiruvallur,13.1439,79.9089,41.964382,Low
Jajpur,20.85,86.333,0.9458873,Low
Nagpur,21.1458,79.0882,53.23126,Medium
Bharuch,21.7051,72.9959,31.83797,Low
Bengaluru Urban,12.9716,77.5946,2.0232604,Low
Madurai,9.9252,78.1198,93.07945,Critical
Tiruvallur,13.1439,79.9089,11.547517,Low
Kutch,23.7337,69.8597,32.537796,Low
Nagpur,21.1458,79.0882,4.583801,Low
Agra,27.1767,78.0081,84.49874,Critical
Angul,20.8444,85.1511,7.742368,Low
Belagavi,15.8497,74.4977,96.07138,Critical
Gautam Buddha Nagar,28.5355,77.391,40.99873,Low
Gautam Buddha Nagar,28.5355,77.391,99.04094,Critical
Kutch,23.7337,69.8597,1.5889263,Low
Aurangabad,19.8762,75.3433,1.4109168,Low
Salem,11.6643,78.146,6.661673,Low
Salem,11.6643,78.146,1.8297007,Low
Ahmedabad,23.0225,72.5714,14.389674,Low
Nashik,19.9975,73.7898,1.3041328,Low
Ahmedabad,23.0225,72.5714,1.3385051,Low
Kanchipuram,12.8342,79.7036,95.65282,Critical
Lucknow,26.8467,80.9462,99.65266,Critical
Sambalpur,21.4669,83.9812,28.741741,Low
Thane,19.2183,72.9781,5.112723,Low
Tumakuru,13.3409,77.101,1.8436779,Low
Tumakuru,13.3409,77.101,2.0244756,Low
Gautam Buddha Nagar,28.5355,77.391,7.7561283,Low
Bharuch,21.7051,72.9959,2.1541297,Low
Ahmedabad,23.0225,72.5714,29.127445,Low
Coimbatore,11.0168,76.9558,13.223775,Low
Lucknow,26.8467,80.9462,92.801735,Critical
Salem,11.6643,78.146,93.193474,Critical
Coimbatore,11.0168,76.9558,15.140374,Low
Tumakuru,13.3409,77.101,1.0395523,Low
Salem,11.6643,78.146,98.32912,Critical
Salem,11.6643,78.146,3.9390516,Low
Belagavi,15.8497,74.4977,95.15456,Critical
Ahmedabad,23.0225,72.5714,99.15013,Critical
Thane,19.2183,72.9781,74.57062,High
Jajpur,20.85,86.333,3.1641617,Low
Coimbatore,11.0168,76.9558,94.86214,Critical
Aurangabad,19.8762,75.3433,1.5507877,Low
Belagavi,15.8497,74.4977,5.0521398,Low
Pune,18.5204,73.8567,10.303127,Low
Sundargarh,22.1167,84.0333,9.621267,Low
Aurangabad,19.8762,75.3433,15.746479,Low
Nashik,19.9975,73.7898,2.2887669,Low
Aurangabad,19.8762,75.3433,9.722774,Low
Nagpur,21.1458,79.0882,9.174027,Low
Prayagraj,25.4358,81.8463,9.942595,Low
Coimbatore,11.0168,76.9558,98.622246,Critical
Mysuru,12.2958,76.6394,2.1281302,Low
Jajpur,20.85,86.333,6.757408,Low
Bengaluru Urban,12.9716,77.5946,95.49568,Critical
Agra,27.1767,78.0081,5.7824063,Low
Lucknow,26.8467,80.9462,3.395441,Low
Prayagraj,25.4358,81.8463,28.561506,Low
Madurai,9.9252,78.1198,5.493426,Low
Varanasi,25.3176,82.9739,38.59799,Low
Nashik,19.9975,73.7898,3.156101,Low
Bengaluru Urban,12.9716,77.5946,11.707413,Low
Ahmedabad,23.0225,72.5714,97.02986,Critical
Khordha,20.1734,85.6745,2.295772,Low
Lucknow,26.8467,80.9462,11.847269,Low
Mysuru,12.2958,76.6394,10.45948,Low
Gautam Buddha Nagar,28.5355,77.391,98.04106,Critical
Salem,11.6643,78.146,8.612749,Low
Prayagraj,25.4358,81.8463,0.43356234,Low
Varanasi,25.3176,82.9739,95.48946,Critical
Agra,27.1767,78.0081,1.754706,Low
Agra,27.1767,78.0081,90.84932,Critical
Sambalpur,21.4669,83.9812,47.09173,Medium
Mysuru,12.2958,76.6394,0.80332106,Low
Tiruvallur,13.1439,79.9089,16.03997,Low
Agra,27.1767,78.0081,99.43551,Critical
Agra,27.1767,78.0081,25.895462,Low
Lucknow,26.8467,80.9462,12.045412,Low
Lucknow,26.8467,80.9462,0.6612172,Low
Nagpur,21.1458,79.0882,90.92328,Critical
Nashik,19.9975,73.7898,9.263063,Low
Kutch,23.7337,69.8597,81.94874,Critical
Gautam Buddha Nagar,28.5355,77.391,23.472233,Low
Surat,21.1702,72.8311,87.38635,Critical
Khordha,20.1734,85.6745,2.3292558,Low
Ahmedabad,23.0225,72.5714,0.9980564,Low
Mysuru,12.2958,76.6394,0.93986213,Low
Aurangabad,19.8762,75.3433,0.73717165,Low
Pune,18.5204,73.8567,76.091324,High
Gautam Buddha Nagar,28.5355,77.391,10.073756,Low
Varanasi,25.3176,82.9739,38.074482,Low
Sambalpur,21.4669,83.9812,79.96847,High
Madurai,9.9252,78.1198,10.720433,Low
Khordha,20.1734,85.6745,18.629375,Low
Ballari,15.1394,76.9214,5.9488354,Low
Varanasi,25.3176,82.9739,8.788391,Low
Varanasi,25.3176,82.9739,0.62042964,Low
Sundargarh,22.1167,84.0333,11.234213,Low
Jajpur,20.85,86.333,2.0482435,Low
Khordha,20.1734,85.6745,6.7448997,Low
Aurangabad,19.8762,75.3433,1.4846483,Low
Surat,21.1702,72.8311,94.30813,Critical
Ahmedabad,23.0225,72.5714,3.030441,Low
Gautam Buddha Nagar,28.5355,77.391,87.682816,Critical
Nashik,19.9975,73.7898,47.52896,Medium
Sambalpur,21.4669,83.9812,2.7972739,Low
Prayagraj,25.4358,81.8463,37.34889,Low
Nagpur,21.1458,79.0882,0.546943,Low
Belagavi,15.8497,74.4977,3.3898547,Low
Kanchipuram,12.8342,79.7036,1.9656198,Low
Aurangabad,19.8762,75.3433,23.15397,Low
Prayagraj,25.4358,81.8463,21.462755,Low
Surat,21.1702,72.8311,1.7729439,Low
Angul,20.8444,85.1511,4.2154384,Low
Kanchipuram,12.8342,79.7036,69.33948,High
Ballari,15.1394,76.9214,2.9010956,Low
Tiruvallur,13.1439,79.9089,30.721151,Low
Tiruvallur,13.1439,79.9089,65.15063,High
Thane,19.2183,72.9781,3.085611,Low
Varanasi,25.3176,82.9739,85.16062,Critical
Varanasi,25.3176,82.9739,82.92557,Critical
Coimbatore,11.0168,76.9558,0.84134275,Low
Jajpur,20.85,86.333,97.105736,Critical
Varanasi,25.3176,82.9739,97.79509,Critical
Tiruvallur,13.1439,79.9089,92.85913,Critical
Lucknow,26.8467,80.9462,6.302716,Low
Khordha,20.1734,85.6745,99.29525,Critical
Ballari,15.1394,76.9214,99.187805,Critical
Salem,11.6643,78.146,93.753075,Critical
Bharuch,21.7051,72.9959,86.95874,Critical
Vadodara,22.3072,73.1812,92.46823,Critical
Madurai,9.9252,78.1198,95.35076,Critical
Pune,18.5204,73.8567,93.37927,Critical
Ballari,15.1394,76.9214,73.86304,High
Nashik,19.9975,73.7898,99.746574,Critical
Kutch,23.7337,69.8597,93.56766,Critical
Angul,20.8444,85.1511,1.1129063,Low
Coimbatore,11.0168,76.9558,3.4162016,Low
Lucknow,26.8467,80.9462,73.42391,High
Bharuch,21.7051,72.9959,1.9493772,Low
Bengaluru Urban,12.9716,77.5946,89.417465,Critical
Kutch,23.7337,69.8597,13.179055,Low
Bengaluru Urban,12.9716,77.5946,3.2660432,Low
Mysuru,12.2958,76.6394,20.91329,Low
Madurai,9.9252,78.1198,6.3944044,Low
Tumakuru,13.3409,77.101,79.91943,High
Thane,19.2183,72.9781,3.07967,Low
Jajpur,20.85,86.333,98.193306,Critical
Kutch,23.7337,69.8597,98.26658,Critical
Angul,20.8444,85.1511,2.8838766,Low
Agra,27.1767,78.0081,78.542915,High
Bharuch,21.7051,72.9959,21.216274,Low
Khordha,20.1734,85.6745,43.74195,Low
Angul,20.8444,85.1511,7.0468545,Low
Madurai,9.9252,78.1198,99.117485,Critical
Salem,11.6643,78.146,83.442215,Critical
Lucknow,26.8467,80.9462,1.3067758,Low
Tumakuru,13.3409,77.101,11.933659,Low
Bharuch,21.7051,72.9959,26.824427,Low
Coimbatore,11.0168,76.9558,95.4998,Critical
Surat,21.1702,72.8311,1.7398801,Low
Gautam Buddha Nagar,28.5355,77.391,99.321625,Critical
Salem,11.6643,78.146,95.60179,Critical
Coimbatore,11.0168,76.9558,6.9806137,Low
Bengaluru Urban,12.9716,77.5946,90.16381,Critical
Bharuch,21.7051,72.9959,9.318748,Low
Vadodara,22.3072,73.1812,1.536954,Low
Kutch,23.7337,69.8597,68.95469,High
Mysuru,12.2958,76.6394,84.14925,Critical
Kanchipuram,12.8342,79.7036,1.0160878,Low
Agra,27.1767,78.0081,0.8638198,Low
Kutch,23.7337,69.8597,34.311424,Low
Jajpur,20.85,86.333,57.442783,Medium
Bengaluru Urban,12.9716,77.5946,2.2093043,Low
Aurangabad,19.8762,75.3433,20.186329,Low
Prayagraj,25.4358,81.8463,93.21053,Critical
Jajpur,20.85,86.333,1.3486979,Low
Kutch,23.7337,69.8597,83.16155,Critical
Nashik,19.9975,73.7898,12.027837,Low
Lucknow,26.8467,80.9462,1.2102832,Low
Ballari,15.1394,76.9214,2.5866055,Low
Nashik,19.9975,73.7898,96.86545,Critical
Salem,11.6643,78.146,2.4227629,Low
Aurangabad,19.8762,75.3433,71.683624,High
Angul,20.8444,85.1511,88.293335,Critical
Prayagraj,25.4358,81.8463,1.7232494,Low
Khordha,20.1734,85.6745,6.7364798,Low
Khordha,20.1734,85.6745,93.20923,Critical
Bharuch,21.7051,72.9959,96.831985,Critical
Belagavi,15.8497,74.4977,2.381643,Low
Pune,18.5204,73.8567,3.032341,Low
Varanasi,25.3176,82.9739,3.4162178,Low
Salem,11.6643,78.146,7.073846,Low
Tumakuru,13.3409,77.101,90.513664,Critical
Belagavi,15.8497,74.4977,12.200445,Low
Agra,27.1767,78.0081,13.516723,Low
Ballari,15.1394,76.9214,1.3922161,Low
Surat,21.1702,72.8311,16.20701,Low
Belagavi,15.8497,74.4977,0.8282479,Low
Surat,21.1702,72.8311,6.896764,Low
Nagpur,21.1458,79.0882,5.8533635,Low
Nagpur,21.1458,79.0882,42.95033,Low
Jajpur,20.85,86.333,89.27721,Critical
Ahmedabad,23.0225,72.5714,26.687536,Low
Madurai,9.9252,78.1198,0.7080755,Low
Pune,18.5204,73.8567,16.771755,Low
Belagavi,15.8497,74.4977,87.65516,Critical
Gautam Buddha Nagar,28.5355,77.391,9.240541,Low
Agra,27.1767,78.0081,65.81862,High
Vadodara,22.3072,73.1812,87.02701,Critical
Kanchipuram,12.8342,79.7036,3.996281,Low
Sambalpur,21.4669,83.9812,64.005295,Medium
Mysuru,12.2958,76.6394,6.7210226,Low
Vadodara,22.3072,73.1812,1.5502017,Low
Agra,27.1767,78.0081,4.5334415,Low
Surat,21.1702,72.8311,3.7257607,Low
Tumakuru,13.3409,77.101,96.85076,Critical
Madurai,9.9252,78.1198,94.31647,Critical
Salem,11.6643,78.146,89.64753,Critical
Aurangabad,19.8762,75.3433,88.10338,Critical
Belagavi,15.8497,74.4977,3.7514646,Low
Aurangabad,19.8762,75.3433,4.647788,Low
Nashik,19.9975,73.7898,11.398933,Low
Pune,18.5204,73.8567,8.073294,Low
Bharuch,21.7051,72.9959,93.07944,Critical
Agra,27.1767,78.0081,4.38966,Low
Salem,11.6643,78.146,93.943184,Critical
Surat,21.1702,72.8311,10.567157,Low
Gautam Buddha Nagar,28.5355,77.391,96.561485,Critical
Madurai,9.9252,78.1198,2.2628772,Low
Tumakuru,13.3409,77.101,6.8043804,Low
Coimbatore,11.0168,76.9558,21.007145,Low
Kanchipuram,12.8342,79.7036,97.128624,Critical
Tiruvallur,13.1439,79.9089,90.4215,Critical
Sundargarh,22.1167,84.0333,5.2986016,Low
Belagavi,15.8497,74.4977,97.61531,Critical
Surat,21.1702,72.8311,9.622221,Low
Bharuch,21.7051,72.9959,14.536187,Low
Prayagraj,25.4358,81.8463,9.671462,Low
Vadodara,22.3072,73.1812,7.242628,Low
Aurangabad,19.8762,75.3433,19.841234,Low
Kanchipuram,12.8342,79.7036,2.8485324,Low
Vadodara,22.3072,73.1812,2.3673804,Low
Gautam Buddha Nagar,28.5355,77.391,14.57018,Low
Agra,27.1767,78.0081,15.171278,Low
Aurangabad,19.8762,75.3433,18.32232,Low
Varanasi,25.3176,82.9739,93.35067,Critical
Angul,20.8444,85.1511,51.191036,Medium
Coimbatore,11.0168,76.9558,69.8641,High
Kanchipuram,12.8342,79.7036,81.78968,Critical
Coimbatore,11.0168,76.9558,2.7762463,Low
Belagavi,15.8497,74.4977,82.66465,Critical
Bharuch,21.7051,72.9959,2.9881053,Low
Jajpur,20.85,86.333,12.481919,Low
Kutch,23.7337,69.8597,3.6781297,Low
Khordha,20.1734,85.6745,89.74235,Critical
Bharuch,21.7051,72.9959,0.9580809,Low
Nashik,19.9975,73.7898,82.58887,Critical
Prayagraj,25.4358,81.8463,3.7645087,Low
Lucknow,26.8467,80.9462,4.7462616,Low
Aurangabad,19.8762,75.3433,0.79719025,Low
Sundargarh,22.1167,84.0333,17.771683,Low
Belagavi,15.8497,74.4977,2.2913396,Low
Jajpur,20.85,86.333,31.609493,Low
Agra,27.1767,78.0081,2.8823142,Low
Ballari,15.1394,76.9214,2.9932594,Low
Kutch,23.7337,69.8597,88.434814,Critical
Bengaluru Urban,12.9716,77.5946,11.63143,Low
Sundargarh,22.1167,84.0333,99.49629,Critical
Aurangabad,19.8762,75.3433,59.4749,Medium
Vadodara,22.3072,73.1812,12.331307,Low
Khordha,20.1734,85.6745,2.1244075,Low
Kutch,23.7337,69.8597,85.28822,Critical
Mysuru,12.2958,76.6394,89.365135,Critical
Prayagraj,25.4358,81.8463,80.789215,Critical
Jajpur,20.85,86.333,36.87922,Low
Nashik,19.9975,73.7898,99.401024,Critical
Belagavi,15.8497,74.4977,21.280863,Low
Sundargarh,22.1167,84.0333,3.0542874,Low
Aurangabad,19.8762,75.3433,3.57207,Low
Sambalpur,21.4669,83.9812,43.171116,Low
Tumakuru,13.3409,77.101,81.92808,Critical
Khordha,20.1734,85.6745,0.4548376,Low
Ahmedabad,23.0225,72.5714,93.494125,Critical
Ballari,15.1394,76.9214,0.6771771,Low
Sundargarh,22.1167,84.0333,4.0687995,Low
Lucknow,26.8467,80.9462,97.98049,Critical
Khordha,20.1734,85.6745,24.522587,Low
Kutch,23.7337,69.8597,96.37047,Critical
Nagpur,21.1458,79.0882,13.412788,Low
Nagpur,21.1458,79.0882,2.8689127,Low
Nagpur,21.1458,79.0882,3.1815562,Low
Agra,27.1767,78.0081,9.330636,Low
Surat,21.1702,72.8311,16.618212,Low
Ballari,15.1394,76.9214,0.64566404,Low
Thane,19.2183,72.9781,87.837234,Critical
Kutch,23.7337,69.8597,11.358883,Low
Sundargarh,22.1167,84.0333,17.66605,Low
Lucknow,26.8467,80.9462,94.62846,Critical
Ahmedabad,23.0225,72.5714,2.9255037,Low
Ahmedabad,23.0225,72.5714,89.85206,Critical
Ballari,15.1394,76.9214,16.539566,Low
Vadodara,22.3072,73.1812,98.48605,Critical
Ballari,15.1394,76.9214,21.559486,Low
Lucknow,26.8467,80.9462,2.0899525,Low
Lucknow,26.8467,80.9462,8.126803,Low
Sambalpur,21.4669,83.9812,95.20123,Critical
Tumakuru,13.3409,77.101,4.0700603,Low
Belagavi,15.8497,74.4977,1.8742635,Low
Thane,19.2183,72.9781,87.12879,Critical
Thane,19.2183,72.9781,75.70927,High
Sambalpur,21.4669,83.9812,2.231925,Low
Gautam Buddha Nagar,28.5355,77.391,0.631804,Low
Tiruvallur,13.1439,79.9089,4.93669,Low
Thane,19.2183,72.9781,0.9961387,Low
Bharuch,21.7051,72.9959,2.8254838,Low
Lucknow,26.8467,80.9462,2.8206868,Low
Madurai,9.9252,78.1198,1.1865107,Low
Kutch,23.7337,69.8597,5.938448,Low
Tumakuru,13.3409,77.101,0.94798553,Low
Prayagraj,25.4358,81.8463,4.4379125,Low
Sambalpur,21.4669,83.9812,7.297071,Low
Tumakuru,13.3409,77.101,0.5741116,Low
Bengaluru Urban,12.9716,77.5946,48.256207,Medium
Vadodara,22.3072,73.1812,98.58046,Critical
Bengaluru Urban,12.9716,77.5946,28.16681,Low
Aurangabad,19.8762,75.3433,88.62575,Critical
Gautam Buddha Nagar,28.5355,77.391,11.023926,Low
Aurangabad,19.8762,75.3433,2.7903574,Low
Ahmedabad,23.0225,72.5714,72.031075,High
Kanchipuram,12.8342,79.7036,86.600174,Critical
Vadodara,22.3072,73.1812,1.1864302,Low
Gautam Buddha Nagar,28.5355,77.391,0.7264741,Low
Ballari,15.1394,76.9214,5.0093307,Low
Angul,20.8444,85.1511,31.893345,Low
Ahmedabad,23.0225,72.5714,94.99314,Critical
Lucknow,26.8467,80.9462,3.023831,Low
Jajpur,20.85,86.333,1.8519106,Low
Tumakuru,13.3409,77.101,0.9077682,Low
Tiruvallur,13.1439,79.9089,96.342766,Critical
Bharuch,21.7051,72.9959,1.1685722,Low
Salem,11.6643,78.146,7.2839804,Low
Prayagraj,25.4358,81.8463,90.811035,Critical
Madurai,9.9252,78.1198,1.0341276,Low
Madurai,9.9252,78.1198,12.191899,Low
Varanasi,25.3176,82.9739,96.87982,Critical
Agra,27.1767,78.0081,90.423874,Critical
Vadodara,22.3072,73.1812,96.51742,Critical
Madurai,9.9252,78.1198,25.471714,Low
Sambalpur,21.4669,83.9812,2.480482,Low
Lucknow,26.8467,80.9462,7.57146,Low
Mysuru,12.2958,76.6394,86.969345,Critical
Salem,11.6643,78.146,2.9763865,Low
Varanasi,25.3176,82.9739,59.00222,Medium
Sundargarh,22.1167,84.0333,8.492462,Low
Vadodara,22.3072,73.1812,97.93259,Critical
Tiruvallur,13.1439,79.9089,96.16052,Critical
Prayagraj,25.4358,81.8463,94.07502,Critical
Varanasi,25.3176,82.9739,92.370605,Critical
Belagavi,15.8497,74.4977,97.52553,Critical
Mysuru,12.2958,76.6394,2.8869457,Low
Coimbatore,11.0168,76.9558,99.60857,Critical
Varanasi,25.3176,82.9739,4.9347568,Low
Tiruvallur,13.1439,79.9089,99.92163,Critical
Lucknow,26.8467,80.9462,5.2532954,Low
Ballari,15.1394,76.9214,7.385405,Low
Sambalpur,21.4669,83.9812,86.806465,Critical
Nagpur,21.1458,79.0882,12.407269,Low
Aurangabad,19.8762,75.3433,98.987564,Critical
Lucknow,26.8467,80.9462,8.260111,Low
Belagavi,15.8497,74.4977,12.770369,Low
Kutch,23.7337,69.8597,1.196519,Low
Ahmedabad,23.0225,72.5714,2.3302784,Low
Pune,18.5204,73.8567,10.77956,Low
Khordha,20.1734,85.6745,0.6594649,Low
Pune,18.5204,73.8567,89.42518,Critical
Gautam Buddha Nagar,28.5355,77.391,1.9215472,Low
Sundargarh,22.1167,84.0333,4.4266343,Low
Bharuch,21.7051,72.9959,5.520756,Low
Mysuru,12.2958,76.6394,4.3618817,Low
Belagavi,15.8497,74.4977,69.47554,High
Varanasi,25.3176,82.9739,8.296594,Low
Thane,19.2183,72.9781,9.8320055,Low
Agra,27.1767,78.0081,62.74658,Medium
Bengaluru Urban,12.9716,77.5946,7.518076,Low
Surat,21.1702,72.8311,8.597055,Low
Bengaluru Urban,12.9716,77.5946,98.9289,Critical
Jajpur,20.85,86.333,93.630394,Critical
Madurai,9.9252,78.1198,12.270871,Low
Ballari,15.1394,76.9214,5.50994,Low
Belagavi,15.8497,74.4977,1.4879409,Low
Salem,11.6643,78.146,96.55976,Critical
Khordha,20.1734,85.6745,4.1233573,Low
Nagpur,21.1458,79.0882,1.8452171,Low
Tumakuru,13.3409,77.101,12.307068,Low
Gautam Buddha Nagar,28.5355,77.391,12.394372,Low
Mysuru,12.2958,76.6394,23.834068,Low
Prayagraj,25.4358,81.8463,99.28457,Critical
Angul,20.8444,85.1511,3.1478896,Low
Bengaluru Urban,12.9716,77.5946,93.496864,Critical
Sundargarh,22.1167,84.0333,1.4235047,Low
Khordha,20.1734,85.6745,3.6825287,Low
Nagpur,21.1458,79.0882,91.79817,Critical
Ballari,15.1394,76.9214,1.3811632,Low
Prayagraj,25.4358,81.8463,0.55725425,Low
Gautam Buddha Nagar,28.5355,77.391,70.44479,High
Bengaluru Urban,12.9716,77.5946,33.50552,Low
Coimbatore,11.0168,76.9558,0.65326387,Low
Nagpur,21.1458,79.0882,13.730228,Low
Thane,19.2183,72.9781,62.918144,Medium
Thane,19.2183,72.9781,7.236519,Low
Lucknow,26.8467,80.9462,0.32670006,Low
Khordha,20.1734,85.6745,94.45368,Critical
Salem,11.6643,78.146,2.6169016,Low
Pune,18.5204,73.8567,1.6381922,Low
Prayagraj,25.4358,81.8463,2.064958,Low
Agra,27.1767,78.0081,34.246147,Low
Sambalpur,21.4669,83.9812,98.13234,Critical
Bengaluru Urban,12.9716,77.5946,6.3389244,Low
Bengaluru Urban,12.9716,77.5946,95.24739,Critical
Nashik,19.9975,73.7898,1.4124937,Low
Nagpur,21.1458,79.0882,0.7572567,Low
Coimbatore,11.0168,76.9558,9.576869,Low
Sundargarh,22.1167,84.0333,0.8705872,Low
Thane,19.2183,72.9781,1.2354398,Low
Sundargarh,22.1167,84.0333,99.01815,Critical
Lucknow,26.8467,80.9462,98.87199,Critical
Thane,19.2183,72.9781,5.278563,Low
Varanasi,25.3176,82.9739,1.8236358,Low
Surat,21.1702,72.8311,0.8202397,Low
Jajpur,20.85,86.333,3.3032873,Low
Bharuch,21.7051,72.9959,1.4120051,Low
Thane,19.2183,72.9781,6.694399,Low
Agra,27.1767,78.0081,92.74413,Critical
Thane,19.2183,72.9781,87.67829,Critical
Ahmedabad,23.0225,72.5714,18.786243,Low
Thane,19.2183,72.9781,4.031152,Low
Salem,11.6643,78.146,17.933346,Low
Mysuru,12.2958,76.6394,20.165482,Low
Ahmedabad,23.0225,72.5714,17.109533,Low
Aurangabad,19.8762,75.3433,76.27938,High
Prayagraj,25.4358,81.8463,0.9659618,Low
Aurangabad,19.8762,75.3433,20.757748,Low
Gautam Buddha Nagar,28.5355,77.391,3.6040497,Low
Belagavi,15.8497,74.4977,10.854195,Low
Pune,18.5204,73.8567,94.35163,Critical
Mysuru,12.2958,76.6394,4.747067,Low
Vadodara,22.3072,73.1812,0.439437,Low
Lucknow,26.8467,80.9462,79.71466,High
Tiruvallur,13.1439,79.9089,97.277794,Critical
Bharuch,21.7051,72.9959,97.10449,Critical
Lucknow,26.8467,80.9462,67.76184,High
Belagavi,15.8497,74.4977,88.96859,Critical
Sundargarh,22.1167,84.0333,1.8642724,Low
Nagpur,21.1458,79.0882,93.84131,Critical
Mysuru,12.2958,76.6394,14.848633,Low
Lucknow,26.8467,80.9462,4.238154,Low
Lucknow,26.8467,80.9462,13.312246,Low
Lucknow,26.8467,80.9462,98.8074,Critical
Gautam Buddha Nagar,28.5355,77.391,95.543884,Critical
Pune,18.5204,73.8567,5.351372,Low
Kutch,23.7337,69.8597,10.286929,Low
Kanchipuram,12.8342,79.7036,99.4965,Critical
Sundargarh,22.1167,84.0333,2.8809752,Low
Nagpur,21.1458,79.0882,7.14381,Low
Varanasi,25.3176,82.9739,69.47888,High
Nagpur,21.1458,79.0882,8.862821,Low
Ballari,15.1394,76.9214,4.507507,Low
Coimbatore,11.0168,76.9558,5.857887,Low
Agra,27.1767,78.0081,3.1372886,Low
Jajpur,20.85,86.333,94.24433,Critical
Agra,27.1767,78.0081,5.9545712,Low
Kanchipuram,12.8342,79.7036,85.478584,Critical
Angul,20.8444,85.1511,0.72226125,Low
Madurai,9.9252,78.1198,10.357058,Low
Jajpur,20.85,86.333,4.1135187,Low
Bharuch,21.7051,72.9959,34.351112,Low
Surat,21.1702,72.8311,82.56009,Critical
Nashik,19.9975,73.7898,97.90854,Critical
Nagpur,21.1458,79.0882,1.8553896,Low
Sundargarh,22.1167,84.0333,96.11911,Critical
Lucknow,26.8467,80.9462,4.022232,Low
Bengaluru Urban,12.9716,77.5946,8.153054,Low
Belagavi,15.8497,74.4977,1.7763052,Low
Varanasi,25.3176,82.9739,3.8557336,Low
Lucknow,26.8467,80.9462,7.621378,Low
Surat,21.1702,72.8311,1.2108454,Low
Ballari,15.1394,76.9214,1.5710189,Low
Khordha,20.1734,85.6745,5.342422,Low
Madurai,9.9252,78.1198,2.7915962,Low
Nashik,19.9975,73.7898,2.7852519,Low
Kanchipuram,12.8342,79.7036,2.0864167,Low
Bharuch,21.7051,72.9959,92.03859,Critical
Belagavi,15.8497,74.4977,87.382126,Critical
Lucknow,26.8467,80.9462,3.9488118,Low
Ballari,15.1394,76.9214,7.465445,Low
Jajpur,20.85,86.333,2.4562547,Low
Surat,21.1702,72.8311,1.6812347,Low
Prayagraj,25.4358,81.8463,31.32029,Low
Madurai,9.9252,78.1198,82.45999,Critical
Jajpur,20.85,86.333,97.02638,Critical
Coimbatore,11.0168,76.9558,98.09754,Critical
Thane,19.2183,72.9781,0.79942465,Low
Bharuch,21.7051,72.9959,9.170885,Low
Sambalpur,21.4669,83.9812,18.613129,Low
Sambalpur,21.4669,83.9812,10.144081,Low
Kanchipuram,12.8342,79.7036,99.08409,Critical
Varanasi,25.3176,82.9739,12.817772,Low
Pune,18.5204,73.8567,99.4701,Critical
Salem,11.6643,78.146,14.521964,Low
Jajpur,20.85,86.333,92.61455,Critical
Kutch,23.7337,69.8597,2.7302072,Low
Sundargarh,22.1167,84.0333,27.188766,Low
Ballari,15.1394,76.9214,3.433254,Low
Ahmedabad,23.0225,72.5714,2.280601,Low
Ahmedabad,23.0225,72.5714,25.340017,Low
Jajpur,20.85,86.333,74.57035,High
Varanasi,25.3176,82.9739,7.7498593,Low
Surat,21.1702,72.8311,21.79058,Low
Mysuru,12.2958,76.6394,89.95475,Critical
Kanchipuram,12.8342,79.7036,0.49814284,Low
Gautam Buddha Nagar,28.5355,77.391,91.81439,Critical
Gautam Buddha Nagar,28.5355,77.391,95.450676,Critical
Prayagraj,25.4358,81.8463,68.695694,High
Vadodara,22.3072,73.1812,9.824585,Low
Gautam Buddha Nagar,28.5355,77.391,93.800964,Critical
Angul,20.8444,85.1511,9.5012245,Low
Lucknow,26.8467,80.9462,3.4024053,Low
Belagavi,15.8497,74.4977,4.3113623,Low
Nashik,19.9975,73.7898,7.502974,Low
Ballari,15.1394,76.9214,96.73625,Critical
Vadodara,22.3072,73.1812,1.961573,Low
Prayagraj,25.4358,81.8463,86.28864,Critical
Varanasi,25.3176,82.9739,29.38405,Low
Khordha,20.1734,85.6745,68.80939,High
Salem,11.6643,78.146,2.1607666,Low
Agra,27.1767,78.0081,3.3886406,Low
Belagavi,15.8497,74.4977,0.390023,Low
Kutch,23.7337,69.8597,98.232574,Critical
Pune,18.5204,73.8567,4.9913087,Low
Prayagraj,25.4358,81.8463,0.42699715,Low
Nashik,19.9975,73.7898,1.2299598,Low
Lucknow,26.8467,80.9462,3.0125787,Low
Bharuch,21.7051,72.9959,96.960434,Critical
Madurai,9.9252,78.1198,4.958819,Low
Ballari,15.1394,76.9214,0.33853272,Low
Bharuch,21.7051,72.9959,75.591675,High
Nashik,19.9975,73.7898,5.265273,Low
Agra,27.1767,78.0081,3.765459,Low
Pune,18.5204,73.8567,33.166435,Low
Ballari,15.1394,76.9214,92.75107,Critical
Surat,21.1702,72.8311,0.48779425,Low
Pune,18.5204,73.8567,23.92203,Low
Pune,18.5204,73.8567,88.99517,Critical
Bengaluru Urban,12.9716,77.5946,88.53577,Critical
Varanasi,25.3176,82.9739,19.876463,Low
Nashik,19.9975,73.7898,4.5143566,Low
Ballari,15.1394,76.9214,7.3193116,Low
Lucknow,26.8467,80.9462,18.753057,Low
Salem,11.6643,78.146,22.077488,Low
Prayagraj,25.4358,81.8463,2.6496217,Low
Coimbatore,11.0168,76.9558,9.029803,Low
Vadodara,22.3072,73.1812,98.675446,Critical
Bengaluru Urban,12.9716,77.5946,95.66468,Critical
Lucknow,26.8467,80.9462,3.5634427,Low
Madurai,9.9252,78.1198,4.75174,Low
Kanchipuram,12.8342,79.7036,4.63306,Low
Vadodara,22.3072,73.1812,62.11201,Medium
Sambalpur,21.4669,83.9812,77.44507,High
Belagavi,15.8497,74.4977,7.1722827,Low
Sambalpur,21.4669,83.9812,0.2840279,Low
Varanasi,25.3176,82.9739,69.10318,High
Bengaluru Urban,12.9716,77.5946,1.0626876,Low
Kutch,23.7337,69.8597,85.480675,Critical
Agra,27.1767,78.0081,3.238155,Low
Mysuru,12.2958,76.6394,0.775964,Low
Mysuru,12.2958,76.6394,89.888115,Critical
Jajpur,20.85,86.333,93.18012,Critical
Agra,27.1767,78.0081,16.601162,Low
Surat,21.1702,72.8311,2.1539693,Low
Kutch,23.7337,69.8597,0.49361157,Low
Gautam Buddha Nagar,28.5355,77.391,4.2465267,Low
Agra,27.1767,78.0081,5.022529,Low
Tiruvallur,13.1439,79.9089,29.15173,Low
Pune,18.5204,73.8567,0.36167696,Low
Khordha,20.1734,85.6745,0.7299474,Low
Agra,27.1767,78.0081,91.02398,Critical
Varanasi,25.3176,82.9739,2.7407506,Low
Pune,18.5204,73.8567,88.8715,Critical
Aurangabad,19.8762,75.3433,5.8215966,Low
Ballari,15.1394,76.9214,6.2399855,Low
Surat,21.1702,72.8311,91.22253,Critical
Angul,20.8444,85.1511,3.8856838,Low
Belagavi,15.8497,74.4977,86.46086,Critical
Agra,27.1767,78.0081,7.715393,Low
Thane,19.2183,72.9781,34.53216,Low
Tiruvallur,13.1439,79.9089,7.371997,Low
Kutch,23.7337,69.8597,0.7715423,Low
Bengaluru Urban,12.9716,77.5946,99.31419,Critical
Tiruvallur,13.1439,79.9089,98.3932,Critical
Kutch,23.7337,69.8597,4.244883,Low
Coimbatore,11.0168,76.9558,10.945355,Low
Nashik,19.9975,73.7898,96.33125,Critical
Ballari,15.1394,76.9214,20.05295,Low
Bengaluru Urban,12.9716,77.5946,0.42382753,Low
Bharuch,21.7051,72.9959,1.7061902,Low
Madurai,9.9252,78.1198,0.56970674,Low
Nashik,19.9975,73.7898,86.80678,Critical
Gautam Buddha Nagar,28.5355,77.391,7.975014,Low
Mysuru,12.2958,76.6394,7.2358904,Low
Agra,27.1767,78.0081,93.09122,Critical
Aurangabad,19.8762,75.3433,33.18942,Low
Tumakuru,13.3409,77.101,10.368858,Low
Mysuru,12.2958,76.6394,15.501329,Low
Salem,11.6643,78.146,94.55762,Critical
Varanasi,25.3176,82.9739,93.55444,Critical
Tiruvallur,13.1439,79.9089,3.067115,Low
Angul,20.8444,85.1511,99.21589,Critical
Varanasi,25.3176,82.9739,4.0777464,Low
Prayagraj,25.4358,81.8463,2.0315557,Low
Jajpur,20.85,86.333,5.9492917,Low
Aurangabad,19.8762,75.3433,22.892258,Low
Nagpur,21.1458,79.0882,18.399614,Low
Ballari,15.1394,76.9214,97.27949,Critical
Kutch,23.7337,69.8597,99.27086,Critical
Kanchipuram,12.8342,79.7036,97.4626,Critical
Surat,21.1702,72.8311,83.746025,Critical
Ballari,15.1394,76.9214,18.263052,Low
Vadodara,22.3072,73.1812,13.269726,Low
Varanasi,25.3176,82.9739,0.9651457,Low
Gautam Buddha Nagar,28.5355,77.391,87.10245,Critical
Jajpur,20.85,86.333,1.1417742,Low
Sambalpur,21.4669,83.9812,4.9196134,Low
Tumakuru,13.3409,77.101,95.82599,Critical
Bengaluru Urban,12.9716,77.5946,88.28213,Critical
Belagavi,15.8497,74.4977,27.84801,Low
Prayagraj,25.4358,81.8463,84.646866,Critical
Ahmedabad,23.0225,72.5714,9.221332,Low
Kanchipuram,12.8342,79.7036,84.06378,Critical
Tumakuru,13.3409,77.101,1.3845608,Low
Mysuru,12.2958,76.6394,31.048203,Low
Agra,27.1767,78.0081,6.5827646,Low
Tiruvallur,13.1439,79.9089,10.191102,Low
Varanasi,25.3176,82.9739,1.6629889,Low
Kanchipuram,12.8342,79.7036,88.137856,Critical
Varanasi,25.3176,82.9739,9.087036,Low
Ahmedabad,23.0225,72.5714,12.36519,Low
Tumakuru,13.3409,77.101,83.728806,Critical
Thane,19.2183,72.9781,98.597115,Critical
Nagpur,21.1458,79.0882,75.50573,High
Belagavi,15.8497,74.4977,10.16912,Low
Tumakuru,13.3409,77.101,13.521214,Low
Ballari,15.1394,76.9214,73.271,High
Mysuru,12.2958,76.6394,73.97163,High
Tiruvallur,13.1439,79.9089,0.4385854,Low
Vadodara,22.3072,73.1812,91.287834,Critical
Nashik,19.9975,73.7898,4.511882,Low
Sambalpur,21.4669,83.9812,31.46048,Low
Aurangabad,19.8762,75.3433,3.0006,Low
Pune,18.5204,73.8567,3.8953073,Low
Varanasi,25.3176,82.9739,95.998474,Critical
Mysuru,12.2958,76.6394,11.413279,Low
Ballari,15.1394,76.9214,99.10731,Critical
Belagavi,15.8497,74.4977,1.3000938,Low
Varanasi,25.3176,82.9739,3.2062676,Low
Ahmedabad,23.0225,72.5714,1.8091583,Low
Surat,21.1702,72.8311,97.903625,Critical
Sundargarh,22.1167,84.0333,5.080338,Low
Vadodara,22.3072,73.1812,10.4209385,Low
Ahmedabad,23.0225,72.5714,0.90376055,Low
Bengaluru Urban,12.9716,77.5946,85.79498,Critical
Tiruvallur,13.1439,79.9089,16.178871,Low
Nagpur,21.1458,79.0882,3.305767,Low
Bharuch,21.7051,72.9959,4.5189967,Low
Kutch,23.7337,69.8597,2.4582434,Low
Varanasi,25.3176,82.9739,11.086666,Low
Sambalpur,21.4669,83.9812,0.4385746,Low
Salem,11.6643,78.146,81.65918,Critical
Varanasi,25.3176,82.9739,0.65014017,Low
Mysuru,12.2958,76.6394,1.447867,Low
Nashik,19.9975,73.7898,16.2317,Low
Sundargarh,22.1167,84.0333,79.33207,High
Agra,27.1767,78.0081,2.054054,Low
Surat,21.1702,72.8311,2.3042302,Low
Ahmedabad,23.0225,72.5714,21.58337,Low
Jajpur,20.85,86.333,1.5325239,Low
Surat,21.1702,72.8311,16.90377,Low
Varanasi,25.3176,82.9739,26.56712,Low
Agra,27.1767,78.0081,5.348101,Low
Ahmedabad,23.0225,72.5714,98.95371,Critical
Bharuch,21.7051,72.9959,98.92698,Critical
Belagavi,15.8497,74.4977,5.202927,Low
Pune,18.5204,73.8567,99.670425,Critical
Sambalpur,21.4669,83.9812,15.128684,Low
Lucknow,26.8467,80.9462,98.92976,Critical
Jajpur,20.85,86.333,3.9803789,Low
Belagavi,15.8497,74.4977,88.83821,Critical
Gautam Buddha Nagar,28.5355,77.391,2.323094,Low
Bengaluru Urban,12.9716,77.5946,1.721218,Low
Ballari,15.1394,76.9214,98.45255,Critical
Tiruvallur,13.1439,79.9089,0.89141333,Low
Ahmedabad,23.0225,72.5714,13.958402,Low
Madurai,9.9252,78.1198,9.149222,Low
Sundargarh,22.1167,84.0333,10.775976,Low
Sambalpur,21.4669,83.9812,2.1491826,Low
Bharuch,21.7051,72.9959,16.5977,Low
Madurai,9.9252,78.1198,95.146255,Critical
Khordha,20.1734,85.6745,1.9486487,Low
Kanchipuram,12.8342,79.7036,2.7544136,Low
Vadodara,22.3072,73.1812,3.340828,Low
Prayagraj,25.4358,81.8463,1.0838419,Low
Belagavi,15.8497,74.4977,1.4024757,Low
Mysuru,12.2958,76.6394,2.314029,Low
Salem,11.6643,78.146,5.262673,Low
Sambalpur,21.4669,83.9812,97.91799,Critical
Coimbatore,11.0168,76.9558,12.967867,Low
Salem,11.6643,78.146,8.507072,Low
Pune,18.5204,73.8567,1.4163501,Low
Mysuru,12.2958,76.6394,98.29067,Critical
Kutch,23.7337,69.8597,8.015795,Low
Coimbatore,11.0168,76.9558,2.139091,Low
Pune,18.5204,73.8567,83.84701,Critical
Thane,19.2183,72.9781,13.573587,Low
Mysuru,12.2958,76.6394,73.53622,High
Tumakuru,13.3409,77.101,13.598424,Low
Tumakuru,13.3409,77.101,2.3253863,Low
Surat,21.1702,72.8311,28.843922,Low
Pune,18.5204,73.8567,29.959229,Low
Sambalpur,21.4669,83.9812,1.9602339,Low
Surat,21.1702,72.8311,10.083026,Low
Agra,27.1767,78.0081,6.9225802,Low
Salem,11.6643,78.146,1.0201834,Low
Mysuru,12.2958,76.6394,8.024688,Low
Nagpur,21.1458,79.0882,17.433044,Low
Coimbatore,11.0168,76.9558,5.2979803,Low
Kutch,23.7337,69.8597,8.878158,Low
Lucknow,26.8467,80.9462,21.936567,Low
Surat,21.1702,72.8311,0.6453738,Low
Bharuch,21.7051,72.9959,5.668714,Low
Sambalpur,21.4669,83.9812,29.945807,Low
Tiruvallur,13.1439,79.9089,77.915535,High
Angul,20.8444,85.1511,3.9174244,Low
Kutch,23.7337,69.8597,86.565445,Critical
Prayagraj,25.4358,81.8463,97.743286,Critical
Aurangabad,19.8762,75.3433,1.9983481,Low
Pune,18.5204,73.8567,93.419044,Critical
Madurai,9.9252,78.1198,94.58058,Critical
Mysuru,12.2958,76.6394,24.369532,Low
Mysuru,12.2958,76.6394,1.225594,Low
Thane,19.2183,72.9781,3.4810104,Low
Surat,21.1702,72.8311,10.937127,Low
Surat,21.1702,72.8311,6.0814176,Low
Khordha,20.1734,85.6745,22.31094,Low
Madurai,9.9252,78.1198,95.83206,Critical
Khordha,20.1734,85.6745,6.40891,Low
Tumakuru,13.3409,77.101,20.358429,Low
Thane,19.2183,72.9781,96.48111,Critical
Surat,21.1702,72.8311,89.85899,Critical
Thane,19.2183,72.9781,7.404959,Low
Prayagraj,25.4358,81.8463,0.87542266,Low
Nashik,19.9975,73.7898,76.05358,High
Lucknow,26.8467,80.9462,3.761397,Low
Khordha,20.1734,85.6745,2.5524228,Low
Sambalpur,21.4669,83.9812,0.54221016,Low
Tumakuru,13.3409,77.101,98.74789,Critical
Thane,19.2183,72.9781,4.218651,Low
Aurangabad,19.8762,75.3433,2.287672,Low
Lucknow,26.8467,80.9462,13.165691,Low
Jajpur,20.85,86.333,1.1579916,Low
Varanasi,25.3176,82.9739,97.049324,Critical
Sambalpur,21.4669,83.9812,97.871346,Critical
Gautam Buddha Nagar,28.5355,77.391,40.59173,Low
Angul,20.8444,85.1511,0.49504846,Low
Varanasi,25.3176,82.9739,0.982113,Low
Khordha,20.1734,85.6745,89.790504,Critical
Kanchipuram,12.8342,79.7036,11.407713,Low
Agra,27.1767,78.0081,1.8106023,Low
Nagpur,21.1458,79.0882,1.5751712,Low
Ballari,15.1394,76.9214,38.804485,Low
Coimbatore,11.0168,76.9558,6.0540023,Low
Coimbatore,11.0168,76.9558,0.9293038,Low
Gautam Buddha Nagar,28.5355,77.391,11.362032,Low
Mysuru,12.2958,76.6394,14.0177145,Low
Nashik,19.9975,73.7898,99.12045,Critical
Coimbatore,11.0168,76.9558,99.27731,Critical
Nagpur,21.1458,79.0882,19.49238,Low
Angul,20.8444,85.1511,5.0628567,Low
Bengaluru Urban,12.9716,77.5946,98.66382,Critical
Kutch,23.7337,69.8597,7.5646563,Low
Sambalpur,21.4669,83.9812,4.5939336,Low
Mysuru,12.2958,76.6394,7.14081,Low
Gautam Buddha Nagar,28.5355,77.391,23.131166,Low
Agra,27.1767,78.0081,10.241941,Low
Aurangabad,19.8762,75.3433,95.00894,Critical
Coimbatore,11.0168,76.9558,5.7310753,Low
Ahmedabad,23.0225,72.5714,18.087915,Low
Gautam Buddha Nagar,28.5355,77.391,12.660334,Low
Tumakuru,13.3409,77.101,10.575127,Low
Coimbatore,11.0168,76.9558,98.875916,Critical
Coimbatore,11.0168,76.9558,43.016796,Low
Mysuru,12.2958,76.6394,1.1290176,Low
Kanchipuram,12.8342,79.7036,22.67215,Low
Agra,27.1767,78.0081,89.36834,Critical
Belagavi,15.8497,74.4977,83.830536,Critical
Tumakuru,13.3409,77.101,0.8448303,Low
Pune,18.5204,73.8567,2.8739326,Low
Surat,21.1702,72.8311,2.1927233,Low
Thane,19.2183,72.9781,89.68019,Critical
Kutch,23.7337,69.8597,0.5829323,Low
Belagavi,15.8497,74.4977,68.91435,High
Madurai,9.9252,78.1198,0.66958666,Low
Bharuch,21.7051,72.9959,6.9194956,Low
Ballari,15.1394,76.9214,5.058498,Low
Belagavi,15.8497,74.4977,7.0225134,Low
Aurangabad,19.8762,75.3433,10.203319,Low
Pune,18.5204,73.8567,6.7773724,Low
Coimbatore,11.0168,76.9558,24.881073,Low
Angul,20.8444,85.1511,95.863144,Critical
Prayagraj,25.4358,81.8463,1.7345104,Low
Khordha,20.1734,85.6745,17.947943,Low
Jajpur,20.85,86.333,18.764166,Low
Tiruvallur,13.1439,79.9089,98.339775,Critical
Kutch,23.7337,69.8597,4.297111,Low
Tiruvallur,13.1439,79.9089,2.652991,Low
Salem,11.6643,78.146,15.09233,Low
Belagavi,15.8497,74.4977,11.1182575,Low
Bengaluru Urban,12.9716,77.5946,28.95831,Low
Ballari,15.1394,76.9214,98.06675,Critical
Agra,27.1767,78.0081,2.6104805,Low
Surat,21.1702,72.8311,14.388892,Low
Vadodara,22.3072,73.1812,16.721273,Low
Mysuru,12.2958,76.6394,3.4623134,Low
Jajpur,20.85,86.333,0.40259585,Low
Gautam Buddha Nagar,28.5355,77.391,9.918875,Low
Angul,20.8444,85.1511,98.74693,Critical
Thane,19.2183,72.9781,97.22082,Critical
Kutch,23.7337,69.8597,25.475126,Low
Ahmedabad,23.0225,72.5714,0.78756,Low
Sambalpur,21.4669,83.9812,12.773499,Low
Gautam Buddha Nagar,28.5355,77.391,0.76238686,Low
Vadodara,22.3072,73.1812,79.38397,High
Khordha,20.1734,85.6745,15.043898,Low
Kanchipuram,12.8342,79.7036,4.9121113,Low
Kanchipuram,12.8342,79.7036,10.121896,Low
Varanasi,25.3176,82.9739,7.882794,Low
Sundargarh,22.1167,84.0333,4.720044,Low
Salem,11.6643,78.146,5.2477403,Low
Gautam Buddha Nagar,28.5355,77.391,1.8888133,Low
Tumakuru,13.3409,77.101,18.744867,Low
Varanasi,25.3176,82.9739,55.67218,Medium
Pune,18.5204,73.8567,95.0381,Critical
Ballari,15.1394,76.9214,20.37621,Low
Sundargarh,22.1167,84.0333,0.6115106,Low
Belagavi,15.8497,74.4977,97.34929,Critical
Belagavi,15.8497,74.4977,97.98237,Critical
Khordha,20.1734,85.6745,3.3472981,Low
Jajpur,20.85,86.333,4.403685,Low
Madurai,9.9252,78.1198,96.50634,Critical
Aurangabad,19.8762,75.3433,1.9741311,Low
Angul,20.8444,85.1511,35.90102,Low
Ahmedabad,23.0225,72.5714,93.54909,Critical
Surat,21.1702,72.8311,1.0710841,Low
Nashik,19.9975,73.7898,0.7548013,Low
Gautam Buddha Nagar,28.5355,77.391,99.08876,Critical
Gautam Buddha Nagar,28.5355,77.391,0.320593,Low
Bharuch,21.7051,72.9959,78.60088,High
Sundargarh,22.1167,84.0333,7.656663,Low
Pune,18.5204,73.8567,94.797066,Critical
Prayagraj,25.4358,81.8463,3.179515,Low
Prayagraj,25.4358,81.8463,96.7841,Critical
Mysuru,12.2958,76.6394,69.78389,High
Surat,21.1702,72.8311,3.1727667,Low
Jajpur,20.85,86.333,83.08955,Critical
Pune,18.5204,73.8567,96.99493,Critical
Prayagraj,25.4358,81.8463,7.859813,Low
Tumakuru,13.3409,77.101,1.4726939,Low
Bharuch,21.7051,72.9959,8.711402,Low
Vadodara,22.3072,73.1812,17.269487,Low
Thane,19.2183,72.9781,60.076923,Medium
Prayagraj,25.4358,81.8463,12.161108,Low
Nashik,19.9975,73.7898,2.4261363,Low
Thane,19.2183,72.9781,7.290192,Low
Kanchipuram,12.8342,79.7036,2.8940475,Low
Belagavi,15.8497,74.4977,87.71249,Critical
Surat,21.1702,72.8311,67.91976,High
Madurai,9.9252,78.1198,0.93287796,Low
Jajpur,20.85,86.333,3.8147852,Low
Bharuch,21.7051,72.9959,5.6912227,Low
Surat,21.1702,72.8311,97.84359,Critical
Bengaluru Urban,12.9716,77.5946,39.738724,Low
Sundargarh,22.1167,84.0333,7.5013256,Low
Varanasi,25.3176,82.9739,98.210526,Critical
Jajpur,20.85,86.333,99.61959,Critical
Lucknow,26.8467,80.9462,1.3724804,Low
Khordha,20.1734,85.6745,2.4300869,Low
Nashik,19.9975,73.7898,99.162285,Critical
Sundargarh,22.1167,84.0333,5.6370897,Low
Salem,11.6643,78.146,10.883038,Low
Kanchipuram,12.8342,79.7036,6.141731,Low
Ballari,15.1394,76.9214,1.4407144,Low
Gautam Buddha Nagar,28.5355,77.391,21.288849,Low
Ahmedabad,23.0225,72.5714,96.51916,Critical
Belagavi,15.8497,74.4977,5.7046,Low
Coimbatore,11.0168,76.9558,99.0683,Critical
Madurai,9.9252,78.1198,5.7703266,Low
Prayagraj,25.4358,81.8463,93.83626,Critical
Madurai,9.9252,78.1198,5.552732,Low
Tiruvallur,13.1439,79.9089,22.535837,Low
Agra,27.1767,78.0081,0.5261017,Low
Coimbatore,11.0168,76.9558,99.5481,Critical
Surat,21.1702,72.8311,80.09632,Critical
Aurangabad,19.8762,75.3433,7.6374397,Low
Mysuru,12.2958,76.6394,6.973265,Low
Vadodara,22.3072,73.1812,88.721016,Critical
Bharuch,21.7051,72.9959,7.5685406,Low
Nagpur,21.1458,79.0882,11.597712,Low
Mysuru,12.2958,76.6394,96.22799,Critical
Surat,21.1702,72.8311,56.59926,Medium
Madurai,9.9252,78.1198,92.87149,Critical
Aurangabad,19.8762,75.3433,1.0425823,Low
Ballari,15.1394,76.9214,91.23381,Critical
Angul,20.8444,85.1511,81.94367,Critical
Lucknow,26.8467,80.9462,5.757113,Low
Coimbatore,11.0168,76.9558,27.49742,Low
Pune,18.5204,73.8567,97.19346,Critical
Lucknow,26.8467,80.9462,15.708603,Low
Sundargarh,22.1167,84.0333,2.5370502,Low
Bharuch,21.7051,72.9959,1.8239474,Low
Kutch,23.7337,69.8597,78.93652,High
Ballari,15.1394,76.9214,12.620741,Low
Aurangabad,19.8762,75.3433,87.30031,Critical
Nagpur,21.1458,79.0882,3.3739765,Low
Ballari,15.1394,76.9214,4.2912483,Low
Lucknow,26.8467,80.9462,9.434668,Low
Bharuch,21.7051,72.9959,3.6235273,Low
Kutch,23.7337,69.8597,88.21594,Critical
Nagpur,21.1458,79.0882,99.23597,Critical
Nashik,19.9975,73.7898,13.062483,Low
Ballari,15.1394,76.9214,31.302643,Low
Khordha,20.1734,85.6745,98.26441,Critical
Prayagraj,25.4358,81.8463,99.753365,Critical
Salem,11.6643,78.146,93.5453,Critical
Jajpur,20.85,86.333,3.7906203,Low
Angul,20.8444,85.1511,4.7175174,Low
Pune,18.5204,73.8567,5.384499,Low
Pune,18.5204,73.8567,9.210188,Low
Thane,19.2183,72.9781,1.7276188,Low
Jajpur,20.85,86.333,0.61790544,Low
Gautam Buddha Nagar,28.5355,77.391,0.4936697,Low
Pune,18.5204,73.8567,12.154333,Low
Kutch,23.7337,69.8597,96.654465,Critical
Varanasi,25.3176,82.9739,2.8316875,Low
Ahmedabad,23.0225,72.5714,97.845764,Critical
Agra,27.1767,78.0081,15.440258,Low
Nashik,19.9975,73.7898,9.456616,Low
Madurai,9.9252,78.1198,99.71902,Critical
Mysuru,12.2958,76.6394,3.1886156,Low
Aurangabad,19.8762,75.3433,26.47262,Low
Khordha,20.1734,85.6745,3.3046658,Low
Kanchipuram,12.8342,79.7036,0.70254666,Low
Khordha,20.1734,85.6745,36.540596,Low
Gautam Buddha Nagar,28.5355,77.391,6.61923,Low
Sundargarh,22.1167,84.0333,3.0719075,Low
Coimbatore,11.0168,76.9558,20.678926,Low
Kanchipuram,12.8342,79.7036,14.17747,Low
Nashik,19.9975,73.7898,99.8442,Critical
Kutch,23.7337,69.8597,5.7828145,Low
Thane,19.2183,72.9781,1.0778084,Low
Prayagraj,25.4358,81.8463,86.27258,Critical
Angul,20.8444,85.1511,87.026474,Critical
Vadodara,22.3072,73.1812,92.519424,Critical
Bengaluru Urban,12.9716,77.5946,3.6971815,Low
Salem,11.6643,78.146,92.18488,Critical
Ahmedabad,23.0225,72.5714,26.962074,Low
Surat,21.1702,72.8311,85.89083,Critical
Nashik,19.9975,73.7898,89.17977,Critical
Tumakuru,13.3409,77.101,0.7786156,Low
Tiruvallur,13.1439,79.9089,4.8445606,Low
Gautam Buddha Nagar,28.5355,77.391,51.498657,Medium
Lucknow,26.8467,80.9462,97.9186,Critical
Kutch,23.7337,69.8597,18.826578,Low
Surat,21.1702,72.8311,27.451376,Low
Sundargarh,22.1167,84.0333,2.8456283,Low
Tumakuru,13.3409,77.101,15.740268,Low
Coimbatore,11.0168,76.9558,4.908846,Low
Kutch,23.7337,69.8597,1.2282625,Low
Jajpur,20.85,86.333,99.47037,Critical
Ballari,15.1394,76.9214,74.81729,High
Coimbatore,11.0168,76.9558,7.3584876,Low
Agra,27.1767,78.0081,6.345944,Low
Sambalpur,21.4669,83.9812,2.8994596,Low
Bengaluru Urban,12.9716,77.5946,21.915066,Low
Khordha,20.1734,85.6745,0.72764707,Low
Bharuch,21.7051,72.9959,3.8872771,Low
Nashik,19.9975,73.7898,67.35332,High
Agra,27.1767,78.0081,2.712956,Low
Ahmedabad,23.0225,72.5714,11.301478,Low
Kutch,23.7337,69.8597,10.900473,Low
Mysuru,12.2958,76.6394,3.0761294,Low
Khordha,20.1734,85.6745,61.27904,Medium
Agra,27.1767,78.0081,1.0297428,Low
Bharuch,21.7051,72.9959,2.1106327,Low
Mysuru,12.2958,76.6394,4.836377,Low
Gautam Buddha Nagar,28.5355,77.391,0.6017792,Low
Sambalpur,21.4669,83.9812,5.555661,Low
Ahmedabad,23.0225,72.5714,4.78631,Low
Kanchipuram,12.8342,79.7036,20.256075,Low
Bharuch,21.7051,72.9959,8.476974,Low
Vadodara,22.3072,73.1812,0.49864343,Low
Lucknow,26.8467,80.9462,93.94332,Critical
Lucknow,26.8467,80.9462,5.0411277,Low
Gautam Buddha Nagar,28.5355,77.391,99.307175,Critical
Agra,27.1767,78.0081,16.571926,Low
Tumakuru,13.3409,77.101,1.080284,Low
Nagpur,21.1458,79.0882,19.9656,Low
Belagavi,15.8497,74.4977,6.345174,Low
Surat,21.1702,72.8311,6.2180305,Low
Ballari,15.1394,76.9214,5.235,Low
Jajpur,20.85,86.333,0.40711585,Low
Kanchipuram,12.8342,79.7036,3.4358363,Low
Gautam Buddha Nagar,28.5355,77.391,0.81417227,Low
Jajpur,20.85,86.333,60.46132,Medium
Madurai,9.9252,78.1198,83.003044,Critical
Jajpur,20.85,86.333,0.19530562,Low
Kutch,23.7337,69.8597,87.90377,Critical
Lucknow,26.8467,80.9462,32.665638,Low
Angul,20.8444,85.1511,18.090614,Low
Kutch,23.7337,69.8597,20.495474,Low
Agra,27.1767,78.0081,80.02501,Critical
Thane,19.2183,72.9781,6.292218,Low
Bharuch,21.7051,72.9959,86.455696,Critical
Tumakuru,13.3409,77.101,98.03465,Critical
Agra,27.1767,78.0081,98.62479,Critical
Jajpur,20.85,86.333,87.30397,Critical
Coimbatore,11.0168,76.9558,89.35399,Critical
Sambalpur,21.4669,83.9812,5.036476,Low
Bengaluru Urban,12.9716,77.5946,65.16673,High
Ballari,15.1394,76.9214,89.65531,Critical
Jajpur,20.85,86.333,33.8693,Low
Tiruvallur,13.1439,79.9089,7.841996,Low
Prayagraj,25.4358,81.8463,2.5338511,Low
Bharuch,21.7051,72.9959,10.380626,Low
Tumakuru,13.3409,77.101,2.3409166,Low
Mysuru,12.2958,76.6394,2.580741,Low
Ballari,15.1394,76.9214,1.5566766,Low
Madurai,9.9252,78.1198,99.40056,Critical
Aurangabad,19.8762,75.3433,13.485707,Low
Coimbatore,11.0168,76.9558,91.02566,Critical
Varanasi,25.3176,82.9739,75.99612,High
Varanasi,25.3176,82.9739,0.46921396,Low
Varanasi,25.3176,82.9739,5.105258,Low
Varanasi,25.3176,82.9739,91.45983,Critical
Varanasi,25.3176,82.9739,92.505936,Critical
Sundargarh,22.1167,84.0333,4.2493496,Low
Ballari,15.1394,76.9214,24.724644,Low
Kanchipuram,12.8342,79.7036,10.400085,Low
Sundargarh,22.1167,84.0333,4.094368,Low
Madurai,9.9252,78.1198,4.06639,Low
Pune,18.5204,73.8567,83.229675,Critical
Surat,21.1702,72.8311,7.1078444,Low
Bengaluru Urban,12.9716,77.5946,4.933026,Low
Pune,18.5204,73.8567,2.9795623,Low
Angul,20.8444,85.1511,2.9121938,Low
Bharuch,21.7051,72.9959,96.18984,Critical
Thane,19.2183,72.9781,13.596789,Low
Kanchipuram,12.8342,79.7036,27.416718,Low
Kutch,23.7337,69.8597,92.399994,Critical
Coimbatore,11.0168,76.9558,18.36729,Low
Nashik,19.9975,73.7898,7.574145,Low
Sundargarh,22.1167,84.0333,28.781813,Low
Madurai,9.9252,78.1198,95.84455,Critical
Bharuch,21.7051,72.9959,91.130875,Critical
Thane,19.2183,72.9781,9.836392,Low
Kanchipuram,12.8342,79.7036,8.051261,Low
Sambalpur,21.4669,83.9812,98.463005,Critical
Bengaluru Urban,12.9716,77.5946,9.695035,Low
Khordha,20.1734,85.6745,26.37192,Low
Sundargarh,22.1167,84.0333,1.7556837,Low
Ballari,15.1394,76.9214,1.5639728,Low
Khordha,20.1734,85.6745,16.00805,Low
Tumakuru,13.3409,77.101,32.357018,Low
Mysuru,12.2958,76.6394,2.6102624,Low
Madurai,9.9252,78.1198,8.941753,Low
Coimbatore,11.0168,76.9558,85.60845,Critical
Ballari,15.1394,76.9214,72.60984,High
Nagpur,21.1458,79.0882,2.3801563,Low
Bharuch,21.7051,72.9959,6.4772673,Low
Thane,19.2183,72.9781,3.5941474,Low
Bengaluru Urban,12.9716,77.5946,97.621605,Critical
Kutch,23.7337,69.8597,20.465092,Low
Coimbatore,11.0168,76.9558,1.676519,Low
Bharuch,21.7051,72.9959,4.7192717,Low
Bengaluru Urban,12.9716,77.5946,64.23669,Medium
Tiruvallur,13.1439,79.9089,13.935934,Low
Vadodara,22.3072,73.1812,65.391365,High
Ahmedabad,23.0225,72.5714,68.04958,High
Pune,18.5204,73.8567,2.6035776,Low
Ahmedabad,23.0225,72.5714,82.76327,Critical
Belagavi,15.8497,74.4977,6.0497513,Low
Gautam Buddha Nagar,28.5355,77.391,0.82326436,Low
Agra,27.1767,78.0081,1.1413108,Low
Varanasi,25.3176,82.9739,7.9186707,Low
Bengaluru Urban,12.9716,77.5946,90.852264,Critical
Agra,27.1767,78.0081,1.022587,Low
Nashik,19.9975,73.7898,14.460468,Low
Ballari,15.1394,76.9214,0.5322844,Low
Tiruvallur,13.1439,79.9089,2.5334125,Low
Tumakuru,13.3409,77.101,9.660797,Low
Bengaluru Urban,12.9716,77.5946,47.76543,Medium
Ahmedabad,23.0225,72.5714,0.5962931,Low
Ahmedabad,23.0225,72.5714,64.02271,Medium
Bharuch,21.7051,72.9959,1.0673904,Low
Jajpur,20.85,86.333,1.4249132,Low
Pune,18.5204,73.8567,24.034027,Low
Belagavi,15.8497,74.4977,24.4953,Low
Belagavi,15.8497,74.4977,5.304854,Low
Vadodara,22.3072,73.1812,0.8417422,Low
Ballari,15.1394,76.9214,4.0542355,Low
Salem,11.6643,78.146,7.0317907,Low
Bengaluru Urban,12.9716,77.5946,88.183914,Critical
Gautam Buddha Nagar,28.5355,77.391,87.73653,Critical
Kanchipuram,12.8342,79.7036,2.5108752,Low
Madurai,9.9252,78.1198,0.47669807,Low
Mysuru,12.2958,76.6394,12.190016,Low
Sambalpur,21.4669,83.9812,7.327223,Low
Vadodara,22.3072,73.1812,1.4536904,Low
Nashik,19.9975,73.7898,3.8322914,Low
Nashik,19.9975,73.7898,2.900719,Low
Lucknow,26.8467,80.9462,86.32489,Critical
Nashik,19.9975,73.7898,2.8990529,Low
Nagpur,21.1458,79.0882,33.09005,Low
Vadodara,22.3072,73.1812,81.81714,Critical
Vadodara,22.3072,73.1812,0.5356366,Low
Sundargarh,22.1167,84.0333,0.73136365,Low
Prayagraj,25.4358,81.8463,89.87736,Critical
Aurangabad,19.8762,75.3433,15.496048,Low
Sambalpur,21.4669,83.9812,5.012562,Low
Agra,27.1767,78.0081,4.3854113,Low
Coimbatore,11.0168,76.9558,3.1485636,Low
Thane,19.2183,72.9781,10.348799,Low
Thane,19.2183,72.9781,1.1011628,Low
Vadodara,22.3072,73.1812,97.35614,Critical
Mysuru,12.2958,76.6394,0.5343654,Low
Agra,27.1767,78.0081,71.494965,High
Aurangabad,19.8762,75.3433,12.22891,Low
Agra,27.1767,78.0081,2.1133947,Low
Sambalpur,21.4669,83.9812,88.4773,Critical
Sambalpur,21.4669,83.9812,5.2968874,Low
Tumakuru,13.3409,77.101,36.433174,Low
Nashik,19.9975,73.7898,92.61448,Critical
Kutch,23.7337,69.8597,1.8513418,Low
Nagpur,21.1458,79.0882,55.05032,Medium
Varanasi,25.3176,82.9739,97.44323,Critical
Tiruvallur,13.1439,79.9089,12.081894,Low
Angul,20.8444,85.1511,25.706491,Low
Lucknow,26.8467,80.9462,2.3790984,Low
Ballari,15.1394,76.9214,89.231094,Critical
Jajpur,20.85,86.333,2.9014828,Low
Surat,21.1702,72.8311,86.821434,Critical
Sambalpur,21.4669,83.9812,11.608579,Low
Madurai,9.9252,78.1198,92.45104,Critical
Pune,18.5204,73.8567,93.90936,Critical
Tiruvallur,13.1439,79.9089,16.062592,Low
Madurai,9.9252,78.1198,98.35597,Critical
Nagpur,21.1458,79.0882,4.359575,Low
Khordha,20.1734,85.6745,97.10872,Critical
Belagavi,15.8497,74.4977,1.8804137,Low
Thane,19.2183,72.9781,1.5781081,Low
Pune,18.5204,73.8567,96.70795,Critical
Ahmedabad,23.0225,72.5714,0.7189539,Low
Sambalpur,21.4669,83.9812,1.6220508,Low
Thane,19.2183,72.9781,62.017567,Medium
Ballari,15.1394,76.9214,77.29893,High
Agra,27.1767,78.0081,2.7427285,Low
Sundargarh,22.1167,84.0333,90.615585,Critical
Surat,21.1702,72.8311,85.88842,Critical
Madurai,9.9252,78.1198,4.152289,Low
Nagpur,21.1458,79.0882,6.8492436,Low
Belagavi,15.8497,74.4977,1.7623358,Low
Jajpur,20.85,86.333,5.7482114,Low
Tumakuru,13.3409,77.101,92.33648,Critical
Bengaluru Urban,12.9716,77.5946,5.2674923,Low
Madurai,9.9252,78.1198,2.4896123,Low
Kutch,23.7337,69.8597,87.61285,Critical
Jajpur,20.85,86.333,18.563725,Low
Nashik,19.9975,73.7898,11.844055,Low
Ahmedabad,23.0225,72.5714,17.17665,Low
Thane,19.2183,72.9781,3.7852957,Low
Prayagraj,25.4358,81.8463,2.2929072,Low
Mysuru,12.2958,76.6394,0.98858094,Low
Prayagraj,25.4358,81.8463,1.1978841,Low
Belagavi,15.8497,74.4977,5.748288,Low
Madurai,9.9252,78.1198,1.7896237,Low
Vadodara,22.3072,73.1812,22.00717,Low
Thane,19.2183,72.9781,96.30952,Critical
Madurai,9.9252,78.1198,95.91513,Critical
Nagpur,21.1458,79.0882,2.8034234,Low
Vadodara,22.3072,73.1812,98.22688,Critical
Jajpur,20.85,86.333,83.641884,Critical
Prayagraj,25.4358,81.8463,7.5225763,Low
Varanasi,25.3176,82.9739,92.896095,Critical
Nashik,19.9975,73.7898,22.901163,Low
Aurangabad,19.8762,75.3433,2.4315202,Low
Nagpur,21.1458,79.0882,83.08933,Critical
Bharuch,21.7051,72.9959,1.949862,Low
Angul,20.8444,85.1511,2.652134,Low
Prayagraj,25.4358,81.8463,13.401196,Low
Madurai,9.9252,78.1198,8.182608,Low
Tumakuru,13.3409,77.101,2.3200626,Low
Ahmedabad,23.0225,72.5714,89.079,Critical
Agra,27.1767,78.0081,99.19353,Critical
Angul,20.8444,85.1511,81.91579,Critical
Kutch,23.7337,69.8597,10.206624,Low
Tiruvallur,13.1439,79.9089,95.74928,Critical
Agra,27.1767,78.0081,70.466896,High
Ahmedabad,23.0225,72.5714,26.658558,Low
Prayagraj,25.4358,81.8463,1.8538307,Low
Varanasi,25.3176,82.9739,89.96225,Critical
Khordha,20.1734,85.6745,8.74164,Low
Bengaluru Urban,12.9716,77.5946,97.4882,Critical
Sundargarh,22.1167,84.0333,98.532005,Critical
Varanasi,25.3176,82.9739,93.62055,Critical
Ahmedabad,23.0225,72.5714,10.274204,Low
Tiruvallur,13.1439,79.9089,9.325643,Low
Angul,20.8444,85.1511,91.50245,Critical
Tumakuru,13.3409,77.101,71.500244,High
Gautam Buddha Nagar,28.5355,77.391,75.13628,High
Tiruvallur,13.1439,79.9089,1.7624077,Low
Sundargarh,22.1167,84.0333,31.993872,Low
Khordha,20.1734,85.6745,0.89556956,Low
Sambalpur,21.4669,83.9812,97.817,Critical
Jajpur,20.85,86.333,1.4442829,Low
Madurai,9.9252,78.1198,2.7299533,Low
Kutch,23.7337,69.8597,97.00875,Critical
Bengaluru Urban,12.9716,77.5946,89.03431,Critical
Mysuru,12.2958,76.6394,12.34041,Low
Prayagraj,25.4358,81.8463,98.86966,Critical
Nashik,19.9975,73.7898,2.312514,Low
Vadodara,22.3072,73.1812,96.98185,Critical
Prayagraj,25.4358,81.8463,20.085817,Low
Prayagraj,25.4358,81.8463,91.165085,Critical
Jajpur,20.85,86.333,14.499523,Low
Thane,19.2183,72.9781,91.518166,Critical
Aurangabad,19.8762,75.3433,1.0262755,Low
Ahmedabad,23.0225,72.5714,5.9673223,Low
Nashik,19.9975,73.7898,1.318887,Low
Agra,27.1767,78.0081,3.5793703,Low
Aurangabad,19.8762,75.3433,80.066414,Critical
Thane,19.2183,72.9781,89.52103,Critical
Ballari,15.1394,76.9214,65.42823,High
Varanasi,25.3176,82.9739,3.0084,Low
Madurai,9.9252,78.1198,21.114805,Low
Nagpur,21.1458,79.0882,5.986281,Low
Pune,18.5204,73.8567,6.183465,Low
Jajpur,20.85,86.333,88.874214,Critical
Nashik,19.9975,73.7898,5.968105,Low
Thane,19.2183,72.9781,3.4127104,Low
Ballari,15.1394,76.9214,67.46127,High
Gautam Buddha Nagar,28.5355,77.391,96.24978,Critical
Surat,21.1702,72.8311,88.92562,Critical
Lucknow,26.8467,80.9462,6.1893244,Low
Khordha,20.1734,85.6745,19.160326,Low
Gautam Buddha Nagar,28.5355,77.391,5.448436,Low
Nagpur,21.1458,79.0882,86.940125,Critical
Sundargarh,22.1167,84.0333,30.710712,Low
Agra,27.1767,78.0081,89.75041,Critical
Sambalpur,21.4669,83.9812,5.6170154,Low
Vadodara,22.3072,73.1812,20.50744,Low
Prayagraj,25.4358,81.8463,0.96160525,Low
Salem,11.6643,78.146,86.77186,Critical
Pune,18.5204,73.8567,98.069214,Critical
Sundargarh,22.1167,84.0333,98.81684,Critical
Coimbatore,11.0168,76.9558,7.097417,Low
Kanchipuram,12.8342,79.7036,1.3955978,Low
Bengaluru Urban,12.9716,77.5946,1.7108395,Low
Angul,20.8444,85.1511,6.7128873,Low
Kanchipuram,12.8342,79.7036,12.564529,Low
Tumakuru,13.3409,77.101,3.479447,Low
Madurai,9.9252,78.1198,1.8500854,Low
Nagpur,21.1458,79.0882,3.6504793,Low
Surat,21.1702,72.8311,3.5031757,Low
Belagavi,15.8497,74.4977,9.1066885,Low
Kutch,23.7337,69.8597,6.2093887,Low
Sambalpur,21.4669,83.9812,7.114674,Low
Nashik,19.9975,73.7898,0.8700722,Low
Tumakuru,13.3409,77.101,94.87995,Critical
Angul,20.8444,85.1511,2.5330474,Low
Tiruvallur,13.1439,79.9089,0.80184126,Low
Varanasi,25.3176,82.9739,97.50097,Critical
Angul,20.8444,85.1511,2.4502802,Low
Vadodara,22.3072,73.1812,1.7164066,Low
Nagpur,21.1458,79.0882,98.21429,Critical
Pune,18.5204,73.8567,9.885856,Low
Khordha,20.1734,85.6745,82.29193,Critical
Tiruvallur,13.1439,79.9089,1.7711096,Low
Prayagraj,25.4358,81.8463,23.427114,Low
Vadodara,22.3072,73.1812,99.81097,Critical
Angul,20.8444,85.1511,86.14748,Critical
Jajpur,20.85,86.333,89.117775,Critical
Nashik,19.9975,73.7898,2.4539742,Low
Vadodara,22.3072,73.1812,94.90371,Critical
Varanasi,25.3176,82.9739,92.93048,Critical
Nagpur,21.1458,79.0882,2.9210253,Low
Sambalpur,21.4669,83.9812,0.60403466,Low
Thane,19.2183,72.9781,1.5317606,Low
Thane,19.2183,72.9781,5.436469,Low
Tumakuru,13.3409,77.101,0.936051,Low
Thane,19.2183,72.9781,67.958244,High
Tiruvallur,13.1439,79.9089,2.4924517,Low
Pune,18.5204,73.8567,93.36818,Critical
Salem,11.6643,78.146,3.5684686,Low
Ahmedabad,23.0225,72.5714,2.4003413,Low
Nagpur,21.1458,79.0882,17.907236,Low
Prayagraj,25.4358,81.8463,98.4247,Critical
Coimbatore,11.0168,76.9558,11.6757,Low
Salem,11.6643,78.146,11.493156,Low
Sundargarh,22.1167,84.0333,6.785167,Low
Bharuch,21.7051,72.9959,21.496292,Low
Pune,18.5204,73.8567,6.335252,Low
Lucknow,26.8467,80.9462,7.00995,Low
Jajpur,20.85,86.333,3.702512,Low
Ahmedabad,23.0225,72.5714,4.138174,Low
Tiruvallur,13.1439,79.9089,97.01432,Critical
Varanasi,25.3176,82.9739,0.5431511,Low
Thane,19.2183,72.9781,90.049385,Critical
Belagavi,15.8497,74.4977,22.261782,Low
Ballari,15.1394,76.9214,79.92743,High
Vadodara,22.3072,73.1812,23.000517,Low
Varanasi,25.3176,82.9739,2.049697,Low
Angul,20.8444,85.1511,21.990028,Low
Gautam Buddha Nagar,28.5355,77.391,1.2512816,Low
Salem,11.6643,78.146,3.5528448,Low
Tumakuru,13.3409,77.101,56.94224,Medium
Ahmedabad,23.0225,72.5714,90.06313,Critical
Nagpur,21.1458,79.0882,12.5013275,Low
Lucknow,26.8467,80.9462,1.0420825,Low
Mysuru,12.2958,76.6394,4.0916214,Low
Angul,20.8444,85.1511,5.585795,Low
Surat,21.1702,72.8311,2.168338,Low
Pune,18.5204,73.8567,96.13423,Critical
Varanasi,25.3176,82.9739,2.9662204,Low
Sambalpur,21.4669,83.9812,99.2415,Critical
Thane,19.2183,72.9781,16.05124,Low
Salem,11.6643,78.146,3.114783,Low
Bengaluru Urban,12.9716,77.5946,97.13741,Critical
Salem,11.6643,78.146,14.682113,Low
Mysuru,12.2958,76.6394,1.6372379,Low
Jajpur,20.85,86.333,75.280624,High
Coimbatore,11.0168,76.9558,80.92887,Critical
Bengaluru Urban,12.9716,77.5946,2.563126,Low
Kutch,23.7337,69.8597,37.07715,Low
Sundargarh,22.1167,84.0333,98.415764,Critical
Bengaluru Urban,12.9716,77.5946,1.1170876,Low
Gautam Buddha Nagar,28.5355,77.391,11.623129,Low
Belagavi,15.8497,74.4977,20.713732,Low
Coimbatore,11.0168,76.9558,94.870384,Critical
Vadodara,22.3072,73.1812,0.87040293,Low
Aurangabad,19.8762,75.3433,0.7054594,Low
Nashik,19.9975,73.7898,36.810062,Low
Tumakuru,13.3409,77.101,8.2624,Low
Pune,18.5204,73.8567,90.089966,Critical
Ballari,15.1394,76.9214,98.61274,Critical
Kutch,23.7337,69.8597,26.802986,Low
Nagpur,21.1458,79.0882,7.578165,Low
Madurai,9.9252,78.1198,88.63652,Critical
Madurai,9.9252,78.1198,4.8064895,Low
Gautam Buddha Nagar,28.5355,77.391,80.3965,Critical
Tumakuru,13.3409,77.101,1.7976669,Low
Aurangabad,19.8762,75.3433,91.776344,Critical
Coimbatore,11.0168,76.9558,96.70412,Critical
Vadodara,22.3072,73.1812,5.8155203,Low
Surat,21.1702,72.8311,1.0274992,Low
Prayagraj,25.4358,81.8463,21.023119,Low
Vadodara,22.3072,73.1812,7.822489,Low
Kutch,23.7337,69.8597,3.5057585,Low
Pune,18.5204,73.8567,88.97564,Critical
Tumakuru,13.3409,77.101,6.487221,Low
Sundargarh,22.1167,84.0333,98.26244,Critical
Ahmedabad,23.0225,72.5714,84.276115,Critical
Bharuch,21.7051,72.9959,14.557854,Low
Sundargarh,22.1167,84.0333,94.44367,Critical
Kutch,23.7337,69.8597,98.04833,Critical
Nagpur,21.1458,79.0882,9.1041765,Low
Nashik,19.9975,73.7898,2.7946055,Low
Sundargarh,22.1167,84.0333,8.645202,Low
Kanchipuram,12.8342,79.7036,5.2956753,Low
Surat,21.1702,72.8311,98.12788,Critical
Salem,11.6643,78.146,95.76116,Critical
Bharuch,21.7051,72.9959,10.916997,Low
Belagavi,15.8497,74.4977,96.955635,Critical
Bharuch,21.7051,72.9959,1.7503626,Low
Pune,18.5204,73.8567,6.1152134,Low
Lucknow,26.8467,80.9462,11.121512,Low
Prayagraj,25.4358,81.8463,90.55551,Critical
Varanasi,25.3176,82.9739,11.185007,Low
Gautam Buddha Nagar,28.5355,77.391,96.327194,Critical
Tiruvallur,13.1439,79.9089,7.67635,Low
Tiruvallur,13.1439,79.9089,3.3840373,Low
Ahmedabad,23.0225,72.5714,95.24027,Critical
Coimbatore,11.0168,76.9558,97.0566,Critical
Kutch,23.7337,69.8597,94.713394,Critical
Belagavi,15.8497,74.4977,2.752695,Low
Vadodara,22.3072,73.1812,99.45913,Critical
Varanasi,25.3176,82.9739,21.923164,Low
Angul,20.8444,85.1511,3.704377,Low
Jajpur,20.85,86.333,98.08396,Critical
Thane,19.2183,72.9781,9.921176,Low
Aurangabad,19.8762,75.3433,78.83621,High
Ahmedabad,23.0225,72.5714,95.871666,Critical
Angul,20.8444,85.1511,3.4348567,Low
Varanasi,25.3176,82.9739,7.534185,Low
Salem,11.6643,78.146,3.867934,Low
Agra,27.1767,78.0081,3.524448,Low
Lucknow,26.8467,80.9462,49.502567,Medium
Kutch,23.7337,69.8597,96.73741,Critical
Vadodara,22.3072,73.1812,0.8442473,Low
Ballari,15.1394,76.9214,98.866394,Critical
Varanasi,25.3176,82.9739,2.561705,Low
Agra,27.1767,78.0081,1.8211749,Low
Ahmedabad,23.0225,72.5714,86.905014,Critical
Surat,21.1702,72.8311,91.71297,Critical
Belagavi,15.8497,74.4977,96.35137,Critical
Bengaluru Urban,12.9716,77.5946,7.8011217,Low
Thane,19.2183,72.9781,98.56713,Critical
Angul,20.8444,85.1511,21.842478,Low
Lucknow,26.8467,80.9462,97.30313,Critical
Agra,27.1767,78.0081,15.456468,Low
Belagavi,15.8497,74.4977,1.075558,Low
Ballari,15.1394,76.9214,96.02965,Critical
Pune,18.5204,73.8567,4.2839828,Low
Sundargarh,22.1167,84.0333,77.57556,High
Thane,19.2183,72.9781,0.98573744,Low
Khordha,20.1734,85.6745,18.429163,Low
Madurai,9.9252,78.1198,6.712941,Low
Varanasi,25.3176,82.9739,1.6793888,Low
Nagpur,21.1458,79.0882,95.643745,Critical
Mysuru,12.2958,76.6394,89.19251,Critical
Nagpur,21.1458,79.0882,0.89334613,Low
Coimbatore,11.0168,76.9558,39.755806,Low
Aurangabad,19.8762,75.3433,4.2999935,Low
Prayagraj,25.4358,81.8463,12.217695,Low
Kanchipuram,12.8342,79.7036,1.5577021,Low
Tumakuru,13.3409,77.101,1.9405947,Low
Ballari,15.1394,76.9214,10.587094,Low
Ahmedabad,23.0225,72.5714,60.23976,Medium
Coimbatore,11.0168,76.9558,5.9567266,Low
Ahmedabad,23.0225,72.5714,98.82092,Critical
Ahmedabad,23.0225,72.5714,84.741554,Critical
Gautam Buddha Nagar,28.5355,77.391,1.4598559,Low
Pune,18.5204,73.8567,18.718819,Low
Ballari,15.1394,76.9214,4.97784,Low
Tumakuru,13.3409,77.101,7.24844,Low
Pune,18.5204,73.8567,80.14342,Critical
Mysuru,12.2958,76.6394,11.851545,Low
Nagpur,21.1458,79.0882,2.2406251,Low
Coimbatore,11.0168,76.9558,98.66503,Critical
Varanasi,25.3176,82.9739,20.060822,Low
Varanasi,25.3176,82.9739,2.4123974,Low
Varanasi,25.3176,82.9739,1.1320642,Low
Pune,18.5204,73.8567,1.107038,Low
Thane,19.2183,72.9781,2.8300867,Low
Jajpur,20.85,86.333,2.3765416,Low
Ballari,15.1394,76.9214,98.56235,Critical
Mysuru,12.2958,76.6394,2.7828164,Low
Sambalpur,21.4669,83.9812,97.63479,Critical
Sambalpur,21.4669,83.9812,78.01681,High
Agra,27.1767,78.0081,2.233754,Low
Khordha,20.1734,85.6745,1.5035737,Low
Nagpur,21.1458,79.0882,2.3864462,Low
Ahmedabad,23.0225,72.5714,33.78228,Low
Nagpur,21.1458,79.0882,97.85738,Critical
Angul,20.8444,85.1511,97.89522,Critical
Ballari,15.1394,76.9214,46.961166,Medium
Nashik,19.9975,73.7898,34.724773,Low
Tumakuru,13.3409,77.101,7.062341,Low
Nagpur,21.1458,79.0882,30.887493,Low
Bengaluru Urban,12.9716,77.5946,97.21722,Critical
Tiruvallur,13.1439,79.9089,94.557014,Critical
Aurangabad,19.8762,75.3433,1.428613,Low
Tumakuru,13.3409,77.101,97.19429,Critical
Kutch,23.7337,69.8597,1.2040397,Low
Varanasi,25.3176,82.9739,98.96047,Critical
Aurangabad,19.8762,75.3433,1.3235072,Low
Ahmedabad,23.0225,72.5714,3.8934815,Low
Lucknow,26.8467,80.9462,98.51076,Critical
Thane,19.2183,72.9781,13.992856,Low
Ahmedabad,23.0225,72.5714,92.23766,Critical
Kutch,23.7337,69.8597,1.4372754,Low
Kanchipuram,12.8342,79.7036,26.334806,Low
Bharuch,21.7051,72.9959,12.487817,Low
Kanchipuram,12.8342,79.7036,55.481857,Medium
Sambalpur,21.4669,83.9812,5.4452605,Low
Bengaluru Urban,12.9716,77.5946,3.6427245,Low
Varanasi,25.3176,82.9739,12.1174345,Low
Bengaluru Urban,12.9716,77.5946,68.59299,High
Bengaluru Urban,12.9716,77.5946,10.736385,Low
Madurai,9.9252,78.1198,19.14388,Low
Mysuru,12.2958,76.6394,91.192635,Critical
Bharuch,21.7051,72.9959,90.303116,Critical
Madurai,9.9252,78.1198,14.7320795,Low
Ballari,15.1394,76.9214,24.299381,Low
Madurai,9.9252,78.1198,1.7532269,Low
Sundargarh,22.1167,84.0333,99.21807,Critical
Salem,11.6643,78.146,89.38958,Critical
Pune,18.5204,73.8567,58.64026,Medium
Kutch,23.7337,69.8597,90.356155,Critical
Prayagraj,25.4358,81.8463,2.1035683,Low
Aurangabad,19.8762,75.3433,37.78139,Low
Nashik,19.9975,73.7898,66.84648,High
Aurangabad,19.8762,75.3433,2.1886544,Low
Bengaluru Urban,12.9716,77.5946,4.1819725,Low
Madurai,9.9252,78.1198,7.322097,Low
Kanchipuram,12.8342,79.7036,98.96239,Critical
Belagavi,15.8497,74.4977,2.9358354,Low
Vadodara,22.3072,73.1812,6.916715,Low
Mysuru,12.2958,76.6394,7.505726,Low
Bengaluru Urban,12.9716,77.5946,2.2616963,Low
Belagavi,15.8497,74.4977,1.874736,Low
Vadodara,22.3072,73.1812,98.696724,Critical
Vadodara,22.3072,73.1812,13.516261,Low
Angul,20.8444,85.1511,1.5936881,Low
Khordha,20.1734,85.6745,94.15781,Critical
Sundargarh,22.1167,84.0333,3.431691,Low
Sambalpur,21.4669,83.9812,95.008835,Critical
Coimbatore,11.0168,76.9558,12.930183,Low
Nagpur,21.1458,79.0882,15.8537445,Low
Nagpur,21.1458,79.0882,85.05619,Critical
Khordha,20.1734,85.6745,92.54295,Critical
Khordha,20.1734,85.6745,22.970922,Low
Gautam Buddha Nagar,28.5355,77.391,7.056801,Low
Nagpur,21.1458,79.0882,12.157183,Low
Gautam Buddha Nagar,28.5355,77.391,14.29112,Low
Lucknow,26.8467,80.9462,11.203669,Low
Bengaluru Urban,12.9716,77.5946,6.6158185,Low
Tiruvallur,13.1439,79.9089,21.472008,Low
Ahmedabad,23.0225,72.5714,0.8873557,Low
Pune,18.5204,73.8567,11.28143,Low
Khordha,20.1734,85.6745,0.46734017,Low
Khordha,20.1734,85.6745,27.232037,Low
Bharuch,21.7051,72.9959,3.4016516,Low
Aurangabad,19.8762,75.3433,10.657522,Low
Khordha,20.1734,85.6745,1.9339817,Low
Angul,20.8444,85.1511,7.1487174,Low
Mysuru,12.2958,76.6394,0.35821453,Low
Prayagraj,25.4358,81.8463,92.30109,Critical
Khordha,20.1734,85.6745,15.937721,Low
Madurai,9.9252,78.1198,10.771825,Low
Thane,19.2183,72.9781,15.308958,Low
Tiruvallur,13.1439,79.9089,4.5047626,Low
Bharuch,21.7051,72.9959,1.1457449,Low
Ballari,15.1394,76.9214,4.3378005,Low
Pune,18.5204,73.8567,10.160952,Low
Belagavi,15.8497,74.4977,4.875778,Low
Agra,27.1767,78.0081,4.8297076,Low
Sundargarh,22.1167,84.0333,97.927895,Critical
Nashik,19.9975,73.7898,12.559726,Low
Ahmedabad,23.0225,72.5714,13.278993,Low
Gautam Buddha Nagar,28.5355,77.391,42.203667,Low
Agra,27.1767,78.0081,5.1211348,Low
Ballari,15.1394,76.9214,8.501368,Low
Gautam Buddha Nagar,28.5355,77.391,95.989784,Critical
Pune,18.5204,73.8567,39.478294,Low
Tumakuru,13.3409,77.101,15.094906,Low
Gautam Buddha Nagar,28.5355,77.391,88.54215,Critical
Vadodara,22.3072,73.1812,1.7880045,Low
Kanchipuram,12.8342,79.7036,0.7599178,Low
Pune,18.5204,73.8567,5.840512,Low
Kutch,23.7337,69.8597,4.348859,Low
Kutch,23.7337,69.8597,0.2225907,Low
Bengaluru Urban,12.9716,77.5946,89.89075,Critical
Jajpur,20.85,86.333,9.66363,Low
Mysuru,12.2958,76.6394,11.09201,Low
Pune,18.5204,73.8567,7.97249,Low
Nashik,19.9975,73.7898,13.432436,Low
Bengaluru Urban,12.9716,77.5946,4.968021,Low
Sambalpur,21.4669,83.9812,2.1011627,Low
Belagavi,15.8497,74.4977,4.9439363,Low
Thane,19.2183,72.9781,7.1984634,Low
Jajpur,20.85,86.333,1.9132121,Low
Nashik,19.9975,73.7898,97.98476,Critical
Sambalpur,21.4669,83.9812,92.96034,Critical
Jajpur,20.85,86.333,0.89282113,Low
Bengaluru Urban,12.9716,77.5946,41.997696,Low
Bengaluru Urban,12.9716,77.5946,84.980415,Critical
Belagavi,15.8497,74.4977,30.965504,Low
Sundargarh,22.1167,84.0333,91.92611,Critical
Sundargarh,22.1167,84.0333,0.90392286,Low
Pune,18.5204,73.8567,78.88842,High
Surat,21.1702,72.8311,0.8208936,Low
Belagavi,15.8497,74.4977,8.595057,Low
Kanchipuram,12.8342,79.7036,7.01448,Low
Aurangabad,19.8762,75.3433,99.27851,Critical
Nashik,19.9975,73.7898,1.8281065,Low
Lucknow,26.8467,80.9462,0.8675789,Low
Bengaluru Urban,12.9716,77.5946,88.887314,Critical
Pune,18.5204,73.8567,3.9539921,Low
Lucknow,26.8467,80.9462,97.18392,Critical
Salem,11.6643,78.146,15.775208,Low
Coimbatore,11.0168,76.9558,87.96486,Critical
Tumakuru,13.3409,77.101,8.180711,Low
Jajpur,20.85,86.333,3.987772,Low
Agra,27.1767,78.0081,11.658708,Low
Jajpur,20.85,86.333,4.0622435,Low
Tiruvallur,13.1439,79.9089,16.90232,Low
Tiruvallur,13.1439,79.9089,10.531347,Low
Surat,21.1702,72.8311,16.120062,Low
Ahmedabad,23.0225,72.5714,2.1477895,Low
Vadodara,22.3072,73.1812,9.421381,Low
Ahmedabad,23.0225,72.5714,12.884988,Low
Thane,19.2183,72.9781,89.78341,Critical
Surat,21.1702,72.8311,7.9018607,Low
Nagpur,21.1458,79.0882,95.95186,Critical
Aurangabad,19.8762,75.3433,7.4450502,Low
Ballari,15.1394,76.9214,93.04325,Critical
Nagpur,21.1458,79.0882,4.0041447,Low
Nagpur,21.1458,79.0882,76.96584,High
Vadodara,22.3072,73.1812,1.5375646,Low
Nagpur,21.1458,79.0882,34.6627,Low
Khordha,20.1734,85.6745,1.7194653,Low
Vadodara,22.3072,73.1812,8.429362,Low
Varanasi,25.3176,82.9739,99.390335,Critical
Vadodara,22.3072,73.1812,18.004808,Low
Thane,19.2183,72.9781,98.21536,Critical
Jajpur,20.85,86.333,0.7587055,Low
Kutch,23.7337,69.8597,30.140055,Low
Angul,20.8444,85.1511,3.5598953,Low
Lucknow,26.8467,80.9462,93.897255,Critical
Tiruvallur,13.1439,79.9089,4.106953,Low
Varanasi,25.3176,82.9739,74.971085,High
Salem,11.6643,78.146,4.8700557,Low
Mysuru,12.2958,76.6394,99.416824,Critical
Kanchipuram,12.8342,79.7036,94.7891,Critical
Mysuru,12.2958,76.6394,16.341967,Low
Kutch,23.7337,69.8597,14.8122,Low
Ballari,15.1394,76.9214,81.31583,Critical
Sundargarh,22.1167,84.0333,97.78482,Critical
Belagavi,15.8497,74.4977,94.46503,Critical
Sambalpur,21.4669,83.9812,94.65158,Critical
Madurai,9.9252,78.1198,1.5127296,Low
Salem,11.6643,78.146,0.38790244,Low
Madurai,9.9252,78.1198,2.727478,Low
Belagavi,15.8497,74.4977,5.857809,Low
Madurai,9.9252,78.1198,2.322107,Low
Belagavi,15.8497,74.4977,95.85529,Critical
Bengaluru Urban,12.9716,77.5946,10.687315,Low
Aurangabad,19.8762,75.3433,8.940998,Low
Nagpur,21.1458,79.0882,4.1896715,Low
Mysuru,12.2958,76.6394,97.74567,Critical
Angul,20.8444,85.1511,16.106178,Low
Surat,21.1702,72.8311,99.18552,Critical
Prayagraj,25.4358,81.8463,78.443924,High
Aurangabad,19.8762,75.3433,4.9920053,Low
Bengaluru Urban,12.9716,77.5946,1.3759995,Low
Agra,27.1767,78.0081,90.02362,Critical
Nagpur,21.1458,79.0882,96.84272,Critical
Bharuch,21.7051,72.9959,12.299921,Low
Khordha,20.1734,85.6745,4.972886,Low
Tumakuru,13.3409,77.101,14.800969,Low
Bharuch,21.7051,72.9959,97.32198,Critical
Pune,18.5204,73.8567,98.83422,Critical
Belagavi,15.8497,74.4977,95.27799,Critical
Lucknow,26.8467,80.9462,94.70948,Critical
Madurai,9.9252,78.1198,1.7634548,Low
Khordha,20.1734,85.6745,1.7209865,Low
Aurangabad,19.8762,75.3433,95.60812,Critical
Angul,20.8444,85.1511,8.312101,Low
Bengaluru Urban,12.9716,77.5946,84.37692,Critical
Kanchipuram,12.8342,79.7036,5.073715,Low
Vadodara,22.3072,73.1812,3.2361486,Low
Sundargarh,22.1167,84.0333,1.9795839,Low
Gautam Buddha Nagar,28.5355,77.391,92.3666,Critical
Thane,19.2183,72.9781,1.1306177,Low
Agra,27.1767,78.0081,7.4403076,Low
Sambalpur,21.4669,83.9812,95.52303,Critical
Kanchipuram,12.8342,79.7036,99.54851,Critical
Bharuch,21.7051,72.9959,3.0023847,Low
Ahmedabad,23.0225,72.5714,93.75929,Critical
Varanasi,25.3176,82.9739,12.353858,Low
Tumakuru,13.3409,77.101,3.0652766,Low
Bengaluru Urban,12.9716,77.5946,0.67842525,Low
Salem,11.6643,78.146,83.88847,Critical
Ahmedabad,23.0225,72.5714,3.1247363,Low
Varanasi,25.3176,82.9739,1.3557391,Low
Varanasi,25.3176,82.9739,19.854692,Low
Agra,27.1767,78.0081,0.54877675,Low
Sundargarh,22.1167,84.0333,1.0766442,Low
Salem,11.6643,78.146,6.5493145,Low
Belagavi,15.8497,74.4977,27.504189,Low
Bengaluru Urban,12.9716,77.5946,0.5828339,Low
Sundargarh,22.1167,84.0333,99.24752,Critical
Thane,19.2183,72.9781,96.513725,Critical
Khordha,20.1734,85.6745,99.19477,Critical
Tiruvallur,13.1439,79.9089,1.2827553,Low
Agra,27.1767,78.0081,1.3924472,Low
Jajpur,20.85,86.333,5.990054,Low
Gautam Buddha Nagar,28.5355,77.391,10.023937,Low
Tiruvallur,13.1439,79.9089,97.49376,Critical
Coimbatore,11.0168,76.9558,98.04462,Critical
Ahmedabad,23.0225,72.5714,90.65439,Critical
Gautam Buddha Nagar,28.5355,77.391,16.668865,Low
Bengaluru Urban,12.9716,77.5946,11.343646,Low
Sambalpur,21.4669,83.9812,0.7648367,Low
Salem,11.6643,78.146,5.808832,Low
Prayagraj,25.4358,81.8463,99.44395,Critical
Aurangabad,19.8762,75.3433,90.68996,Critical
Kutch,23.7337,69.8597,18.797503,Low
Thane,19.2183,72.9781,5.740746,Low
Madurai,9.9252,78.1198,1.3696839,Low
Nashik,19.9975,73.7898,5.9620285,Low
Pune,18.5204,73.8567,98.26909,Critical
Ahmedabad,23.0225,72.5714,11.605573,Low
Surat,21.1702,72.8311,16.530163,Low
Bharuch,21.7051,72.9959,88.84944,Critical
Vadodara,22.3072,73.1812,3.8445692,Low
Pune,18.5204,73.8567,8.8889475,Low
Ballari,15.1394,76.9214,8.305027,Low
Belagavi,15.8497,74.4977,6.698382,Low
Surat,21.1702,72.8311,13.806412,Low
Khordha,20.1734,85.6745,25.851187,Low
Agra,27.1767,78.0081,0.86541826,Low
Coimbatore,11.0168,76.9558,33.48016,Low
Khordha,20.1734,85.6745,7.676921,Low
Tiruvallur,13.1439,79.9089,3.6199696,Low
Khordha,20.1734,85.6745,61.524845,Medium
Khordha,20.1734,85.6745,1.0145471,Low
Mysuru,12.2958,76.6394,96.64142,Critical
Agra,27.1767,78.0081,3.2000477,Low
Jajpur,20.85,86.333,5.414141,Low
Ahmedabad,23.0225,72.5714,46.48408,Medium
Coimbatore,11.0168,76.9558,58.995743,Medium
Tumakuru,13.3409,77.101,96.30493,Critical
Salem,11.6643,78.146,96.71229,Critical
Ahmedabad,23.0225,72.5714,7.816798,Low
Ahmedabad,23.0225,72.5714,98.56815,Critical
Sundargarh,22.1167,84.0333,2.8455703,Low
Bharuch,21.7051,72.9959,5.116114,Low
Gautam Buddha Nagar,28.5355,77.391,95.35586,Critical
Kutch,23.7337,69.8597,2.3944216,Low
Jajpur,20.85,86.333,1.6233487,Low
Kanchipuram,12.8342,79.7036,95.93915,Critical
Kutch,23.7337,69.8597,2.4602008,Low
Belagavi,15.8497,74.4977,7.11382,Low
Ballari,15.1394,76.9214,22.545168,Low
Bengaluru Urban,12.9716,77.5946,6.0809307,Low
Salem,11.6643,78.146,96.37285,Critical
Pune,18.5204,73.8567,2.548803,Low
Tumakuru,13.3409,77.101,95.02019,Critical
Belagavi,15.8497,74.4977,86.19623,Critical
Nagpur,21.1458,79.0882,95.088646,Critical
Tiruvallur,13.1439,79.9089,1.186628,Low
Mysuru,12.2958,76.6394,1.6211653,Low
Angul,20.8444,85.1511,99.77755,Critical
Salem,11.6643,78.146,74.995834,High
Belagavi,15.8497,74.4977,2.3077533,Low
Ballari,15.1394,76.9214,59.045315,Medium
Thane,19.2183,72.9781,12.343905,Low
Angul,20.8444,85.1511,2.4492707,Low
Madurai,9.9252,78.1198,1.3709354,Low
Bharuch,21.7051,72.9959,4.0900073,Low
Agra,27.1767,78.0081,99.243065,Critical
Angul,20.8444,85.1511,90.356514,Critical
Bharuch,21.7051,72.9959,1.6590416,Low
Jajpur,20.85,86.333,93.54663,Critical
Bharuch,21.7051,72.9959,5.520263,Low
Surat,21.1702,72.8311,79.83171,High
Khordha,20.1734,85.6745,24.61876,Low
Thane,19.2183,72.9781,1.4387596,Low
Angul,20.8444,85.1511,2.8889022,Low
Sundargarh,22.1167,84.0333,98.33828,Critical
Ahmedabad,23.0225,72.5714,90.98364,Critical
Gautam Buddha Nagar,28.5355,77.391,1.6494153,Low
Surat,21.1702,72.8311,0.7360124,Low
Ballari,15.1394,76.9214,96.054886,Critical
Sambalpur,21.4669,83.9812,78.65176,High
Kanchipuram,12.8342,79.7036,66.96705,High
Sambalpur,21.4669,83.9812,95.68003,Critical
Aurangabad,19.8762,75.3433,98.73412,Critical
Madurai,9.9252,78.1198,82.80331,Critical
Ahmedabad,23.0225,72.5714,16.668545,Low
Aurangabad,19.8762,75.3433,11.838421,Low
Angul,20.8444,85.1511,27.190144,Low
Ahmedabad,23.0225,72.5714,98.97044,Critical
Surat,21.1702,72.8311,2.427669,Low
Ballari,15.1394,76.9214,1.4395312,Low
Mysuru,12.2958,76.6394,1.9051284,Low
Gautam Buddha Nagar,28.5355,77.391,93.51751,Critical
Belagavi,15.8497,74.4977,3.2894573,Low
Salem,11.6643,78.146,27.765078,Low
Surat,21.1702,72.8311,1.5762383,Low
Ballari,15.1394,76.9214,84.28501,Critical
Agra,27.1767,78.0081,9.606843,Low
Sambalpur,21.4669,83.9812,15.120106,Low
Coimbatore,11.0168,76.9558,22.496885,Low
Bengaluru Urban,12.9716,77.5946,1.2443259,Low
Bharuch,21.7051,72.9959,1.1704404,Low
Jajpur,20.85,86.333,8.378871,Low
Surat,21.1702,72.8311,90.53482,Critical
Sambalpur,21.4669,83.9812,10.965018,Low
Coimbatore,11.0168,76.9558,6.238147,Low
Bharuch,21.7051,72.9959,9.079281,Low
Belagavi,15.8497,74.4977,90.73557,Critical
Mysuru,12.2958,76.6394,29.2761,Low
Prayagraj,25.4358,81.8463,20.463018,Low
Khordha,20.1734,85.6745,2.1778364,Low
Gautam Buddha Nagar,28.5355,77.391,1.3155894,Low
Nagpur,21.1458,79.0882,1.4338984,Low
Mysuru,12.2958,76.6394,15.009056,Low
Khordha,20.1734,85.6745,95.07434,Critical
Tiruvallur,13.1439,79.9089,0.9541114,Low
Prayagraj,25.4358,81.8463,82.15521,Critical
Coimbatore,11.0168,76.9558,99.68919,Critical
Tiruvallur,13.1439,79.9089,3.4027503,Low
Coimbatore,11.0168,76.9558,21.730293,Low
Agra,27.1767,78.0081,8.52469,Low
Nashik,19.9975,73.7898,12.647057,Low
Prayagraj,25.4358,81.8463,98.67286,Critical
Surat,21.1702,72.8311,31.217209,Low
Tumakuru,13.3409,77.101,98.12345,Critical
Agra,27.1767,78.0081,85.017944,Critical
Agra,27.1767,78.0081,10.201779,Low
Pune,18.5204,73.8567,96.75611,Critical
Surat,21.1702,72.8311,7.7212586,Low
Lucknow,26.8467,80.9462,3.4430032,Low
Ballari,15.1394,76.9214,91.66459,Critical
Tumakuru,13.3409,77.101,96.24747,Critical
Prayagraj,25.4358,81.8463,15.047585,Low
Salem,11.6643,78.146,1.632362,Low
Salem,11.6643,78.146,88.42893,Critical
Surat,21.1702,72.8311,6.4301305,Low
Bengaluru Urban,12.9716,77.5946,82.80524,Critical
Salem,11.6643,78.146,2.6649055,Low
Mysuru,12.2958,76.6394,88.06497,Critical
Bharuch,21.7051,72.9959,2.110055,Low
Bharuch,21.7051,72.9959,67.72653,High
Kanchipuram,12.8342,79.7036,87.053116,Critical
Lucknow,26.8467,80.9462,86.07982,Critical
Sambalpur,21.4669,83.9812,1.2421199,Low
Aurangabad,19.8762,75.3433,14.230373,Low
Sundargarh,22.1167,84.0333,62.82335,Medium
Khordha,20.1734,85.6745,14.337392,Low
Tumakuru,13.3409,77.101,73.108025,High
Bharuch,21.7051,72.9959,94.75597,Critical
Bengaluru Urban,12.9716,77.5946,83.37316,Critical
Kanchipuram,12.8342,79.7036,97.90077,Critical
Thane,19.2183,72.9781,0.6457815,Low
Coimbatore,11.0168,76.9558,2.5745466,Low
Varanasi,25.3176,82.9739,31.711365,Low
Nagpur,21.1458,79.0882,98.49213,Critical
Mysuru,12.2958,76.6394,11.473061,Low
Mysuru,12.2958,76.6394,12.721814,Low
Salem,11.6643,78.146,1.714417,Low
Belagavi,15.8497,74.4977,88.99469,Critical
Tumakuru,13.3409,77.101,97.793785,Critical
Sundargarh,22.1167,84.0333,99.3295,Critical
Gautam Buddha Nagar,28.5355,77.391,99.070274,Critical
Sambalpur,21.4669,83.9812,2.3535683,Low
Ballari,15.1394,76.9214,18.57386,Low
Surat,21.1702,72.8311,0.6925606,Low
Angul,20.8444,85.1511,39.56846,Low
Mysuru,12.2958,76.6394,93.63131,Critical
Belagavi,15.8497,74.4977,84.87981,Critical
Varanasi,25.3176,82.9739,73.026,High
Tiruvallur,13.1439,79.9089,97.659775,Critical
Nagpur,21.1458,79.0882,4.0315742,Low
Khordha,20.1734,85.6745,75.85357,High
Jajpur,20.85,86.333,88.3358,Critical
Khordha,20.1734,85.6745,93.03038,Critical
Ballari,15.1394,76.9214,11.809599,Low
Agra,27.1767,78.0081,99.406876,Critical
Mysuru,12.2958,76.6394,21.103073,Low
Tumakuru,13.3409,77.101,86.36635,Critical
Salem,11.6643,78.146,13.971853,Low
Bharuch,21.7051,72.9959,7.8259826,Low
Prayagraj,25.4358,81.8463,88.29284,Critical
Sundargarh,22.1167,84.0333,96.71144,Critical
Thane,19.2183,72.9781,5.833069,Low
Sambalpur,21.4669,83.9812,18.55157,Low
Ballari,15.1394,76.9214,87.11598,Critical
Lucknow,26.8467,80.9462,0.5778405,Low
Varanasi,25.3176,82.9739,91.794365,Critical
Lucknow,26.8467,80.9462,90.66148,Critical
Kutch,23.7337,69.8597,97.2928,Critical
Khordha,20.1734,85.6745,9.908137,Low
Vadodara,22.3072,73.1812,54.163273,Medium
Madurai,9.9252,78.1198,95.662346,Critical
Thane,19.2183,72.9781,5.788847,Low
Madurai,9.9252,78.1198,12.119868,Low
Belagavi,15.8497,74.4977,23.897871,Low
Kutch,23.7337,69.8597,2.7959044,Low
Bharuch,21.7051,72.9959,88.36122,Critical
Kanchipuram,12.8342,79.7036,7.059599,Low
Ballari,15.1394,76.9214,0.7562436,Low
Lucknow,26.8467,80.9462,15.340222,Low
Tumakuru,13.3409,77.101,1.7379043,Low
Sambalpur,21.4669,83.9812,19.652016,Low
Tiruvallur,13.1439,79.9089,5.0962553,Low
Ballari,15.1394,76.9214,74.15135,High
Varanasi,25.3176,82.9739,12.54246,Low
Mysuru,12.2958,76.6394,98.369255,Critical
Kutch,23.7337,69.8597,0.8452246,Low
Pune,18.5204,73.8567,85.85661,Critical
Bharuch,21.7051,72.9959,93.85308,Critical
Aurangabad,19.8762,75.3433,42.634144,Low
Bengaluru Urban,12.9716,77.5946,20.559753,Low
Sambalpur,21.4669,83.9812,18.510164,Low
Belagavi,15.8497,74.4977,0.98007107,Low
Lucknow,26.8467,80.9462,7.4847565,Low
Ballari,15.1394,76.9214,5.503783,Low
Nashik,19.9975,73.7898,1.4226699,Low
Kutch,23.7337,69.8597,97.0054,Critical
Sambalpur,21.4669,83.9812,2.938002,Low
Ballari,15.1394,76.9214,2.0572052,Low
Ballari,15.1394,76.9214,3.6550834,Low
Bharuch,21.7051,72.9959,94.11968,Critical
Jajpur,20.85,86.333,0.58165836,Low
Madurai,9.9252,78.1198,0.98519075,Low
Tumakuru,13.3409,77.101,79.33424,High
Ballari,15.1394,76.9214,3.92301,Low
Tiruvallur,13.1439,79.9089,10.189559,Low
Nagpur,21.1458,79.0882,2.5943582,Low
Aurangabad,19.8762,75.3433,1.5142578,Low
Prayagraj,25.4358,81.8463,0.632072,Low
Kutch,23.7337,69.8597,81.14554,Critical
Sambalpur,21.4669,83.9812,7.947147,Low
Bengaluru Urban,12.9716,77.5946,0.45667315,Low
Ballari,15.1394,76.9214,96.48917,Critical
Agra,27.1767,78.0081,5.717189,Low
Mysuru,12.2958,76.6394,95.05644,Critical
Ahmedabad,23.0225,72.5714,84.669914,Critical
Prayagraj,25.4358,81.8463,7.0111036,Low
Vadodara,22.3072,73.1812,97.61054,Critical
Prayagraj,25.4358,81.8463,9.798208,Low
Mysuru,12.2958,76.6394,87.87314,Critical
Varanasi,25.3176,82.9739,84.483864,Critical
Nagpur,21.1458,79.0882,42.317543,Low
Angul,20.8444,85.1511,99.33926,Critical
Ballari,15.1394,76.9214,98.37381,Critical
Kanchipuram,12.8342,79.7036,89.3783,Critical
Sambalpur,21.4669,83.9812,95.42918,Critical
Tumakuru,13.3409,77.101,94.682755,Critical
Angul,20.8444,85.1511,92.50653,Critical
Thane,19.2183,72.9781,89.1546,Critical
Sundargarh,22.1167,84.0333,32.776608,Low
Prayagraj,25.4358,81.8463,1.6083447,Low
Sambalpur,21.4669,83.9812,96.973206,Critical
Bengaluru Urban,12.9716,77.5946,16.522217,Low
Salem,11.6643,78.146,1.956406,Low
Salem,11.6643,78.146,9.972195,Low
Bharuch,21.7051,72.9959,11.334687,Low
Jajpur,20.85,86.333,6.421765,Low
Coimbatore,11.0168,76.9558,0.47712582,Low
Sambalpur,21.4669,83.9812,12.901981,Low
Kanchipuram,12.8342,79.7036,9.90378,Low
Khordha,20.1734,85.6745,1.2343847,Low
Tumakuru,13.3409,77.101,27.03323,Low
Khordha,20.1734,85.6745,99.36362,Critical
Tumakuru,13.3409,77.101,98.78103,Critical
Ballari,15.1394,76.9214,2.6276636,Low
Ahmedabad,23.0225,72.5714,1.5421113,Low
Salem,11.6643,78.146,94.650826,Critical
Prayagraj,25.4358,81.8463,23.688437,Low
Ballari,15.1394,76.9214,0.7048367,Low
Salem,11.6643,78.146,5.3135047,Low
Thane,19.2183,72.9781,4.162919,Low
Sundargarh,22.1167,84.0333,20.782528,Low
Aurangabad,19.8762,75.3433,23.52959,Low
Angul,20.8444,85.1511,99.799324,Critical
Kutch,23.7337,69.8597,95.53477,Critical
Bengaluru Urban,12.9716,77.5946,7.3166175,Low
Agra,27.1767,78.0081,89.26382,Critical
Mysuru,12.2958,76.6394,7.640127,Low
Angul,20.8444,85.1511,93.065384,Critical
Lucknow,26.8467,80.9462,82.96982,Critical
Ballari,15.1394,76.9214,2.1519544,Low
Lucknow,26.8467,80.9462,4.9312067,Low
Sambalpur,21.4669,83.9812,3.2346923,Low
Vadodara,22.3072,73.1812,82.845024,Critical
Kutch,23.7337,69.8597,78.29613,High
Tumakuru,13.3409,77.101,6.087532,Low
Nagpur,21.1458,79.0882,95.28249,Critical
Sambalpur,21.4669,83.9812,98.23681,Critical
Belagavi,15.8497,74.4977,1.1666896,Low
Belagavi,15.8497,74.4977,72.87262,High
Surat,21.1702,72.8311,3.1097965,Low
Varanasi,25.3176,82.9739,0.61390924,Low
Khordha,20.1734,85.6745,2.428739,Low
Agra,27.1767,78.0081,8.750995,Low
Kanchipuram,12.8342,79.7036,29.530712,Low
Salem,11.6643,78.146,98.824745,Critical
Angul,20.8444,85.1511,94.34091,Critical
Nashik,19.9975,73.7898,9.622404,Low
Tiruvallur,13.1439,79.9089,37.853596,Low
Bharuch,21.7051,72.9959,1.1522641,Low
Nagpur,21.1458,79.0882,3.6415982,Low
Bengaluru Urban,12.9716,77.5946,85.353745,Critical
Salem,11.6643,78.146,0.67292017,Low
Ahmedabad,23.0225,72.5714,2.7741458,Low
Bengaluru Urban,12.9716,77.5946,99.3152,Critical
Pune,18.5204,73.8567,2.8569129,Low
Jajpur,20.85,86.333,3.0469205,Low
Mysuru,12.2958,76.6394,96.65387,Critical
Lucknow,26.8467,80.9462,91.28072,Critical
Angul,20.8444,85.1511,6.0881386,Low
Angul,20.8444,85.1511,0.93437135,Low
Pune,18.5204,73.8567,5.328755,Low
Nashik,19.9975,73.7898,1.2704232,Low
Surat,21.1702,72.8311,1.100272,Low
Ahmedabad,23.0225,72.5714,91.02485,Critical
Prayagraj,25.4358,81.8463,0.8045516,Low
Khordha,20.1734,85.6745,0.31512925,Low
Agra,27.1767,78.0081,4.5555773,Low
Prayagraj,25.4358,81.8463,95.86614,Critical
Pune,18.5204,73.8567,2.304355,Low
Agra,27.1767,78.0081,93.488846,Critical
Agra,27.1767,78.0081,94.304855,Critical
Belagavi,15.8497,74.4977,2.5056825,Low
Ahmedabad,23.0225,72.5714,24.746296,Low
Bharuch,21.7051,72.9959,57.991894,Medium
Angul,20.8444,85.1511,9.701018,Low
Bharuch,21.7051,72.9959,4.944126,Low
Coimbatore,11.0168,76.9558,2.8374157,Low
Jajpur,20.85,86.333,0.5494095,Low
Bengaluru Urban,12.9716,77.5946,1.6456246,Low
Ahmedabad,23.0225,72.5714,87.787125,Critical
Ballari,15.1394,76.9214,2.441372,Low
Ahmedabad,23.0225,72.5714,96.8447,Critical
Kutch,23.7337,69.8597,5.0547047,Low
Tumakuru,13.3409,77.101,97.853,Critical
Varanasi,25.3176,82.9739,98.37458,Critical
Lucknow,26.8467,80.9462,92.50583,Critical
Prayagraj,25.4358,81.8463,82.969406,Critical
Tiruvallur,13.1439,79.9089,20.774136,Low
Agra,27.1767,78.0081,20.80506,Low
Vadodara,22.3072,73.1812,91.318794,Critical
Nashik,19.9975,73.7898,2.5623324,Low
Ballari,15.1394,76.9214,1.2387744,Low
Nagpur,21.1458,79.0882,99.660576,Critical
Kanchipuram,12.8342,79.7036,2.4189444,Low
Aurangabad,19.8762,75.3433,2.3487563,Low
Sambalpur,21.4669,83.9812,2.0681229,Low
Gautam Buddha Nagar,28.5355,77.391,0.6040421,Low
Kanchipuram,12.8342,79.7036,19.225685,Low
Surat,21.1702,72.8311,6.7683125,Low
Varanasi,25.3176,82.9739,11.09056,Low
Varanasi,25.3176,82.9739,1.0203848,Low
Nashik,19.9975,73.7898,1.9398153,Low
Sambalpur,21.4669,83.9812,95.349464,Critical
Gautam Buddha Nagar,28.5355,77.391,50.196163,Medium
Ballari,15.1394,76.9214,50.48434,Medium
Ballari,15.1394,76.9214,5.223499,Low
Varanasi,25.3176,82.9739,28.168764,Low
Nagpur,21.1458,79.0882,99.7267,Critical
Aurangabad,19.8762,75.3433,0.768136,Low
Surat,21.1702,72.8311,99.20062,Critical
Tiruvallur,13.1439,79.9089,47.12364,Medium
Kanchipuram,12.8342,79.7036,92.43254,Critical
Madurai,9.9252,78.1198,92.696495,Critical
Khordha,20.1734,85.6745,1.6693523,Low
Nashik,19.9975,73.7898,12.988175,Low
Surat,21.1702,72.8311,87.138054,Critical
Tumakuru,13.3409,77.101,11.769446,Low
Tiruvallur,13.1439,79.9089,8.660385,Low
Tumakuru,13.3409,77.101,96.957,Critical
Bengaluru Urban,12.9716,77.5946,6.140114,Low
Prayagraj,25.4358,81.8463,6.8611546,Low
Sundargarh,22.1167,84.0333,2.4313838,Low
Bharuch,21.7051,72.9959,48.935764,Medium
Sundargarh,22.1167,84.0333,4.384481,Low
Lucknow,26.8467,80.9462,99.47401,Critical
Vadodara,22.3072,73.1812,92.126175,Critical
Kutch,23.7337,69.8597,1.6603857,Low
Thane,19.2183,72.9781,8.041176,Low
Sambalpur,21.4669,83.9812,4.099197,Low
Jajpur,20.85,86.333,0.9540573,Low
Aurangabad,19.8762,75.3433,4.5765777,Low
Tumakuru,13.3409,77.101,3.5351322,Low
Gautam Buddha Nagar,28.5355,77.391,17.212618,Low
Sambalpur,21.4669,83.9812,14.771368,Low
Nagpur,21.1458,79.0882,89.01674,Critical
Ahmedabad,23.0225,72.5714,0.77446055,Low
Madurai,9.9252,78.1198,93.76337,Critical
Nagpur,21.1458,79.0882,98.7081,Critical
Kanchipuram,12.8342,79.7036,1.051579,Low
Ballari,15.1394,76.9214,2.6276362,Low
Agra,27.1767,78.0081,66.33507,High
Coimbatore,11.0168,76.9558,92.020805,Critical
Mysuru,12.2958,76.6394,1.2373513,Low
Salem,11.6643,78.146,19.993011,Low
Kutch,23.7337,69.8597,94.33773,Critical
Kutch,23.7337,69.8597,89.65566,Critical
Surat,21.1702,72.8311,96.456024,Critical
Kutch,23.7337,69.8597,97.30521,Critical
Thane,19.2183,72.9781,3.2780106,Low
Kutch,23.7337,69.8597,23.895208,Low
Ahmedabad,23.0225,72.5714,15.882831,Low
Nashik,19.9975,73.7898,4.482653,Low
Vadodara,22.3072,73.1812,12.57337,Low
Tumakuru,13.3409,77.101,1.308611,Low
Mysuru,12.2958,76.6394,4.057203,Low
Jajpur,20.85,86.333,6.103709,Low
Tumakuru,13.3409,77.101,99.28531,Critical
Agra,27.1767,78.0081,19.153807,Low
Varanasi,25.3176,82.9739,32.66942,Low
Agra,27.1767,78.0081,18.963478,Low
Pune,18.5204,73.8567,15.215233,Low
Bengaluru Urban,12.9716,77.5946,4.9270077,Low
Varanasi,25.3176,82.9739,13.975546,Low
Jajpur,20.85,86.333,3.7054605,Low
Pune,18.5204,73.8567,20.010103,Low
Sambalpur,21.4669,83.9812,74.67249,High
Mysuru,12.2958,76.6394,95.04185,Critical
Surat,21.1702,72.8311,98.971245,Critical
Jajpur,20.85,86.333,94.768394,Critical
Vadodara,22.3072,73.1812,11.116456,Low
Thane,19.2183,72.9781,7.2686977,Low
Khordha,20.1734,85.6745,95.73035,Critical
Angul,20.8444,85.1511,0.86671764,Low
Coimbatore,11.0168,76.9558,99.25255,Critical
Pune,18.5204,73.8567,86.75419,Critical
Nagpur,21.1458,79.0882,96.605995,Critical
Varanasi,25.3176,82.9739,2.0765147,Low
Tumakuru,13.3409,77.101,26.37965,Low
Angul,20.8444,85.1511,15.720309,Low
Sundargarh,22.1167,84.0333,20.271807,Low
Thane,19.2183,72.9781,0.7579547,Low
Thane,19.2183,72.9781,16.507467,Low
Tumakuru,13.3409,77.101,90.86687,Critical
Nashik,19.9975,73.7898,96.12137,Critical
Surat,21.1702,72.8311,2.9533637,Low
Kutch,23.7337,69.8597,2.9496098,Low
Coimbatore,11.0168,76.9558,1.1829324,Low
Ahmedabad,23.0225,72.5714,7.051072,Low
Vadodara,22.3072,73.1812,3.3710706,Low
Tumakuru,13.3409,77.101,20.540344,Low
Sambalpur,21.4669,83.9812,4.5884237,Low
Ahmedabad,23.0225,72.5714,3.1502318,Low
Tiruvallur,13.1439,79.9089,4.8041043,Low
Nagpur,21.1458,79.0882,10.223066,Low
Bharuch,21.7051,72.9959,4.9851303,Low
Kanchipuram,12.8342,79.7036,98.53294,Critical
Ballari,15.1394,76.9214,2.013541,Low
Pune,18.5204,73.8567,95.44963,Critical
Madurai,9.9252,78.1198,17.922657,Low
Bharuch,21.7051,72.9959,3.33836,Low
Jajpur,20.85,86.333,95.821884,Critical
Pune,18.5204,73.8567,95.618484,Critical
Pune,18.5204,73.8567,94.41235,Critical
Angul,20.8444,85.1511,98.406906,Critical
Aurangabad,19.8762,75.3433,43.072372,Low
Vadodara,22.3072,73.1812,2.5249367,Low
Nagpur,21.1458,79.0882,9.080629,Low
Surat,21.1702,72.8311,7.2051244,Low
Khordha,20.1734,85.6745,2.9550042,Low
Agra,27.1767,78.0081,94.79318,Critical
Sundargarh,22.1167,84.0333,97.069534,Critical
Surat,21.1702,72.8311,33.872322,Low
Tumakuru,13.3409,77.101,1.3884571,Low
Angul,20.8444,85.1511,94.772385,Critical
Belagavi,15.8497,74.4977,2.1006293,Low
Bengaluru Urban,12.9716,77.5946,7.3377914,Low
Vadodara,22.3072,73.1812,94.290634,Critical
Surat,21.1702,72.8311,15.847932,Low
Agra,27.1767,78.0081,94.45657,Critical
Salem,11.6643,78.146,98.53722,Critical
Nagpur,21.1458,79.0882,40.087776,Low
Sambalpur,21.4669,83.9812,86.32231,Critical
Vadodara,22.3072,73.1812,7.795687,Low
Sambalpur,21.4669,83.9812,0.7289326,Low
Salem,11.6643,78.146,89.333496,Critical
Salem,11.6643,78.146,94.02859,Critical
Ballari,15.1394,76.9214,77.43834,High
Pune,18.5204,73.8567,97.016846,Critical
Varanasi,25.3176,82.9739,48.075516,Medium
Khordha,20.1734,85.6745,94.348236,Critical
Pune,18.5204,73.8567,3.2106216,Low
Varanasi,25.3176,82.9739,20.120857,Low
Jajpur,20.85,86.333,92.002525,Critical
Pune,18.5204,73.8567,3.9895997,Low
Ahmedabad,23.0225,72.5714,7.1384377,Low
Khordha,20.1734,85.6745,88.61771,Critical
Nashik,19.9975,73.7898,6.690751,Low
Salem,11.6643,78.146,0.63645023,Low
Prayagraj,25.4358,81.8463,74.314415,High
Aurangabad,19.8762,75.3433,99.015816,Critical
Bharuch,21.7051,72.9959,15.726498,Low
Khordha,20.1734,85.6745,94.45056,Critical
Sambalpur,21.4669,83.9812,91.56885,Critical
Jajpur,20.85,86.333,96.41585,Critical
Surat,21.1702,72.8311,49.760235,Medium
Prayagraj,25.4358,81.8463,91.01191,Critical
Sundargarh,22.1167,84.0333,2.55456,Low
Gautam Buddha Nagar,28.5355,77.391,98.0957,Critical
Aurangabad,19.8762,75.3433,4.7727313,Low
Tiruvallur,13.1439,79.9089,1.0742472,Low
Salem,11.6643,78.146,98.89649,Critical
Prayagraj,25.4358,81.8463,2.5005913,Low
Prayagraj,25.4358,81.8463,3.1003315,Low
Madurai,9.9252,78.1198,17.35999,Low
Sambalpur,21.4669,83.9812,14.996016,Low
Mysuru,12.2958,76.6394,1.7021997,Low
Mysuru,12.2958,76.6394,80.66271,Critical
Vadodara,22.3072,73.1812,10.766263,Low
Tiruvallur,13.1439,79.9089,3.7305052,Low
Tiruvallur,13.1439,79.9089,2.486705,Low
Ahmedabad,23.0225,72.5714,1.2870702,Low
Bengaluru Urban,12.9716,77.5946,3.2978404,Low
Nagpur,21.1458,79.0882,96.66719,Critical
Angul,20.8444,85.1511,99.01187,Critical
Khordha,20.1734,85.6745,0.7963705,Low
Thane,19.2183,72.9781,10.742607,Low
Thane,19.2183,72.9781,24.189274,Low
Ballari,15.1394,76.9214,99.595085,Critical
Vadodara,22.3072,73.1812,80.91675,Critical
Aurangabad,19.8762,75.3433,1.1297396,Low
Surat,21.1702,72.8311,16.78862,Low
Varanasi,25.3176,82.9739,82.45488,Critical
Sundargarh,22.1167,84.0333,80.58827,Critical
Ballari,15.1394,76.9214,84.27251,Critical
Sambalpur,21.4669,83.9812,4.1798387,Low
Belagavi,15.8497,74.4977,3.5898168,Low
Prayagraj,25.4358,81.8463,5.7572317,Low
Jajpur,20.85,86.333,0.8955979,Low
Agra,27.1767,78.0081,1.6888909,Low
Ballari,15.1394,76.9214,96.81028,Critical
Aurangabad,19.8762,75.3433,54.051407,Medium
Khordha,20.1734,85.6745,99.020874,Critical
Gautam Buddha Nagar,28.5355,77.391,4.2292433,Low
Salem,11.6643,78.146,98.866974,Critical
Angul,20.8444,85.1511,2.962015,Low
Angul,20.8444,85.1511,3.019057,Low
Sundargarh,22.1167,84.0333,10.205011,Low
Bharuch,21.7051,72.9959,92.99176,Critical
Varanasi,25.3176,82.9739,96.33638,Critical
Prayagraj,25.4358,81.8463,3.6473818,Low
Khordha,20.1734,85.6745,0.92079693,Low
Aurangabad,19.8762,75.3433,1.4791806,Low
Sambalpur,21.4669,83.9812,95.01894,Critical
Ahmedabad,23.0225,72.5714,87.34244,Critical
Ballari,15.1394,76.9214,1.6469581,Low
Vadodara,22.3072,73.1812,4.298417,Low
Pune,18.5204,73.8567,1.1188017,Low
Sambalpur,21.4669,83.9812,1.9673126,Low
Lucknow,26.8467,80.9462,3.8705463,Low
Salem,11.6643,78.146,2.873546,Low
Jajpur,20.85,86.333,4.344897,Low
Thane,19.2183,72.9781,1.7560399,Low
Varanasi,25.3176,82.9739,3.3983867,Low
Ahmedabad,23.0225,72.5714,98.461,Critical
Bengaluru Urban,12.9716,77.5946,7.085532,Low
Bengaluru Urban,12.9716,77.5946,94.88121,Critical
Sambalpur,21.4669,83.9812,28.658005,Low
Kutch,23.7337,69.8597,14.54879,Low
Coimbatore,11.0168,76.9558,11.196917,Low
Salem,11.6643,78.146,18.916216,Low
Aurangabad,19.8762,75.3433,26.306925,Low
Tumakuru,13.3409,77.101,97.54774,Critical
Vadodara,22.3072,73.1812,1.8311788,Low
Sambalpur,21.4669,83.9812,9.474698,Low
Prayagraj,25.4358,81.8463,25.312603,Low
Sundargarh,22.1167,84.0333,0.70891345,Low
Jajpur,20.85,86.333,2.3382282,Low
Ahmedabad,23.0225,72.5714,88.79433,Critical
Ballari,15.1394,76.9214,7.84377,Low
Kutch,23.7337,69.8597,96.5799,Critical
Lucknow,26.8467,80.9462,0.4758137,Low
Bharuch,21.7051,72.9959,70.4784,High
Aurangabad,19.8762,75.3433,1.6966969,Low
Jajpur,20.85,86.333,14.796601,Low
Bengaluru Urban,12.9716,77.5946,97.049675,Critical
Salem,11.6643,78.146,89.120255,Critical
Varanasi,25.3176,82.9739,97.90077,Critical
Kanchipuram,12.8342,79.7036,23.52303,Low
Jajpur,20.85,86.333,99.04951,Critical
Bharuch,21.7051,72.9959,97.29212,Critical
Kanchipuram,12.8342,79.7036,4.1135545,Low
Nashik,19.9975,73.7898,8.335318,Low
Surat,21.1702,72.8311,54.467113,Medium
Sundargarh,22.1167,84.0333,1.3514649,Low
Tiruvallur,13.1439,79.9089,4.3879523,Low
Agra,27.1767,78.0081,11.831939,Low
Coimbatore,11.0168,76.9558,23.425594,Low
Tiruvallur,13.1439,79.9089,1.8542968,Low
Tumakuru,13.3409,77.101,86.39958,Critical
Surat,21.1702,72.8311,87.544876,Critical
Salem,11.6643,78.146,8.857672,Low
Sundargarh,22.1167,84.0333,59.238552,Medium
Lucknow,26.8467,80.9462,13.608061,Low
Tiruchirappalli,10.7905,78.7047,22.206392,Low
Dharwad,15.4589,75.0078,68.41816,High
Bengaluru Urban,12.9716,77.5946,26.526188,Low
Meerut,28.9845,77.7064,75.65868,High
Ahmedabad,23.0225,72.5714,15.132427,Low
Thane,19.2183,72.9781,12.970966,Low
Madurai,9.9252,78.1198,96.46278,Critical
Sundargarh,22.1167,84.0333,14.400014,Low
Belagavi,15.8497,74.4977,61.143948,Medium
Gandhinagar,23.2156,72.6369,32.748142,Low
Varanasi,25.3176,82.9739,4.4702086,Low
Kutch,23.7337,69.8597,31.983896,Low
Kanpur Nagar,26.4499,80.3319,15.653908,Low
Belagavi,15.8497,74.4977,37.961998,Low
Puri,19.8135,85.8312,9.793713,Low
Mysuru,12.2958,76.6394,11.326871,Low
Nagpur,21.1458,79.0882,65.96213,High
Salem,11.6643,78.146,11.657876,Low
Salem,11.6643,78.146,7.8820295,Low
Bengaluru Urban,12.9716,77.5946,18.921844,Low
Lucknow,26.8467,80.9462,8.119342,Low
Kutch,23.7337,69.8597,10.217439,Low
Kanpur Nagar,26.4499,80.3319,32.25609,Low
Kanpur Nagar,26.4499,80.3319,16.643301,Low
Cuttack,20.4625,85.883,54.734875,Medium
Bengaluru Urban,12.9716,77.5946,19.484163,Low
Coimbatore,11.0168,76.9558,24.894566,Low
Raigad,18.5158,73.1822,38.325523,Low
Thane,19.2183,72.9781,24.084383,Low
Gandhinagar,23.2156,72.6369,7.073899,Low
Agra,27.1767,78.0081,23.799665,Low
Agra,27.1767,78.0081,9.077584,Low
Rajkot,22.3039,70.8022,64.98532,Medium
Meerut,28.9845,77.7064,83.50149,Critical
Puri,19.8135,85.8312,37.27679,Low
Rajkot,22.3039,70.8022,81.56448,Critical
Mangaluru,12.9141,74.856,14.264613,Low
Tumakuru,13.3409,77.101,7.7550716,Low
Raigad,18.5158,73.1822,50.61119,Medium
Dharwad,15.4589,75.0078,47.764725,Medium
Mangaluru,12.9141,74.856,79.37414,High
Nashik,19.9975,73.7898,91.24789,Critical
Thane,19.2183,72.9781,10.624065,Low
Cuttack,20.4625,85.883,11.492227,Low
Varanasi,25.3176,82.9739,15.519624,Low
Lucknow,26.8467,80.9462,22.153582,Low
Varanasi,25.3176,82.9739,10.856193,Low
Belagavi,15.8497,74.4977,24.533037,Low
Puri,19.8135,85.8312,16.701252,Low
Tumakuru,13.3409,77.101,76.32646,High
Mysuru,12.2958,76.6394,78.70442,High
Gandhinagar,23.2156,72.6369,25.785408,Low
Rajkot,22.3039,70.8022,10.173263,Low
Varanasi,25.3176,82.9739,87.364426,Critical
Gautam Buddha Nagar,28.5355,77.391,30.832932,Low
Khordha,20.1734,85.6745,32.475742,Low
Ahmedabad,23.0225,72.5714,29.178043,Low
Kutch,23.7337,69.8597,71.30992,High
Mangaluru,12.9141,74.856,34.8163,Low
Khordha,20.1734,85.6745,10.957104,Low
Ahmedabad,23.0225,72.5714,65.91667,High
Gandhinagar,23.2156,72.6369,27.551228,Low
Thane,19.2183,72.9781,29.646667,Low
Lucknow,26.8467,80.9462,8.422604,Low
Rajkot,22.3039,70.8022,73.31432,High
Lucknow,26.8467,80.9462,24.593475,Low
Nagpur,21.1458,79.0882,92.6147,Critical
Madurai,9.9252,78.1198,5.833958,Low
Meerut,28.9845,77.7064,14.475879,Low
Kanpur Nagar,26.4499,80.3319,82.879295,Critical
Nagpur,21.1458,79.0882,62.939526,Medium
Thane,19.2183,72.9781,23.886366,Low
Ganjam,19.3871,84.7919,31.488844,Low
Kutch,23.7337,69.8597,6.622435,Low
Belagavi,15.8497,74.4977,26.339346,Low
Khordha,20.1734,85.6745,70.70548,High
Nagpur,21.1458,79.0882,22.305758,Low
Mysuru,12.2958,76.6394,65.560684,High
Gautam Buddha Nagar,28.5355,77.391,26.363691,Low
Lucknow,26.8467,80.9462,63.146393,Medium
Lucknow,26.8467,80.9462,7.582231,Low
Dharwad,15.4589,75.0078,16.909626,Low
Vadodara,22.3072,73.1812,9.341834,Low
Agra,27.1767,78.0081,41.325226,Low
Surat,21.1702,72.8311,85.43323,Critical
Gautam Buddha Nagar,28.5355,77.391,48.11924,Medium
Ganjam,19.3871,84.7919,14.722193,Low
Rajkot,22.3039,70.8022,15.41024,Low
Nagpur,21.1458,79.0882,84.52965,Critical
Aurangabad,19.8762,75.3433,42.665283,Low
Balasore,21.4942,86.9317,11.178517,Low
Raigad,18.5158,73.1822,29.353842,Low
Gautam Buddha Nagar,28.5355,77.391,21.925718,Low
Varanasi,25.3176,82.9739,49.96202,Medium
Kanchipuram,12.8342,79.7036,84.5978,Critical
Tiruchirappalli,10.7905,78.7047,5.012898,Low
Cuttack,20.4625,85.883,78.69925,High
Raigad,18.5158,73.1822,79.49944,High
Madurai,9.9252,78.1198,6.55567,Low
Tumakuru,13.3409,77.101,97.83011,Critical
Dharwad,15.4589,75.0078,72.91158,High
Gandhinagar,23.2156,72.6369,45.336044,Medium
Pune,18.5204,73.8567,41.808407,Low
Varanasi,25.3176,82.9739,22.286213,Low
Tiruchirappalli,10.7905,78.7047,6.612154,Low
Rajkot,22.3039,70.8022,28.065216,Low
Lucknow,26.8467,80.9462,70.90176,High
Pune,18.5204,73.8567,89.23882,Critical
Rajkot,22.3039,70.8022,7.5845094,Low
Kanpur Nagar,26.4499,80.3319,18.366423,Low
Salem,11.6643,78.146,80.58312,Critical
Mangaluru,12.9141,74.856,47.834534,Medium
Dharwad,15.4589,75.0078,7.35183,Low
Rajkot,22.3039,70.8022,85.5685,Critical
Khordha,20.1734,85.6745,62.251312,Medium
Sundargarh,22.1167,84.0333,45.8244,Medium
Cuttack,20.4625,85.883,7.0591235,Low
Kanpur Nagar,26.4499,80.3319,45.106697,Medium
Pune,18.5204,73.8567,21.139898,Low
Meerut,28.9845,77.7064,20.644276,Low
Surat,21.1702,72.8311,11.030733,Low
Nashik,19.9975,73.7898,64.8461,Medium
Gautam Buddha Nagar,28.5355,77.391,52.752846,Medium
Lucknow,26.8467,80.9462,69.41779,High
Ganjam,19.3871,84.7919,73.91073,High
Lucknow,26.8467,80.9462,28.54611,Low
Salem,11.6643,78.146,58.256126,Medium
Ganjam,19.3871,84.7919,17.976633,Low
Thane,19.2183,72.9781,42.506363,Low
Khordha,20.1734,85.6745,11.746587,Low
Agra,27.1767,78.0081,69.40917,High
Madurai,9.9252,78.1198,23.64579,Low
Surat,21.1702,72.8311,75.90514,High
Mysuru,12.2958,76.6394,86.208984,Critical
Varanasi,25.3176,82.9739,34.478817,Low
Vadodara,22.3072,73.1812,84.701775,Critical
Surat,21.1702,72.8311,76.639145,High
Madurai,9.9252,78.1198,31.016518,Low
Vadodara,22.3072,73.1812,8.914174,Low
Surat,21.1702,72.8311,27.031475,Low
Nashik,19.9975,73.7898,37.150326,Low
Raigad,18.5158,73.1822,20.111399,Low
Rajkot,22.3039,70.8022,10.340904,Low
Rajkot,22.3039,70.8022,82.4604,Critical
Meerut,28.9845,77.7064,12.442775,Low
Dharwad,15.4589,75.0078,43.695354,Low
Coimbatore,11.0168,76.9558,70.4813,High
Agra,27.1767,78.0081,79.71961,High
Vadodara,22.3072,73.1812,9.825637,Low
Agra,27.1767,78.0081,70.07497,High
Khordha,20.1734,85.6745,15.350193,Low
Pune,18.5204,73.8567,4.7528863,Low
Puri,19.8135,85.8312,30.221615,Low
Mangaluru,12.9141,74.856,10.444451,Low
Belagavi,15.8497,74.4977,20.691767,Low
Meerut,28.9845,77.7064,27.929417,Low
Coimbatore,11.0168,76.9558,13.67528,Low
Agra,27.1767,78.0081,12.185643,Low
Varanasi,25.3176,82.9739,31.969326,Low
Vadodara,22.3072,73.1812,9.655607,Low
Nashik,19.9975,73.7898,16.781553,Low
Tumakuru,13.3409,77.101,4.288702,Low
Bengaluru Urban,12.9716,77.5946,64.432755,Medium
Raigad,18.5158,73.1822,18.614902,Low
Kanchipuram,12.8342,79.7036,84.431206,Critical
Pune,18.5204,73.8567,15.133993,Low
Vadodara,22.3072,73.1812,89.812325,Critical
Thane,19.2183,72.9781,20.678421,Low
Tiruchirappalli,10.7905,78.7047,33.92896,Low
Meerut,28.9845,77.7064,75.25264,High
Agra,27.1767,78.0081,83.163765,Critical
Gandhinagar,23.2156,72.6369,36.651276,Low
Kanchipuram,12.8342,79.7036,6.249335,Low
Tiruchirappalli,10.7905,78.7047,6.0995874,Low
Mysuru,12.2958,76.6394,14.468811,Low
Tiruchirappalli,10.7905,78.7047,35.5951,Low
Madurai,9.9252,78.1198,32.293613,Low
Ahmedabad,23.0225,72.5714,45.78029,Medium
Aurangabad,19.8762,75.3433,60.83067,Medium
Mangaluru,12.9141,74.856,16.60158,Low
Puri,19.8135,85.8312,6.1379137,Low
Nashik,19.9975,73.7898,9.47984,Low
Agra,27.1767,78.0081,24.876312,Low
Bengaluru Urban,12.9716,77.5946,86.42691,Critical
Raigad,18.5158,73.1822,29.547348,Low
Chennai,13.0827,80.2707,28.946295,Low
Thane,19.2183,72.9781,68.40585,High
Gautam Buddha Nagar,28.5355,77.391,34.055676,Low
Belagavi,15.8497,74.4977,79.29783,High
Meerut,28.9845,77.7064,6.0326247,Low
Varanasi,25.3176,82.9739,14.10821,Low
Sundargarh,22.1167,84.0333,93.951584,Critical
Tiruchirappalli,10.7905,78.7047,30.185965,Low
Meerut,28.9845,77.7064,11.597069,Low
Raigad,18.5158,73.1822,1.7626809,Low
Mysuru,12.2958,76.6394,74.1225,High
Salem,11.6643,78.146,17.57823,Low
Gandhinagar,23.2156,72.6369,9.378627,Low
Lucknow,26.8467,80.9462,10.405188,Low
Kanpur Nagar,26.4499,80.3319,90.26292,Critical
Gautam Buddha Nagar,28.5355,77.391,80.1915,Critical
Meerut,28.9845,77.7064,89.8546,Critical
Sundargarh,22.1167,84.0333,57.097183,Medium
Kanpur Nagar,26.4499,80.3319,73.90306,High
Gandhinagar,23.2156,72.6369,37.618073,Low
Cuttack,20.4625,85.883,21.65822,Low
Puri,19.8135,85.8312,44.178535,Low
Meerut,28.9845,77.7064,73.794014,High
Bengaluru Urban,12.9716,77.5946,66.306465,High
Belagavi,15.8497,74.4977,61.894566,Medium
Mysuru,12.2958,76.6394,37.83956,Low
Varanasi,25.3176,82.9739,25.93402,Low
Varanasi,25.3176,82.9739,4.8942456,Low
Tiruchirappalli,10.7905,78.7047,5.7812247,Low
Raigad,18.5158,73.1822,70.560646,High
Nashik,19.9975,73.7898,29.192205,Low
Surat,21.1702,72.8311,37.62751,Low
Puri,19.8135,85.8312,88.45454,Critical
Salem,11.6643,78.146,7.955237,Low
Aurangabad,19.8762,75.3433,82.47988,Critical
Tiruchirappalli,10.7905,78.7047,11.665915,Low
Agra,27.1767,78.0081,84.884575,Critical
Kutch,23.7337,69.8597,26.390108,Low
Khordha,20.1734,85.6745,18.638355,Low
Gautam Buddha Nagar,28.5355,77.391,52.591003,Medium
Gautam Buddha Nagar,28.5355,77.391,66.19304,High
Raigad,18.5158,73.1822,19.803446,Low
Coimbatore,11.0168,76.9558,58.32704,Medium
Sundargarh,22.1167,84.0333,9.525297,Low
Tiruchirappalli,10.7905,78.7047,43.81318,Low
Belagavi,15.8497,74.4977,14.565444,Low
Kutch,23.7337,69.8597,92.2167,Critical
Bengaluru Urban,12.9716,77.5946,20.41548,Low
Agra,27.1767,78.0081,33.766357,Low
Varanasi,25.3176,82.9739,27.749413,Low
Belagavi,15.8497,74.4977,59.32136,Medium
Dharwad,15.4589,75.0078,66.751045,High
Varanasi,25.3176,82.9739,29.403833,Low
Surat,21.1702,72.8311,11.1584635,Low
Khordha,20.1734,85.6745,20.932547,Low
Madurai,9.9252,78.1198,73.745766,High
Cuttack,20.4625,85.883,17.345755,Low
Thane,19.2183,72.9781,78.63224,High
Aurangabad,19.8762,75.3433,16.09085,Low
Thane,19.2183,72.9781,79.712616,High
Sundargarh,22.1167,84.0333,12.822561,Low
Chennai,13.0827,80.2707,86.84438,Critical
Rajkot,22.3039,70.8022,6.846298,Low
Nashik,19.9975,73.7898,8.932528,Low
Gautam Buddha Nagar,28.5355,77.391,29.612944,Low
Mysuru,12.2958,76.6394,36.07132,Low
Belagavi,15.8497,74.4977,21.442764,Low
Meerut,28.9845,77.7064,90.850266,Critical
Varanasi,25.3176,82.9739,32.41687,Low
Ganjam,19.3871,84.7919,30.465528,Low
Lucknow,26.8467,80.9462,26.233404,Low
Mysuru,12.2958,76.6394,92.17424,Critical
Raigad,18.5158,73.1822,18.555168,Low
Lucknow,26.8467,80.9462,41.15679,Low
Salem,11.6643,78.146,14.595013,Low
Lucknow,26.8467,80.9462,9.191029,Low
Nagpur,21.1458,79.0882,34.37695,Low
Agra,27.1767,78.0081,82.39582,Critical
Agra,27.1767,78.0081,79.55652,High
Meerut,28.9845,77.7064,19.37152,Low
Meerut,28.9845,77.7064,28.176954,Low
Varanasi,25.3176,82.9739,9.350475,Low
Varanasi,25.3176,82.9739,10.65815,Low
Khordha,20.1734,85.6745,68.51197,High
Cuttack,20.4625,85.883,91.877625,Critical
Pune,18.5204,73.8567,14.072315,Low
Raigad,18.5158,73.1822,25.876328,Low
Surat,21.1702,72.8311,54.485806,Medium
Madurai,9.9252,78.1198,48.136196,Medium
Kanchipuram,12.8342,79.7036,95.0605,Critical
Kanpur Nagar,26.4499,80.3319,93.56672,Critical
Varanasi,25.3176,82.9739,85.96119,Critical
Gautam Buddha Nagar,28.5355,77.391,86.29002,Critical
Thane,19.2183,72.9781,84.67068,Critical
Rajkot,22.3039,70.8022,26.369064,Low
Nagpur,21.1458,79.0882,28.5853,Low
Kanpur Nagar,26.4499,80.3319,47.424614,Medium
Raigad,18.5158,73.1822,31.545841,Low
Surat,21.1702,72.8311,23.095198,Low
Lucknow,26.8467,80.9462,19.038742,Low
Mysuru,12.2958,76.6394,76.6384,High
Meerut,28.9845,77.7064,83.60554,Critical
Chennai,13.0827,80.2707,60.472107,Medium
Meerut,28.9845,77.7064,11.060205,Low
Belagavi,15.8497,74.4977,74.20725,High
Madurai,9.9252,78.1198,2.6280181,Low
Salem,11.6643,78.146,33.665977,Low
Mangaluru,12.9141,74.856,52.965153,Medium
Belagavi,15.8497,74.4977,55.900574,Medium
Cuttack,20.4625,85.883,94.4712,Critical
Bengaluru Urban,12.9716,77.5946,95.63976,Critical
Varanasi,25.3176,82.9739,24.793884,Low
Ahmedabad,23.0225,72.5714,68.792915,High
Ahmedabad,23.0225,72.5714,40.187504,Low
Kanchipuram,12.8342,79.7036,25.165855,Low
Vadodara,22.3072,73.1812,87.53419,Critical
Thane,19.2183,72.9781,34.80375,Low
Cuttack,20.4625,85.883,22.73687,Low
Pune,18.5204,73.8567,77.235664,High
Gautam Buddha Nagar,28.5355,77.391,32.93673,Low
Vadodara,22.3072,73.1812,81.077156,Critical
Pune,18.5204,73.8567,33.707,Low
Agra,27.1767,78.0081,50.290974,Medium
Nagpur,21.1458,79.0882,9.587647,Low
Thane,19.2183,72.9781,25.846573,Low
Thane,19.2183,72.9781,7.766007,Low
Nagpur,21.1458,79.0882,70.272125,High
Puri,19.8135,85.8312,32.199177,Low
Pune,18.5204,73.8567,87.03425,Critical
Coimbatore,11.0168,76.9558,31.372202,Low
Kanchipuram,12.8342,79.7036,60.412907,Medium
Kutch,23.7337,69.8597,16.060495,Low
Nashik,19.9975,73.7898,21.065002,Low
Kutch,23.7337,69.8597,12.56901,Low
Dharwad,15.4589,75.0078,50.446682,Medium
Khordha,20.1734,85.6745,32.804665,Low
Mangaluru,12.9141,74.856,6.6351304,Low
Vadodara,22.3072,73.1812,21.578894,Low
Sundargarh,22.1167,84.0333,21.293718,Low
Thane,19.2183,72.9781,48.503727,Medium
Mysuru,12.2958,76.6394,68.420074,High
Kanpur Nagar,26.4499,80.3319,35.74391,Low
Sundargarh,22.1167,84.0333,29.904057,Low
Madurai,9.9252,78.1198,14.712021,Low
Lucknow,26.8467,80.9462,58.795994,Medium
Balasore,21.4942,86.9317,17.32702,Low
Lucknow,26.8467,80.9462,7.876713,Low
Bengaluru Urban,12.9716,77.5946,86.3765,Critical
Meerut,28.9845,77.7064,34.251842,Low
Coimbatore,11.0168,76.9558,77.013504,High
Varanasi,25.3176,82.9739,87.60213,Critical
Tiruchirappalli,10.7905,78.7047,6.6707172,Low
Mangaluru,12.9141,74.856,86.42718,Critical
Sundargarh,22.1167,84.0333,24.209448,Low
Belagavi,15.8497,74.4977,76.59134,High
Mangaluru,12.9141,74.856,27.670082,Low
Kanchipuram,12.8342,79.7036,6.351574,Low
Pune,18.5204,73.8567,8.704849,Low
Balasore,21.4942,86.9317,20.659716,Low
Lucknow,26.8467,80.9462,13.310458,Low
Ganjam,19.3871,84.7919,25.330782,Low
Gautam Buddha Nagar,28.5355,77.391,20.682005,Low
Surat,21.1702,72.8311,13.464377,Low
Surat,21.1702,72.8311,93.35189,Critical
Rajkot,22.3039,70.8022,94.73423,Critical
Ahmedabad,23.0225,72.5714,26.034466,Low
Bengaluru Urban,12.9716,77.5946,39.63311,Low
Dharwad,15.4589,75.0078,89.22974,Critical
Kutch,23.7337,69.8597,22.375603,Low
Sundargarh,22.1167,84.0333,8.965496,Low
Madurai,9.9252,78.1198,48.531002,Medium
Varanasi,25.3176,82.9739,33.430107,Low
Varanasi,25.3176,82.9739,95.33768,Critical
Agra,27.1767,78.0081,12.714113,Low
Sundargarh,22.1167,84.0333,6.74005,Low
Pune,18.5204,73.8567,7.3305516,Low
Mysuru,12.2958,76.6394,92.6498,Critical
Balasore,21.4942,86.9317,33.315094,Low
Nashik,19.9975,73.7898,18.748045,Low
Chennai,13.0827,80.2707,6.593988,Low
Bengaluru Urban,12.9716,77.5946,31.457047,Low
Raigad,18.5158,73.1822,27.696917,Low
Nagpur,21.1458,79.0882,81.78796,Critical
Pune,18.5204,73.8567,61.41584,Medium
Kanpur Nagar,26.4499,80.3319,8.68836,Low
Varanasi,25.3176,82.9739,10.515015,Low
Madurai,9.9252,78.1198,11.4981365,Low
Kutch,23.7337,69.8597,63.44887,Medium
Nagpur,21.1458,79.0882,62.030663,Medium
Dharwad,15.4589,75.0078,21.24276,Low
Gandhinagar,23.2156,72.6369,24.017435,Low
Salem,11.6643,78.146,18.884413,Low
Mysuru,12.2958,76.6394,18.479984,Low
Gandhinagar,23.2156,72.6369,88.340935,Critical
Aurangabad,19.8762,75.3433,73.79563,High
Chennai,13.0827,80.2707,28.787104,Low
Bengaluru Urban,12.9716,77.5946,10.80279,Low
Tiruchirappalli,10.7905,78.7047,10.89522,Low
Gautam Buddha Nagar,28.5355,77.391,94.11899,Critical
Kanchipuram,12.8342,79.7036,6.6428843,Low
Khordha,20.1734,85.6745,27.269157,Low
Meerut,28.9845,77.7064,69.73254,High
Balasore,21.4942,86.9317,92.39839,Critical
Puri,19.8135,85.8312,5.484879,Low
Lucknow,26.8467,80.9462,74.6774,High
Vadodara,22.3072,73.1812,3.8862057,Low
Belagavi,15.8497,74.4977,71.76959,High
Aurangabad,19.8762,75.3433,86.897964,Critical
Surat,21.1702,72.8311,5.5747967,Low
Rajkot,22.3039,70.8022,27.351257,Low
Raigad,18.5158,73.1822,80.13552,Critical
Coimbatore,11.0168,76.9558,17.539896,Low
Belagavi,15.8497,74.4977,7.110086,Low
Lucknow,26.8467,80.9462,54.65503,Medium
Kanchipuram,12.8342,79.7036,75.12991,High
Coimbatore,11.0168,76.9558,75.98552,High
Nagpur,21.1458,79.0882,23.815067,Low
Tumakuru,13.3409,77.101,30.112453,Low
Agra,27.1767,78.0081,20.035093,Low
Coimbatore,11.0168,76.9558,18.423222,Low
Sundargarh,22.1167,84.0333,13.039784,Low
Khordha,20.1734,85.6745,19.906353,Low
Meerut,28.9845,77.7064,21.338753,Low
Chennai,13.0827,80.2707,73.734634,High
Agra,27.1767,78.0081,68.93895,High
Raigad,18.5158,73.1822,29.327953,Low
Gautam Buddha Nagar,28.5355,77.391,30.598652,Low
Bengaluru Urban,12.9716,77.5946,58.319004,Medium
Kanpur Nagar,26.4499,80.3319,14.353564,Low
Chennai,13.0827,80.2707,62.019962,Medium
Ganjam,19.3871,84.7919,1.9856287,Low
Agra,27.1767,78.0081,83.31038,Critical
Meerut,28.9845,77.7064,30.01352,Low
Lucknow,26.8467,80.9462,17.867285,Low
Khordha,20.1734,85.6745,50.86564,Medium
Mangaluru,12.9141,74.856,65.47439,High
Kanpur Nagar,26.4499,80.3319,24.027777,Low
Mangaluru,12.9141,74.856,8.984062,Low
Lucknow,26.8467,80.9462,90.07877,Critical
Tumakuru,13.3409,77.101,7.7880144,Low
Salem,11.6643,78.146,17.012217,Low
Tumakuru,13.3409,77.101,82.76886,Critical
Cuttack,20.4625,85.883,6.207041,Low
Tumakuru,13.3409,77.101,31.638458,Low
Varanasi,25.3176,82.9739,62.581642,Medium
Gautam Buddha Nagar,28.5355,77.391,78.155426,High
Agra,27.1767,78.0081,3.3129168,Low
Surat,21.1702,72.8311,54.529808,Medium
Bengaluru Urban,12.9716,77.5946,12.673743,Low
Khordha,20.1734,85.6745,85.55377,Critical
Madurai,9.9252,78.1198,16.530249,Low
Gautam Buddha Nagar,28.5355,77.391,31.1089,Low
Tumakuru,13.3409,77.101,15.213296,Low
Varanasi,25.3176,82.9739,26.496893,Low
Raigad,18.5158,73.1822,85.11945,Critical
Bengaluru Urban,12.9716,77.5946,4.0348964,Low
Madurai,9.9252,78.1198,9.292219,Low
Khordha,20.1734,85.6745,15.306118,Low
Agra,27.1767,78.0081,79.709656,High
Puri,19.8135,85.8312,85.57148,Critical
Kanpur Nagar,26.4499,80.3319,33.442368,Low
Madurai,9.9252,78.1198,62.19951,Medium
Mangaluru,12.9141,74.856,93.74369,Critical
Gautam Buddha Nagar,28.5355,77.391,42.30065,Low
Gautam Buddha Nagar,28.5355,77.391,65.86243,High
Gautam Buddha Nagar,28.5355,77.391,13.869484,Low
Madurai,9.9252,78.1198,31.287252,Low
Surat,21.1702,72.8311,6.1280727,Low
Bengaluru Urban,12.9716,77.5946,10.6319475,Low
Cuttack,20.4625,85.883,3.358559,Low
Kutch,23.7337,69.8597,65.7752,High
Kanpur Nagar,26.4499,80.3319,6.0992928,Low
Chennai,13.0827,80.2707,81.97213,Critical
Raigad,18.5158,73.1822,48.02629,Medium
Surat,21.1702,72.8311,44.715523,Low
Puri,19.8135,85.8312,95.372765,Critical
Cuttack,20.4625,85.883,40.23383,Low
Madurai,9.9252,78.1198,59.979923,Medium
Kanpur Nagar,26.4499,80.3319,14.893277,Low
Gandhinagar,23.2156,72.6369,21.92223,Low
Thane,19.2183,72.9781,18.834295,Low
Rajkot,22.3039,70.8022,46.205612,Medium
Kanpur Nagar,26.4499,80.3319,80.87438,Critical
Lucknow,26.8467,80.9462,7.967892,Low
Nashik,19.9975,73.7898,8.161645,Low
Pune,18.5204,73.8567,21.708002,Low
Aurangabad,19.8762,75.3433,37.325188,Low
Puri,19.8135,85.8312,18.826952,Low
Sundargarh,22.1167,84.0333,5.4835925,Low
Thane,19.2183,72.9781,5.6307325,Low
Nagpur,21.1458,79.0882,83.23609,Critical
Gautam Buddha Nagar,28.5355,77.391,79.366844,High
Ganjam,19.3871,84.7919,6.5166364,Low
Nagpur,21.1458,79.0882,10.967865,Low
Gautam Buddha Nagar,28.5355,77.391,53.931522,Medium
Nagpur,21.1458,79.0882,21.314405,Low
Kutch,23.7337,69.8597,4.355363,Low
Lucknow,26.8467,80.9462,81.53998,Critical
Kutch,23.7337,69.8597,13.060577,Low
Vadodara,22.3072,73.1812,65.291824,High
Mangaluru,12.9141,74.856,74.80636,High
Sundargarh,22.1167,84.0333,75.88867,High
Khordha,20.1734,85.6745,88.34723,Critical
Thane,19.2183,72.9781,92.64385,Critical
Tumakuru,13.3409,77.101,86.98535,Critical
Surat,21.1702,72.8311,11.520934,Low
Rajkot,22.3039,70.8022,68.14265,High
Khordha,20.1734,85.6745,46.210922,Medium
Aurangabad,19.8762,75.3433,24.76074,Low
Gandhinagar,23.2156,72.6369,30.027061,Low
Bengaluru Urban,12.9716,77.5946,88.842926,Critical
Madurai,9.9252,78.1198,16.693043,Low
Salem,11.6643,78.146,14.918367,Low
Ahmedabad,23.0225,72.5714,12.236103,Low
Vadodara,22.3072,73.1812,25.673336,Low
Mysuru,12.2958,76.6394,23.092688,Low
Pune,18.5204,73.8567,77.78852,High
Belagavi,15.8497,74.4977,9.99003,Low
Vadodara,22.3072,73.1812,17.036238,Low
Kanpur Nagar,26.4499,80.3319,58.540695,Medium
Varanasi,25.3176,82.9739,7.490801,Low
Mangaluru,12.9141,74.856,12.55327,Low
Meerut,28.9845,77.7064,51.121063,Medium
Thane,19.2183,72.9781,26.016241,Low
Nashik,19.9975,73.7898,74.35138,High
Agra,27.1767,78.0081,16.576225,Low
Aurangabad,19.8762,75.3433,79.2318,High
Tumakuru,13.3409,77.101,16.431992,Low
Varanasi,25.3176,82.9739,10.131073,Low
Mysuru,12.2958,76.6394,68.094795,High
Kanchipuram,12.8342,79.7036,14.675157,Low
Thane,19.2183,72.9781,93.13795,Critical
Lucknow,26.8467,80.9462,69.27309,High
Sundargarh,22.1167,84.0333,68.99584,High
Agra,27.1767,78.0081,76.04506,High
Pune,18.5204,73.8567,31.145483,Low
Kanchipuram,12.8342,79.7036,8.593345,Low
Kanchipuram,12.8342,79.7036,6.0012164,Low
Mangaluru,12.9141,74.856,10.3242655,Low
Nashik,19.9975,73.7898,16.95091,Low
Cuttack,20.4625,85.883,15.996438,Low
Bengaluru Urban,12.9716,77.5946,13.47028,Low
Aurangabad,19.8762,75.3433,18.224028,Low
Cuttack,20.4625,85.883,7.2637267,Low
Meerut,28.9845,77.7064,85.64327,Critical
Meerut,28.9845,77.7064,95.37562,Critical
Ahmedabad,23.0225,72.5714,7.004943,Low
Meerut,28.9845,77.7064,20.437197,Low
Gautam Buddha Nagar,28.5355,77.391,11.287163,Low
Tumakuru,13.3409,77.101,67.017044,High
Madurai,9.9252,78.1198,41.988388,Low
Kutch,23.7337,69.8597,18.696533,Low
Dharwad,15.4589,75.0078,65.88462,High
Kanchipuram,12.8342,79.7036,20.154272,Low
Varanasi,25.3176,82.9739,31.354574,Low
Gandhinagar,23.2156,72.6369,17.948545,Low
Raigad,18.5158,73.1822,10.618696,Low
Meerut,28.9845,77.7064,40.323635,Low
Tumakuru,13.3409,77.101,18.028458,Low
Vadodara,22.3072,73.1812,22.74073,Low
Kutch,23.7337,69.8597,7.329911,Low
Kanpur Nagar,26.4499,80.3319,65.63155,High
Meerut,28.9845,77.7064,65.42433,High
Salem,11.6643,78.146,10.788259,Low
Meerut,28.9845,77.7064,85.89958,Critical
Kanpur Nagar,26.4499,80.3319,3.7482162,Low
Aurangabad,19.8762,75.3433,77.56738,High
Surat,21.1702,72.8311,11.179878,Low
Sundargarh,22.1167,84.0333,67.41716,High
Gandhinagar,23.2156,72.6369,5.1433353,Low
Kanpur Nagar,26.4499,80.3319,16.176367,Low
Raigad,18.5158,73.1822,86.098,Critical
Mysuru,12.2958,76.6394,79.489395,High
Cuttack,20.4625,85.883,45.381798,Medium
Ganjam,19.3871,84.7919,75.75758,High
Ganjam,19.3871,84.7919,21.147493,Low
Mysuru,12.2958,76.6394,71.59785,High
Agra,27.1767,78.0081,16.619183,Low
Raigad,18.5158,73.1822,65.64718,High
Surat,21.1702,72.8311,6.533356,Low
Aurangabad,19.8762,75.3433,75.89534,High
Bengaluru Urban,12.9716,77.5946,9.245764,Low
Surat,21.1702,72.8311,71.999954,High
Belagavi,15.8497,74.4977,12.307973,Low
Salem,11.6643,78.146,11.60569,Low
Rajkot,22.3039,70.8022,14.560071,Low
Kanchipuram,12.8342,79.7036,43.271957,Low
Cuttack,20.4625,85.883,26.440033,Low
Salem,11.6643,78.146,83.10663,Critical
Thane,19.2183,72.9781,17.146414,Low
Gandhinagar,23.2156,72.6369,91.19515,Critical
Surat,21.1702,72.8311,31.017181,Low
Varanasi,25.3176,82.9739,63.396782,Medium
Nashik,19.9975,73.7898,39.638485,Low
Salem,11.6643,78.146,88.634964,Critical
Ganjam,19.3871,84.7919,14.197129,Low
Agra,27.1767,78.0081,32.426952,Low
Aurangabad,19.8762,75.3433,8.143201,Low
Meerut,28.9845,77.7064,16.97947,Low
Kanpur Nagar,26.4499,80.3319,68.519714,High
Kanchipuram,12.8342,79.7036,95.601425,Critical
Rajkot,22.3039,70.8022,8.972896,Low
Nagpur,21.1458,79.0882,13.531019,Low
Ganjam,19.3871,84.7919,87.174,Critical
Varanasi,25.3176,82.9739,93.08627,Critical
Nagpur,21.1458,79.0882,92.11692,Critical
Mysuru,12.2958,76.6394,61.92077,Medium
Cuttack,20.4625,85.883,10.277414,Low
Kanchipuram,12.8342,79.7036,85.53654,Critical
Khordha,20.1734,85.6745,27.407751,Low
Gandhinagar,23.2156,72.6369,23.272423,Low
Dharwad,15.4589,75.0078,17.892962,Low
Chennai,13.0827,80.2707,9.599766,Low
Dharwad,15.4589,75.0078,4.1112328,Low
Tiruchirappalli,10.7905,78.7047,4.025251,Low
Belagavi,15.8497,74.4977,78.88798,High
Salem,11.6643,78.146,89.84989,Critical
Agra,27.1767,78.0081,67.39335,High
Bengaluru Urban,12.9716,77.5946,9.616891,Low
Ahmedabad,23.0225,72.5714,25.143728,Low
Vadodara,22.3072,73.1812,85.6659,Critical
Sundargarh,22.1167,84.0333,21.135818,Low
Chennai,13.0827,80.2707,57.37263,Medium
Kanchipuram,12.8342,79.7036,13.624727,Low
Thane,19.2183,72.9781,4.716896,Low
Mysuru,12.2958,76.6394,64.013596,Medium
Mangaluru,12.9141,74.856,25.313988,Low
Nagpur,21.1458,79.0882,15.824337,Low
Meerut,28.9845,77.7064,14.159269,Low
Lucknow,26.8467,80.9462,13.224994,Low
Tumakuru,13.3409,77.101,80.55418,Critical
Vadodara,22.3072,73.1812,55.01359,Medium
Kanchipuram,12.8342,79.7036,29.66007,Low
Surat,21.1702,72.8311,57.345146,Medium
Kanchipuram,12.8342,79.7036,26.289951,Low
Nashik,19.9975,73.7898,19.056257,Low
Mysuru,12.2958,76.6394,39.79976,Low
Varanasi,25.3176,82.9739,52.94311,Medium
Gandhinagar,23.2156,72.6369,82.200874,Critical
Tumakuru,13.3409,77.101,43.642506,Low
Chennai,13.0827,80.2707,86.38381,Critical
Tumakuru,13.3409,77.101,17.462124,Low
Varanasi,25.3176,82.9739,7.0488987,Low
Pune,18.5204,73.8567,10.380764,Low
Gautam Buddha Nagar,28.5355,77.391,82.61248,Critical
Meerut,28.9845,77.7064,69.04546,High
Khordha,20.1734,85.6745,35.17047,Low
Tumakuru,13.3409,77.101,10.995659,Low
Belagavi,15.8497,74.4977,30.209574,Low
Coimbatore,11.0168,76.9558,16.965113,Low
Tumakuru,13.3409,77.101,29.417727,Low
Bengaluru Urban,12.9716,77.5946,49.23803,Medium
Kanpur Nagar,26.4499,80.3319,71.65415,High
Varanasi,25.3176,82.9739,9.176737,Low
Ganjam,19.3871,84.7919,7.3437676,Low
Kanchipuram,12.8342,79.7036,47.56755,Medium
Agra,27.1767,78.0081,86.29471,Critical
Ahmedabad,23.0225,72.5714,16.950674,Low
Puri,19.8135,85.8312,40.533237,Low
Gautam Buddha Nagar,28.5355,77.391,40.030937,Low
Thane,19.2183,72.9781,97.04325,Critical
Chennai,13.0827,80.2707,29.91362,Low
Ganjam,19.3871,84.7919,6.5620303,Low
Varanasi,25.3176,82.9739,27.218586,Low
Coimbatore,11.0168,76.9558,16.781445,Low
Raigad,18.5158,73.1822,92.63794,Critical
Tiruchirappalli,10.7905,78.7047,7.3761544,Low
Nashik,19.9975,73.7898,9.319738,Low
Khordha,20.1734,85.6745,14.55697,Low
Nashik,19.9975,73.7898,87.03804,Critical
Thane,19.2183,72.9781,79.938416,High
Tiruchirappalli,10.7905,78.7047,77.04601,High
Lucknow,26.8467,80.9462,93.933624,Critical
Kanpur Nagar,26.4499,80.3319,81.48282,Critical
Nagpur,21.1458,79.0882,46.359383,Medium
Mysuru,12.2958,76.6394,79.03782,High
Tumakuru,13.3409,77.101,24.207684,Low
Chennai,13.0827,80.2707,28.975264,Low
Nashik,19.9975,73.7898,58.637066,Medium
Nashik,19.9975,73.7898,88.0196,Critical
Lucknow,26.8467,80.9462,22.414167,Low
Gandhinagar,23.2156,72.6369,70.662476,High
Coimbatore,11.0168,76.9558,79.2762,High
Belagavi,15.8497,74.4977,92.76869,Critical
Balasore,21.4942,86.9317,17.416962,Low
Thane,19.2183,72.9781,12.382781,Low
Coimbatore,11.0168,76.9558,10.98025,Low
Gandhinagar,23.2156,72.6369,20.484976,Low
Lucknow,26.8467,80.9462,48.673428,Medium
Nagpur,21.1458,79.0882,9.811067,Low
Meerut,28.9845,77.7064,33.81697,Low
Agra,27.1767,78.0081,68.47225,High
Kanpur Nagar,26.4499,80.3319,94.714745,Critical
Ahmedabad,23.0225,72.5714,66.31758,High
Sundargarh,22.1167,84.0333,3.1239223,Low
Raigad,18.5158,73.1822,18.04769,Low
Aurangabad,19.8762,75.3433,70.523,High
Salem,11.6643,78.146,81.5964,Critical
Mangaluru,12.9141,74.856,19.4662,Low
Surat,21.1702,72.8311,10.645821,Low
Nashik,19.9975,73.7898,5.3660593,Low
Chennai,13.0827,80.2707,68.93762,High
Kanpur Nagar,26.4499,80.3319,6.103981,Low
Aurangabad,19.8762,75.3433,17.137667,Low
Tiruchirappalli,10.7905,78.7047,64.06251,Medium
Gandhinagar,23.2156,72.6369,82.83711,Critical
Bengaluru Urban,12.9716,77.5946,8.938314,Low
Sundargarh,22.1167,84.0333,86.90936,Critical
Balasore,21.4942,86.9317,68.23392,High
Nagpur,21.1458,79.0882,37.48102,Low
Nashik,19.9975,73.7898,42.957897,Low
Raigad,18.5158,73.1822,2.0200007,Low
Agra,27.1767,78.0081,92.85707,Critical
Tiruchirappalli,10.7905,78.7047,89.11769,Critical
Thane,19.2183,72.9781,12.607061,Low
Rajkot,22.3039,70.8022,28.48601,Low
Dharwad,15.4589,75.0078,35.963116,Low
Dharwad,15.4589,75.0078,53.65901,Medium
Gandhinagar,23.2156,72.6369,10.24259,Low
Kutch,23.7337,69.8597,6.9859104,Low
Coimbatore,11.0168,76.9558,80.31877,Critical
Ganjam,19.3871,84.7919,24.734947,Low
Dharwad,15.4589,75.0078,13.964507,Low
Salem,11.6643,78.146,18.172506,Low
Mysuru,12.2958,76.6394,87.11522,Critical
Agra,27.1767,78.0081,87.75655,Critical
Rajkot,22.3039,70.8022,66.20716,High
Agra,27.1767,78.0081,64.787834,Medium
Cuttack,20.4625,85.883,77.846306,High
Tiruchirappalli,10.7905,78.7047,16.004633,Low
Vadodara,22.3072,73.1812,5.0184655,Low
Rajkot,22.3039,70.8022,80.59147,Critical
Gautam Buddha Nagar,28.5355,77.391,15.90607,Low
Chennai,13.0827,80.2707,16.572819,Low
Meerut,28.9845,77.7064,69.643555,High
Gautam Buddha Nagar,28.5355,77.391,22.30994,Low
Aurangabad,19.8762,75.3433,26.02961,Low
Meerut,28.9845,77.7064,33.527462,Low
Vadodara,22.3072,73.1812,19.455418,Low
Kutch,23.7337,69.8597,80.25004,Critical
Nashik,19.9975,73.7898,44.284325,Low
Meerut,28.9845,77.7064,25.323292,Low
Lucknow,26.8467,80.9462,90.57466,Critical
Nashik,19.9975,73.7898,5.2596827,Low
Agra,27.1767,78.0081,94.014656,Critical
Balasore,21.4942,86.9317,16.595932,Low
Gautam Buddha Nagar,28.5355,77.391,8.191709,Low
Aurangabad,19.8762,75.3433,51.623684,Medium
Pune,18.5204,73.8567,93.34293,Critical
Nagpur,21.1458,79.0882,81.50274,Critical
Varanasi,25.3176,82.9739,59.461723,Medium
Gautam Buddha Nagar,28.5355,77.391,26.910418,Low
Madurai,9.9252,78.1198,31.259043,Low
Meerut,28.9845,77.7064,85.8532,Critical
Gandhinagar,23.2156,72.6369,25.625229,Low
Ahmedabad,23.0225,72.5714,59.332962,Medium
Thane,19.2183,72.9781,19.301147,Low
Rajkot,22.3039,70.8022,18.242641,Low
Bengaluru Urban,12.9716,77.5946,23.921562,Low
Dharwad,15.4589,75.0078,42.16304,Low
Thane,19.2183,72.9781,91.79449,Critical
Aurangabad,19.8762,75.3433,15.300189,Low
Nagpur,21.1458,79.0882,91.324646,Critical
Surat,21.1702,72.8311,12.58674,Low
Balasore,21.4942,86.9317,10.099223,Low
Kanpur Nagar,26.4499,80.3319,77.995605,High
Pune,18.5204,73.8567,20.77352,Low
Coimbatore,11.0168,76.9558,70.6447,High
Varanasi,25.3176,82.9739,96.39776,Critical
Gandhinagar,23.2156,72.6369,19.268963,Low
Mysuru,12.2958,76.6394,89.2469,Critical
Lucknow,26.8467,80.9462,15.937974,Low
Kanpur Nagar,26.4499,80.3319,29.133049,Low
Kanpur Nagar,26.4499,80.3319,90.26085,Critical
Kanchipuram,12.8342,79.7036,44.834717,Low
Kanpur Nagar,26.4499,80.3319,25.187317,Low
Meerut,28.9845,77.7064,29.054361,Low
Lucknow,26.8467,80.9462,82.90505,Critical
Lucknow,26.8467,80.9462,12.651539,Low
Cuttack,20.4625,85.883,63.849777,Medium
Pune,18.5204,73.8567,54.39089,Medium
Gandhinagar,23.2156,72.6369,33.59933,Low
Sundargarh,22.1167,84.0333,3.9663289,Low
Bengaluru Urban,12.9716,77.5946,12.034999,Low
Lucknow,26.8467,80.9462,33.37762,Low
Coimbatore,11.0168,76.9558,8.120814,Low
Puri,19.8135,85.8312,81.633736,Critical
Agra,27.1767,78.0081,21.584171,Low
Mysuru,12.2958,76.6394,79.98862,High
Kanchipuram,12.8342,79.7036,7.1644893,Low
Nagpur,21.1458,79.0882,73.01262,High
Salem,11.6643,78.146,32.92926,Low
Vadodara,22.3072,73.1812,56.671017,Medium
Puri,19.8135,85.8312,89.88153,Critical
Tiruchirappalli,10.7905,78.7047,35.16466,Low
Raigad,18.5158,73.1822,9.034044,Low
Bengaluru Urban,12.9716,77.5946,28.258886,Low
Nashik,19.9975,73.7898,8.5222645,Low
Bengaluru Urban,12.9716,77.5946,24.47594,Low
Puri,19.8135,85.8312,5.616473,Low
Varanasi,25.3176,82.9739,15.745805,Low
Nashik,19.9975,73.7898,14.473499,Low
Nagpur,21.1458,79.0882,28.997862,Low
Lucknow,26.8467,80.9462,16.758654,Low
Lucknow,26.8467,80.9462,69.54463,High
Nagpur,21.1458,79.0882,34.134007,Low
Agra,27.1767,78.0081,12.9875765,Low
Kanpur Nagar,26.4499,80.3319,95.99534,Critical
Bengaluru Urban,12.9716,77.5946,26.64715,Low
Bengaluru Urban,12.9716,77.5946,82.49598,Critical
Dharwad,15.4589,75.0078,4.4390774,Low
Aurangabad,19.8762,75.3433,19.499872,Low
Coimbatore,11.0168,76.9558,11.009715,Low
Cuttack,20.4625,85.883,55.33957,Medium
Varanasi,25.3176,82.9739,70.69979,High
Agra,27.1767,78.0081,16.289886,Low
Balasore,21.4942,86.9317,20.65045,Low
Gautam Buddha Nagar,28.5355,77.391,23.072954,Low
Ahmedabad,23.0225,72.5714,10.557588,Low
Salem,11.6643,78.146,25.874182,Low
Agra,27.1767,78.0081,39.7356,Low
Kanpur Nagar,26.4499,80.3319,37.95102,Low
Salem,11.6643,78.146,18.649837,Low
Puri,19.8135,85.8312,80.23659,Critical
Gautam Buddha Nagar,28.5355,77.391,14.091171,Low
Chennai,13.0827,80.2707,35.18595,Low
Tiruchirappalli,10.7905,78.7047,3.1471758,Low
Surat,21.1702,72.8311,17.350655,Low
Sundargarh,22.1167,84.0333,8.015685,Low
Aurangabad,19.8762,75.3433,81.80898,Critical
Meerut,28.9845,77.7064,5.8223486,Low
Cuttack,20.4625,85.883,11.591167,Low
Pune,18.5204,73.8567,7.078853,Low
Balasore,21.4942,86.9317,5.1431894,Low
Belagavi,15.8497,74.4977,90.39763,Critical
Lucknow,26.8467,80.9462,15.42605,Low
Sundargarh,22.1167,84.0333,23.292175,Low
Lucknow,26.8467,80.9462,13.84822,Low
Tiruchirappalli,10.7905,78.7047,20.427372,Low
Aurangabad,19.8762,75.3433,76.47182,High
Cuttack,20.4625,85.883,18.4782,Low
Vadodara,22.3072,73.1812,39.23007,Low
Nashik,19.9975,73.7898,17.28757,Low
Khordha,20.1734,85.6745,65.04859,High
Bengaluru Urban,12.9716,77.5946,20.677092,Low
Kutch,23.7337,69.8597,74.86466,High
Tumakuru,13.3409,77.101,25.13736,Low
Chennai,13.0827,80.2707,73.04894,High
Pune,18.5204,73.8567,53.514545,Medium
Vadodara,22.3072,73.1812,18.578972,Low
Meerut,28.9845,77.7064,23.274391,Low
Tumakuru,13.3409,77.101,68.30238,High
Kutch,23.7337,69.8597,31.301168,Low
Nashik,19.9975,73.7898,76.49016,High
Kanpur Nagar,26.4499,80.3319,78.45621,High
Tiruchirappalli,10.7905,78.7047,11.054796,Low
Pune,18.5204,73.8567,15.643527,Low
Khordha,20.1734,85.6745,64.48712,Medium
Meerut,28.9845,77.7064,84.064384,Critical
Kanchipuram,12.8342,79.7036,26.407236,Low
Gautam Buddha Nagar,28.5355,77.391,19.961756,Low
Varanasi,25.3176,82.9739,93.5941,Critical
Kanchipuram,12.8342,79.7036,68.38653,High
Kanchipuram,12.8342,79.7036,93.29242,Critical
Lucknow,26.8467,80.9462,7.075028,Low
Gandhinagar,23.2156,72.6369,35.88066,Low
Dharwad,15.4589,75.0078,59.041416,Medium
Kanchipuram,12.8342,79.7036,77.198555,High
Pune,18.5204,73.8567,47.291107,Medium
Rajkot,22.3039,70.8022,4.9205713,Low
Bengaluru Urban,12.9716,77.5946,76.01608,High
Tumakuru,13.3409,77.101,24.866581,Low
Bengaluru Urban,12.9716,77.5946,4.6142306,Low
Vadodara,22.3072,73.1812,27.661377,Low
Kanpur Nagar,26.4499,80.3319,24.278769,Low
Salem,11.6643,78.146,78.633224,High
Coimbatore,11.0168,76.9558,87.118164,Critical
Tumakuru,13.3409,77.101,8.115718,Low
Agra,27.1767,78.0081,20.914873,Low
Kanpur Nagar,26.4499,80.3319,19.338585,Low
Mysuru,12.2958,76.6394,14.038579,Low
Gautam Buddha Nagar,28.5355,77.391,88.73287,Critical
Salem,11.6643,78.146,35.70199,Low
Aurangabad,19.8762,75.3433,22.381323,Low
Tumakuru,13.3409,77.101,20.72802,Low
Coimbatore,11.0168,76.9558,12.148964,Low
Pune,18.5204,73.8567,10.358987,Low
Raigad,18.5158,73.1822,25.39047,Low
Balasore,21.4942,86.9317,9.507487,Low
Khordha,20.1734,85.6745,72.08984,High
Pune,18.5204,73.8567,18.203058,Low
Khordha,20.1734,85.6745,30.962515,Low
Madurai,9.9252,78.1198,23.685863,Low
Gandhinagar,23.2156,72.6369,15.0541725,Low
Gautam Buddha Nagar,28.5355,77.391,10.134871,Low
Aurangabad,19.8762,75.3433,90.174126,Critical
Pune,18.5204,73.8567,59.05028,Medium
Kanpur Nagar,26.4499,80.3319,84.48062,Critical
Lucknow,26.8467,80.9462,34.77861,Low
Ganjam,19.3871,84.7919,83.43579,Critical
Nashik,19.9975,73.7898,8.462988,Low
Coimbatore,11.0168,76.9558,84.54294,Critical
Nagpur,21.1458,79.0882,18.27232,Low
Kanpur Nagar,26.4499,80.3319,21.284603,Low
Tumakuru,13.3409,77.101,5.0683885,Low
Madurai,9.9252,78.1198,13.490635,Low
Aurangabad,19.8762,75.3433,75.80661,High
Varanasi,25.3176,82.9739,13.16284,Low
Varanasi,25.3176,82.9739,84.086685,Critical
Vadodara,22.3072,73.1812,10.566538,Low
Ahmedabad,23.0225,72.5714,77.730705,High
Pune,18.5204,73.8567,85.878914,Critical
Gautam Buddha Nagar,28.5355,77.391,13.534435,Low
Rajkot,22.3039,70.8022,20.149317,Low
Salem,11.6643,78.146,76.05274,High
Balasore,21.4942,86.9317,62.72296,Medium
Kutch,23.7337,69.8597,77.22781,High
Lucknow,26.8467,80.9462,37.823,Low
Raigad,18.5158,73.1822,13.343867,Low
Raigad,18.5158,73.1822,82.43193,Critical
Dharwad,15.4589,75.0078,34.879063,Low
Salem,11.6643,78.146,25.864388,Low
Coimbatore,11.0168,76.9558,52.22811,Medium
Coimbatore,11.0168,76.9558,19.366356,Low
Chennai,13.0827,80.2707,11.621511,Low
Salem,11.6643,78.146,11.958788,Low
Agra,27.1767,78.0081,22.652946,Low
Lucknow,26.8467,80.9462,36.43219,Low
Pune,18.5204,73.8567,29.415794,Low
Ahmedabad,23.0225,72.5714,88.08764,Critical
Varanasi,25.3176,82.9739,47.082676,Medium
Belagavi,15.8497,74.4977,26.68668,Low
Sundargarh,22.1167,84.0333,68.028564,High
Ahmedabad,23.0225,72.5714,87.21329,Critical
Gautam Buddha Nagar,28.5355,77.391,76.25148,High
Pune,18.5204,73.8567,15.838462,Low
Kanpur Nagar,26.4499,80.3319,22.625664,Low
Tiruchirappalli,10.7905,78.7047,50.692963,Medium
Cuttack,20.4625,85.883,41.591064,Low
Bengaluru Urban,12.9716,77.5946,87.30767,Critical
Nagpur,21.1458,79.0882,15.552579,Low
Aurangabad,19.8762,75.3433,67.15945,High
Pune,18.5204,73.8567,30.364695,Low
Belagavi,15.8497,74.4977,37.764458,Low
Tumakuru,13.3409,77.101,5.819263,Low
Gautam Buddha Nagar,28.5355,77.391,85.25277,Critical
Kanchipuram,12.8342,79.7036,96.000175,Critical
Varanasi,25.3176,82.9739,32.296894,Low
Tiruchirappalli,10.7905,78.7047,92.11959,Critical
Gautam Buddha Nagar,28.5355,77.391,11.987678,Low
Nashik,19.9975,73.7898,6.097718,Low
Dharwad,15.4589,75.0078,22.844563,Low
Varanasi,25.3176,82.9739,11.564606,Low
Pune,18.5204,73.8567,13.07964,Low
Rajkot,22.3039,70.8022,1.909251,Low
Raigad,18.5158,73.1822,12.454154,Low
Belagavi,15.8497,74.4977,90.97778,Critical
Coimbatore,11.0168,76.9558,84.210655,Critical
Kanchipuram,12.8342,79.7036,23.743938,Low
Aurangabad,19.8762,75.3433,29.660978,Low
Ahmedabad,23.0225,72.5714,72.406944,High
Pune,18.5204,73.8567,95.10971,Critical
Raigad,18.5158,73.1822,76.778946,High
Lucknow,26.8467,80.9462,75.35993,High
Chennai,13.0827,80.2707,90.80526,Critical
Madurai,9.9252,78.1198,20.700077,Low
Dharwad,15.4589,75.0078,35.4266,Low
Rajkot,22.3039,70.8022,89.297195,Critical
Rajkot,22.3039,70.8022,14.586046,Low
Kutch,23.7337,69.8597,55.77305,Medium
Gandhinagar,23.2156,72.6369,43.838898,Low
Ahmedabad,23.0225,72.5714,82.57429,Critical
Gautam Buddha Nagar,28.5355,77.391,65.0238,High
Gautam Buddha Nagar,28.5355,77.391,13.607977,Low
Madurai,9.9252,78.1198,8.9244,Low
Vadodara,22.3072,73.1812,7.54563,Low
Kanchipuram,12.8342,79.7036,3.9096096,Low
Agra,27.1767,78.0081,15.279959,Low
Ahmedabad,23.0225,72.5714,4.976186,Low
Meerut,28.9845,77.7064,56.175358,Medium
Nagpur,21.1458,79.0882,41.64529,Low
Meerut,28.9845,77.7064,47.21147,Medium
Kanpur Nagar,26.4499,80.3319,73.21545,High
Kanchipuram,12.8342,79.7036,9.065882,Low
Aurangabad,19.8762,75.3433,20.310219,Low
Khordha,20.1734,85.6745,75.211105,High
Rajkot,22.3039,70.8022,14.826353,Low
Nashik,19.9975,73.7898,17.605408,Low
Rajkot,22.3039,70.8022,96.803925,Critical
Kanpur Nagar,26.4499,80.3319,9.132828,Low
Salem,11.6643,78.146,4.6469374,Low
Mysuru,12.2958,76.6394,29.17457,Low
Mangaluru,12.9141,74.856,66.5454,High
Rajkot,22.3039,70.8022,24.224625,Low
Meerut,28.9845,77.7064,32.719326,Low
Coimbatore,11.0168,76.9558,22.81025,Low
Raigad,18.5158,73.1822,7.1627893,Low
Lucknow,26.8467,80.9462,32.221096,Low
Nashik,19.9975,73.7898,18.813803,Low
Mangaluru,12.9141,74.856,8.7264,Low
Puri,19.8135,85.8312,13.2388,Low
Mysuru,12.2958,76.6394,28.15266,Low
Mangaluru,12.9141,74.856,22.601023,Low
Meerut,28.9845,77.7064,80.92803,Critical
Coimbatore,11.0168,76.9558,17.879776,Low
Surat,21.1702,72.8311,13.94732,Low
Cuttack,20.4625,85.883,57.82315,Medium
Gautam Buddha Nagar,28.5355,77.391,5.949285,Low
Salem,11.6643,78.146,66.03611,High
Nagpur,21.1458,79.0882,56.68553,Medium
Meerut,28.9845,77.7064,10.543479,Low
Surat,21.1702,72.8311,89.46952,Critical
Varanasi,25.3176,82.9739,71.27793,High
Varanasi,25.3176,82.9739,87.62647,Critical
Sundargarh,22.1167,84.0333,7.0657463,Low
Pune,18.5204,73.8567,27.49395,Low
Madurai,9.9252,78.1198,13.132435,Low
Thane,19.2183,72.9781,93.03443,Critical
Tumakuru,13.3409,77.101,18.172655,Low
Kutch,23.7337,69.8597,9.473038,Low
Sundargarh,22.1167,84.0333,22.490314,Low
Puri,19.8135,85.8312,24.645733,Low
Ahmedabad,23.0225,72.5714,36.929573,Low
Coimbatore,11.0168,76.9558,64.03306,Medium
Nashik,19.9975,73.7898,10.9421,Low
Agra,27.1767,78.0081,45.44474,Medium
Ganjam,19.3871,84.7919,76.32834,High
Belagavi,15.8497,74.4977,34.98081,Low
Gautam Buddha Nagar,28.5355,77.391,50.809986,Medium
Rajkot,22.3039,70.8022,60.8451,Medium
Madurai,9.9252,78.1198,75.930084,High
Bengaluru Urban,12.9716,77.5946,35.677074,Low
Salem,11.6643,78.146,94.14506,Critical
Rajkot,22.3039,70.8022,23.81282,Low
Khordha,20.1734,85.6745,11.509964,Low
Nashik,19.9975,73.7898,20.235428,Low
Tiruchirappalli,10.7905,78.7047,21.636766,Low
Nagpur,21.1458,79.0882,6.183104,Low
Tumakuru,13.3409,77.101,51.606834,Medium
Pune,18.5204,73.8567,90.50095,Critical
Surat,21.1702,72.8311,77.46774,High
Mangaluru,12.9141,74.856,15.05356,Low
Rajkot,22.3039,70.8022,9.702161,Low
Coimbatore,11.0168,76.9558,18.570503,Low
Nashik,19.9975,73.7898,18.592499,Low
Cuttack,20.4625,85.883,9.659091,Low
Nashik,19.9975,73.7898,30.933357,Low
Pune,18.5204,73.8567,72.76982,High
Rajkot,22.3039,70.8022,7.662982,Low
Varanasi,25.3176,82.9739,9.089969,Low
Varanasi,25.3176,82.9739,13.994188,Low
Puri,19.8135,85.8312,50.038033,Medium
Cuttack,20.4625,85.883,80.765656,Critical
Cuttack,20.4625,85.883,91.07181,Critical
Lucknow,26.8467,80.9462,21.868914,Low
Nashik,19.9975,73.7898,25.60513,Low
Agra,27.1767,78.0081,55.750908,Medium
Belagavi,15.8497,74.4977,17.984898,Low
Chennai,13.0827,80.2707,33.816982,Low
Nagpur,21.1458,79.0882,7.5457454,Low
Ganjam,19.3871,84.7919,86.21076,Critical
Meerut,28.9845,77.7064,20.299202,Low
Raigad,18.5158,73.1822,74.99615,High
Lucknow,26.8467,80.9462,92.74684,Critical
Pune,18.5204,73.8567,21.921614,Low
Cuttack,20.4625,85.883,84.66292,Critical
Chennai,13.0827,80.2707,14.178559,Low
Meerut,28.9845,77.7064,13.765181,Low
Kutch,23.7337,69.8597,7.8017488,Low
Belagavi,15.8497,74.4977,31.970802,Low
Tiruchirappalli,10.7905,78.7047,32.72248,Low
Puri,19.8135,85.8312,96.0241,Critical
Nashik,19.9975,73.7898,25.304445,Low
Ganjam,19.3871,84.7919,8.633352,Low
Aurangabad,19.8762,75.3433,78.662155,High
Salem,11.6643,78.146,16.103256,Low
Raigad,18.5158,73.1822,8.83966,Low
Puri,19.8135,85.8312,59.248703,Medium
Agra,27.1767,78.0081,71.93969,High
Raigad,18.5158,73.1822,88.62108,Critical
Madurai,9.9252,78.1198,86.86629,Critical
Balasore,21.4942,86.9317,24.870722,Low
Vadodara,22.3072,73.1812,80.06773,Critical
Coimbatore,11.0168,76.9558,89.08891,Critical
Coimbatore,11.0168,76.9558,96.47995,Critical
Thane,19.2183,72.9781,11.162764,Low
Vadodara,22.3072,73.1812,76.08373,High
Vadodara,22.3072,73.1812,70.25614,High
Balasore,21.4942,86.9317,33.087616,Low
Pune,18.5204,73.8567,26.177773,Low
Pune,18.5204,73.8567,83.665825,Critical
Kanchipuram,12.8342,79.7036,89.417274,Critical
Salem,11.6643,78.146,27.471512,Low
Dharwad,15.4589,75.0078,84.354706,Critical
Chennai,13.0827,80.2707,96.91004,Critical
Dharwad,15.4589,75.0078,77.133286,High
Tumakuru,13.3409,77.101,79.22982,High
Dharwad,15.4589,75.0078,10.987746,Low
Ahmedabad,23.0225,72.5714,16.405674,Low
Rajkot,22.3039,70.8022,29.648308,Low
Thane,19.2183,72.9781,3.8292072,Low
Cuttack,20.4625,85.883,81.14519,Critical
Pune,18.5204,73.8567,96.39043,Critical
Raigad,18.5158,73.1822,17.068634,Low
Balasore,21.4942,86.9317,34.443447,Low
Thane,19.2183,72.9781,8.70388,Low
Kanpur Nagar,26.4499,80.3319,9.710329,Low
Belagavi,15.8497,74.4977,37.367447,Low
Chennai,13.0827,80.2707,57.511086,Medium
Agra,27.1767,78.0081,91.98355,Critical
Meerut,28.9845,77.7064,72.14555,High
Nagpur,21.1458,79.0882,80.10535,Critical
Mangaluru,12.9141,74.856,37.54558,Low
Bengaluru Urban,12.9716,77.5946,13.756047,Low
Lucknow,26.8467,80.9462,68.06446,High
Tumakuru,13.3409,77.101,39.26484,Low
Varanasi,25.3176,82.9739,4.764878,Low
Nagpur,21.1458,79.0882,17.892168,Low
Coimbatore,11.0168,76.9558,27.084776,Low
Varanasi,25.3176,82.9739,11.92357,Low
Lucknow,26.8467,80.9462,96.56027,Critical
Raigad,18.5158,73.1822,44.063393,Low
Ganjam,19.3871,84.7919,13.880139,Low
Coimbatore,11.0168,76.9558,70.175766,High
Salem,11.6643,78.146,24.44179,Low
Lucknow,26.8467,80.9462,3.6608026,Low
Agra,27.1767,78.0081,76.13827,High
Belagavi,15.8497,74.4977,67.99804,High
Nagpur,21.1458,79.0882,15.672867,Low
Chennai,13.0827,80.2707,7.796477,Low
Cuttack,20.4625,85.883,6.399739,Low
Meerut,28.9845,77.7064,83.08548,Critical
Mysuru,12.2958,76.6394,27.181086,Low
Agra,27.1767,78.0081,57.275635,Medium
Thane,19.2183,72.9781,28.167545,Low
Ahmedabad,23.0225,72.5714,23.694012,Low
Surat,21.1702,72.8311,13.499336,Low
Cuttack,20.4625,85.883,31.749226,Low
Ganjam,19.3871,84.7919,12.401945,Low
Kanchipuram,12.8342,79.7036,44.656143,Low
Tiruchirappalli,10.7905,78.7047,20.783697,Low
Surat,21.1702,72.8311,15.529463,Low
Varanasi,25.3176,82.9739,63.289684,Medium
Dharwad,15.4589,75.0078,10.567968,Low
Kanchipuram,12.8342,79.7036,6.609375,Low
Pune,18.5204,73.8567,26.778551,Low
Gandhinagar,23.2156,72.6369,11.61129,Low
Nagpur,21.1458,79.0882,69.16658,High
Varanasi,25.3176,82.9739,25.647429,Low
Ganjam,19.3871,84.7919,26.210018,Low
Pune,18.5204,73.8567,77.572266,High
Bengaluru Urban,12.9716,77.5946,25.361618,Low
Belagavi,15.8497,74.4977,17.770666,Low
Bengaluru Urban,12.9716,77.5946,4.3274617,Low
Aurangabad,19.8762,75.3433,74.32177,High
Thane,19.2183,72.9781,23.106592,Low
Tumakuru,13.3409,77.101,24.848267,Low
Mangaluru,12.9141,74.856,32.748726,Low
Kutch,23.7337,69.8597,95.53467,Critical
Coimbatore,11.0168,76.9558,16.85335,Low
Gautam Buddha Nagar,28.5355,77.391,96.76931,Critical
Chennai,13.0827,80.2707,23.46824,Low
Gautam Buddha Nagar,28.5355,77.391,7.958057,Low
Meerut,28.9845,77.7064,13.398154,Low
Rajkot,22.3039,70.8022,75.50843,High
Kanpur Nagar,26.4499,80.3319,61.204403,Medium
Lucknow,26.8467,80.9462,19.217316,Low
Meerut,28.9845,77.7064,16.75716,Low
Gandhinagar,23.2156,72.6369,9.604025,Low
Belagavi,15.8497,74.4977,25.658113,Low
Agra,27.1767,78.0081,13.79306,Low
Balasore,21.4942,86.9317,32.21051,Low
Dharwad,15.4589,75.0078,40.295113,Low
Agra,27.1767,78.0081,28.557495,Low
Varanasi,25.3176,82.9739,16.617275,Low
Coimbatore,11.0168,76.9558,85.72327,Critical
Mangaluru,12.9141,74.856,48.614693,Medium
Gandhinagar,23.2156,72.6369,80.80113,Critical
Belagavi,15.8497,74.4977,5.3400507,Low
Kanpur Nagar,26.4499,80.3319,92.40333,Critical
Nashik,19.9975,73.7898,27.164087,Low
Mangaluru,12.9141,74.856,23.794975,Low
Nagpur,21.1458,79.0882,25.473198,Low
Dharwad,15.4589,75.0078,49.522907,Medium
Ahmedabad,23.0225,72.5714,26.37946,Low
Mysuru,12.2958,76.6394,9.0726185,Low
Rajkot,22.3039,70.8022,10.261041,Low
Nashik,19.9975,73.7898,58.726048,Medium
Meerut,28.9845,77.7064,23.806772,Low
Varanasi,25.3176,82.9739,2.2745092,Low
Tumakuru,13.3409,77.101,14.365923,Low
Agra,27.1767,78.0081,81.11316,Critical
Varanasi,25.3176,82.9739,21.291382,Low
Kanpur Nagar,26.4499,80.3319,12.142444,Low
Lucknow,26.8467,80.9462,94.64619,Critical
Dharwad,15.4589,75.0078,75.17852,High
Thane,19.2183,72.9781,21.637747,Low
Chennai,13.0827,80.2707,29.382414,Low
Meerut,28.9845,77.7064,22.729538,Low
Sundargarh,22.1167,84.0333,29.349289,Low
Surat,21.1702,72.8311,33.56551,Low
Thane,19.2183,72.9781,65.194855,High
Tiruchirappalli,10.7905,78.7047,13.121263,Low
Kanchipuram,12.8342,79.7036,70.380356,High
Chennai,13.0827,80.2707,74.927345,High
Agra,27.1767,78.0081,4.1313753,Low
Lucknow,26.8467,80.9462,70.189735,High
Sundargarh,22.1167,84.0333,10.749975,Low
Thane,19.2183,72.9781,67.46153,High
Tumakuru,13.3409,77.101,21.52732,Low
Kutch,23.7337,69.8597,86.012566,Critical
Rajkot,22.3039,70.8022,18.513554,Low
Tumakuru,13.3409,77.101,12.936051,Low
Bengaluru Urban,12.9716,77.5946,38.96369,Low
Lucknow,26.8467,80.9462,85.21422,Critical
Meerut,28.9845,77.7064,94.11187,Critical
Puri,19.8135,85.8312,28.53759,Low
Kutch,23.7337,69.8597,18.122166,Low
Thane,19.2183,72.9781,95.5805,Critical
Thane,19.2183,72.9781,10.003595,Low
Tumakuru,13.3409,77.101,17.32958,Low
Dharwad,15.4589,75.0078,20.30276,Low
Ahmedabad,23.0225,72.5714,75.9911,High
Pune,18.5204,73.8567,11.49069,Low
Nashik,19.9975,73.7898,67.689804,High
Rajkot,22.3039,70.8022,70.52477,High
Thane,19.2183,72.9781,13.531608,Low
Vadodara,22.3072,73.1812,40.202187,Low
Cuttack,20.4625,85.883,94.98211,Critical
Kanpur Nagar,26.4499,80.3319,10.599321,Low
Varanasi,25.3176,82.9739,10.976398,Low
Gautam Buddha Nagar,28.5355,77.391,8.714855,Low
Madurai,9.9252,78.1198,10.089573,Low
Balasore,21.4942,86.9317,8.780816,Low
Kanpur Nagar,26.4499,80.3319,2.3148234,Low
Coimbatore,11.0168,76.9558,16.9764,Low
Kutch,23.7337,69.8597,84.35763,Critical
Rajkot,22.3039,70.8022,7.278902,Low
Madurai,9.9252,78.1198,36.747505,Low
Varanasi,25.3176,82.9739,17.00061,Low
Meerut,28.9845,77.7064,12.285122,Low
Cuttack,20.4625,85.883,51.990448,Medium
Gautam Buddha Nagar,28.5355,77.391,74.38096,High
Puri,19.8135,85.8312,24.527763,Low
Gautam Buddha Nagar,28.5355,77.391,12.705393,Low
Meerut,28.9845,77.7064,88.590454,Critical
Meerut,28.9845,77.7064,74.57663,High
Thane,19.2183,72.9781,22.245855,Low
Meerut,28.9845,77.7064,7.9196887,Low
Gautam Buddha Nagar,28.5355,77.391,25.80301,Low
Salem,11.6643,78.146,58.159054,Medium
Nashik,19.9975,73.7898,16.160103,Low
Nagpur,21.1458,79.0882,74.24747,High
Lucknow,26.8467,80.9462,14.909348,Low
Thane,19.2183,72.9781,32.543095,Low
Thane,19.2183,72.9781,61.77779,Medium
Khordha,20.1734,85.6745,9.146332,Low
Varanasi,25.3176,82.9739,35.88384,Low
Kanchipuram,12.8342,79.7036,36.143475,Low
Chennai,13.0827,80.2707,78.53796,High
Meerut,28.9845,77.7064,7.540409,Low
Varanasi,25.3176,82.9739,7.8535914,Low
Agra,27.1767,78.0081,27.095743,Low
Balasore,21.4942,86.9317,19.74584,Low
Varanasi,25.3176,82.9739,6.3654914,Low
Tiruchirappalli,10.7905,78.7047,21.701933,Low
Bengaluru Urban,12.9716,77.5946,30.722813,Low
Bengaluru Urban,12.9716,77.5946,27.803886,Low
Rajkot,22.3039,70.8022,16.60949,Low
Coimbatore,11.0168,76.9558,7.182329,Low
Lucknow,26.8467,80.9462,95.36608,Critical
Nashik,19.9975,73.7898,25.779428,Low
Aurangabad,19.8762,75.3433,16.75301,Low
Coimbatore,11.0168,76.9558,14.043159,Low
Kutch,23.7337,69.8597,69.250175,High
Tumakuru,13.3409,77.101,24.276419,Low
Gautam Buddha Nagar,28.5355,77.391,38.108658,Low
Chennai,13.0827,80.2707,9.415001,Low
Kutch,23.7337,69.8597,16.489836,Low
Ahmedabad,23.0225,72.5714,19.199068,Low
Madurai,9.9252,78.1198,13.38805,Low
Aurangabad,19.8762,75.3433,19.367847,Low
Thane,19.2183,72.9781,18.144318,Low
Cuttack,20.4625,85.883,45.36721,Medium
Gautam Buddha Nagar,28.5355,77.391,30.962646,Low
Aurangabad,19.8762,75.3433,70.743996,High
Agra,27.1767,78.0081,4.260536,Low
Gautam Buddha Nagar,28.5355,77.391,67.04491,High
Coimbatore,11.0168,76.9558,32.90965,Low
Sundargarh,22.1167,84.0333,7.6967216,Low
Nagpur,21.1458,79.0882,63.485973,Medium
Nashik,19.9975,73.7898,24.998083,Low
Ahmedabad,23.0225,72.5714,92.396835,Critical
Balasore,21.4942,86.9317,12.77025,Low
Salem,11.6643,78.146,14.680569,Low
Tiruchirappalli,10.7905,78.7047,18.33716,Low
Pune,18.5204,73.8567,10.73048,Low
Nashik,19.9975,73.7898,28.946468,Low
Surat,21.1702,72.8311,33.623024,Low
Rajkot,22.3039,70.8022,22.670246,Low
Gandhinagar,23.2156,72.6369,81.26019,Critical
Cuttack,20.4625,85.883,76.94757,High
Gandhinagar,23.2156,72.6369,7.2163286,Low
Thane,19.2183,72.9781,42.66084,Low
Aurangabad,19.8762,75.3433,81.24522,Critical
Pune,18.5204,73.8567,33.470932,Low
Meerut,28.9845,77.7064,45.285763,Medium
Agra,27.1767,78.0081,13.0894375,Low
Mysuru,12.2958,76.6394,32.653004,Low
Nagpur,21.1458,79.0882,18.19413,Low
Meerut,28.9845,77.7064,4.7734637,Low
Kutch,23.7337,69.8597,10.084833,Low
Bengaluru Urban,12.9716,77.5946,80.01244,Critical
Nashik,19.9975,73.7898,39.48646,Low
Belagavi,15.8497,74.4977,30.948872,Low
Salem,11.6643,78.146,13.292834,Low
Cuttack,20.4625,85.883,66.53351,High
Puri,19.8135,85.8312,15.283319,Low
Agra,27.1767,78.0081,94.69426,Critical
Coimbatore,11.0168,76.9558,4.301084,Low
Raigad,18.5158,73.1822,48.34255,Medium
Coimbatore,11.0168,76.9558,60.226166,Medium
Gandhinagar,23.2156,72.6369,53.622383,Medium
Meerut,28.9845,77.7064,68.5974,High
Kanpur Nagar,26.4499,80.3319,77.315926,High
Balasore,21.4942,86.9317,78.235664,High
Ahmedabad,23.0225,72.5714,8.025511,Low
Gautam Buddha Nagar,28.5355,77.391,20.94857,Low
Belagavi,15.8497,74.4977,59.960728,Medium
Tiruchirappalli,10.7905,78.7047,20.80086,Low
Gandhinagar,23.2156,72.6369,4.9127364,Low
Vadodara,22.3072,73.1812,80.21307,Critical
Varanasi,25.3176,82.9739,21.322275,Low
Bengaluru Urban,12.9716,77.5946,13.295706,Low
Nagpur,21.1458,79.0882,27.66479,Low
Salem,11.6643,78.146,14.115904,Low
Pune,18.5204,73.8567,36.812107,Low
Ahmedabad,23.0225,72.5714,86.105576,Critical
Pune,18.5204,73.8567,6.709972,Low
Lucknow,26.8467,80.9462,14.67727,Low
Mangaluru,12.9141,74.856,14.718164,Low
Gandhinagar,23.2156,72.6369,62.8182,Medium
Kutch,23.7337,69.8597,23.06346,Low
Coimbatore,11.0168,76.9558,13.972372,Low
Salem,11.6643,78.146,13.414587,Low
Kanchipuram,12.8342,79.7036,29.4342,Low
Agra,27.1767,78.0081,74.319046,High
Sundargarh,22.1167,84.0333,4.555916,Low
Tiruchirappalli,10.7905,78.7047,16.582863,Low
Aurangabad,19.8762,75.3433,21.530993,Low
Meerut,28.9845,77.7064,3.4992888,Low
Dharwad,15.4589,75.0078,14.84659,Low
Rajkot,22.3039,70.8022,13.258304,Low
Kutch,23.7337,69.8597,9.32877,Low
Tiruchirappalli,10.7905,78.7047,28.22237,Low
Puri,19.8135,85.8312,12.282983,Low
Thane,19.2183,72.9781,75.19009,High
Thane,19.2183,72.9781,34.031036,Low
Nagpur,21.1458,79.0882,80.18244,Critical
Varanasi,25.3176,82.9739,11.979139,Low
Dharwad,15.4589,75.0078,41.186897,Low
Mangaluru,12.9141,74.856,96.43271,Critical
Thane,19.2183,72.9781,53.59534,Medium
Pune,18.5204,73.8567,80.42998,Critical
Kanchipuram,12.8342,79.7036,17.41109,Low
Varanasi,25.3176,82.9739,4.952042,Low
Surat,21.1702,72.8311,12.89293,Low
Gandhinagar,23.2156,72.6369,10.038374,Low
Puri,19.8135,85.8312,57.166267,Medium
Agra,27.1767,78.0081,12.2648,Low
Ganjam,19.3871,84.7919,53.105927,Medium
Raigad,18.5158,73.1822,6.221843,Low
Sundargarh,22.1167,84.0333,25.725784,Low
Agra,27.1767,78.0081,5.8094273,Low
Kutch,23.7337,69.8597,12.556951,Low
Surat,21.1702,72.8311,87.62876,Critical
Kanpur Nagar,26.4499,80.3319,69.83156,High
Varanasi,25.3176,82.9739,12.843161,Low
Meerut,28.9845,77.7064,62.318466,Medium
Nashik,19.9975,73.7898,35.967785,Low
Kanpur Nagar,26.4499,80.3319,10.584736,Low
Chennai,13.0827,80.2707,95.79048,Critical
Aurangabad,19.8762,75.3433,15.0541115,Low
Bengaluru Urban,12.9716,77.5946,28.421509,Low
Salem,11.6643,78.146,56.7788,Medium
Lucknow,26.8467,80.9462,38.35761,Low
Ganjam,19.3871,84.7919,18.81939,Low
Tiruchirappalli,10.7905,78.7047,18.963268,Low
Khordha,20.1734,85.6745,12.660501,Low
Raigad,18.5158,73.1822,7.5423756,Low
Surat,21.1702,72.8311,17.429035,Low
Varanasi,25.3176,82.9739,15.256047,Low
Ahmedabad,23.0225,72.5714,10.072451,Low
Chennai,13.0827,80.2707,59.972477,Medium
Coimbatore,11.0168,76.9558,5.8985033,Low
Varanasi,25.3176,82.9739,8.519127,Low
Dharwad,15.4589,75.0078,7.837796,Low
Raigad,18.5158,73.1822,14.688262,Low
Chennai,13.0827,80.2707,64.32269,Medium
Kanpur Nagar,26.4499,80.3319,10.681802,Low
Chennai,13.0827,80.2707,19.543062,Low
Mysuru,12.2958,76.6394,9.814632,Low
Lucknow,26.8467,80.9462,25.341326,Low
Gautam Buddha Nagar,28.5355,77.391,65.58164,High
Dharwad,15.4589,75.0078,22.526321,Low
Meerut,28.9845,77.7064,16.351868,Low
Gandhinagar,23.2156,72.6369,32.35086,Low
Kanchipuram,12.8342,79.7036,74.603516,High
Rajkot,22.3039,70.8022,85.35167,Critical
Pune,18.5204,73.8567,29.645168,Low
Vadodara,22.3072,73.1812,43.481712,Low
Kanpur Nagar,26.4499,80.3319,30.300716,Low
Chennai,13.0827,80.2707,3.458749,Low
Pune,18.5204,73.8567,13.776107,Low
Meerut,28.9845,77.7064,83.78815,Critical
Pune,18.5204,73.8567,57.14193,Medium
Kanchipuram,12.8342,79.7036,56.65834,Medium
Kanpur Nagar,26.4499,80.3319,55.2134,Medium
Salem,11.6643,78.146,19.967104,Low
Dharwad,15.4589,75.0078,27.345768,Low
Bengaluru Urban,12.9716,77.5946,26.942066,Low
Madurai,9.9252,78.1198,35.354122,Low
Belagavi,15.8497,74.4977,44.214172,Low
Kanchipuram,12.8342,79.7036,92.16849,Critical
Agra,27.1767,78.0081,48.66275,Medium
Mangaluru,12.9141,74.856,37.348103,Low
Gandhinagar,23.2156,72.6369,30.48051,Low
Ahmedabad,23.0225,72.5714,7.345707,Low
Salem,11.6643,78.146,4.1077204,Low
Salem,11.6643,78.146,34.62954,Low
Dharwad,15.4589,75.0078,84.68395,Critical
Gandhinagar,23.2156,72.6369,40.243614,Low
Kutch,23.7337,69.8597,71.48897,High
Thane,19.2183,72.9781,91.53662,Critical
Nagpur,21.1458,79.0882,10.143864,Low
Raigad,18.5158,73.1822,90.02916,Critical
Meerut,28.9845,77.7064,30.272215,Low
Kanpur Nagar,26.4499,80.3319,12.853624,Low
Dharwad,15.4589,75.0078,22.778484,Low
Ahmedabad,23.0225,72.5714,24.306015,Low
Madurai,9.9252,78.1198,66.369125,High
Cuttack,20.4625,85.883,11.5148945,Low
Varanasi,25.3176,82.9739,9.487947,Low
Kanpur Nagar,26.4499,80.3319,27.686543,Low
Lucknow,26.8467,80.9462,42.99561,Low
Kanchipuram,12.8342,79.7036,18.36683,Low
Gautam Buddha Nagar,28.5355,77.391,82.92545,Critical
Ahmedabad,23.0225,72.5714,95.42071,Critical
Kanchipuram,12.8342,79.7036,29.012262,Low
Chennai,13.0827,80.2707,15.47028,Low
Kanpur Nagar,26.4499,80.3319,19.1245,Low
Kanpur Nagar,26.4499,80.3319,27.852674,Low
Lucknow,26.8467,80.9462,17.029125,Low
Gautam Buddha Nagar,28.5355,77.391,76.9664,High
Lucknow,26.8467,80.9462,30.494297,Low
Ahmedabad,23.0225,72.5714,77.271935,High
Tiruchirappalli,10.7905,78.7047,55.361664,Medium
Kutch,23.7337,69.8597,6.375942,Low
Ganjam,19.3871,84.7919,78.77271,High
Kanpur Nagar,26.4499,80.3319,76.490555,High
Belagavi,15.8497,74.4977,76.07573,High
Ganjam,19.3871,84.7919,29.091024,Low
Tiruchirappalli,10.7905,78.7047,53.118336,Medium
Salem,11.6643,78.146,12.217791,Low
Raigad,18.5158,73.1822,17.609688,Low
Lucknow,26.8467,80.9462,17.600683,Low
Agra,27.1767,78.0081,31.886208,Low
Kutch,23.7337,69.8597,10.794109,Low
Coimbatore,11.0168,76.9558,16.47139,Low
Nagpur,21.1458,79.0882,11.256151,Low
Bengaluru Urban,12.9716,77.5946,74.00759,High
Surat,21.1702,72.8311,10.721812,Low
Varanasi,25.3176,82.9739,8.583149,Low
Raigad,18.5158,73.1822,93.36099,Critical
Khordha,20.1734,85.6745,78.525475,High
Balasore,21.4942,86.9317,81.90652,Critical
Gandhinagar,23.2156,72.6369,75.3265,High
Meerut,28.9845,77.7064,22.230925,Low
Belagavi,15.8497,74.4977,10.286076,Low
Gautam Buddha Nagar,28.5355,77.391,7.315127,Low
Madurai,9.9252,78.1198,66.22622,High
Meerut,28.9845,77.7064,82.85553,Critical
Meerut,28.9845,77.7064,8.343532,Low
Rajkot,22.3039,70.8022,29.43823,Low
Kutch,23.7337,69.8597,23.137234,Low
Gandhinagar,23.2156,72.6369,90.53694,Critical
Ahmedabad,23.0225,72.5714,42.48083,Low
Kanchipuram,12.8342,79.7036,12.452917,Low
Surat,21.1702,72.8311,17.116491,Low
Vadodara,22.3072,73.1812,8.859972,Low
Nagpur,21.1458,79.0882,7.6500654,Low
Kanpur Nagar,26.4499,80.3319,92.55675,Critical
Khordha,20.1734,85.6745,93.00896,Critical
Varanasi,25.3176,82.9739,68.75458,High
Ganjam,19.3871,84.7919,16.3106,Low
Kanpur Nagar,26.4499,80.3319,34.979706,Low
Coimbatore,11.0168,76.9558,63.680798,Medium
Kutch,23.7337,69.8597,28.181177,Low
Madurai,9.9252,78.1198,14.673439,Low
Gandhinagar,23.2156,72.6369,28.186153,Low
Varanasi,25.3176,82.9739,17.475445,Low
Bengaluru Urban,12.9716,77.5946,3.8231373,Low
Khordha,20.1734,85.6745,26.639545,Low
Mysuru,12.2958,76.6394,80.25182,Critical
Raigad,18.5158,73.1822,28.699675,Low
Ganjam,19.3871,84.7919,93.303406,Critical
Madurai,9.9252,78.1198,70.29521,High
Ganjam,19.3871,84.7919,28.028423,Low
Pune,18.5204,73.8567,70.560455,High
Ganjam,19.3871,84.7919,53.93492,Medium
Cuttack,20.4625,85.883,76.29339,High
Chennai,13.0827,80.2707,8.969447,Low
Aurangabad,19.8762,75.3433,16.265224,Low
Nashik,19.9975,73.7898,80.11268,Critical
Mysuru,12.2958,76.6394,88.811455,Critical
Gandhinagar,23.2156,72.6369,85.90539,Critical
Mysuru,12.2958,76.6394,93.68035,Critical
Gandhinagar,23.2156,72.6369,12.225095,Low
Lucknow,26.8467,80.9462,81.82302,Critical
Bengaluru Urban,12.9716,77.5946,16.435577,Low
Lucknow,26.8467,80.9462,16.524702,Low
Varanasi,25.3176,82.9739,12.72933,Low
Cuttack,20.4625,85.883,43.47042,Low
Bengaluru Urban,12.9716,77.5946,9.824197,Low
Tiruchirappalli,10.7905,78.7047,91.51099,Critical
Nashik,19.9975,73.7898,31.072012,Low
Agra,27.1767,78.0081,9.923628,Low
Coimbatore,11.0168,76.9558,27.330982,Low
Gautam Buddha Nagar,28.5355,77.391,15.877636,Low
Gautam Buddha Nagar,28.5355,77.391,12.246381,Low
Aurangabad,19.8762,75.3433,84.05044,Critical
Ahmedabad,23.0225,72.5714,12.234558,Low
Coimbatore,11.0168,76.9558,26.366693,Low
Mangaluru,12.9141,74.856,5.0757723,Low
Tumakuru,13.3409,77.101,11.933204,Low
Kanpur Nagar,26.4499,80.3319,57.554375,Medium
Nashik,19.9975,73.7898,71.84559,High
Kutch,23.7337,69.8597,20.022509,Low
Kanpur Nagar,26.4499,80.3319,12.856345,Low
Nashik,19.9975,73.7898,33.446804,Low
Aurangabad,19.8762,75.3433,87.15366,Critical
Agra,27.1767,78.0081,8.505994,Low
Kutch,23.7337,69.8597,48.174786,Medium
Tumakuru,13.3409,77.101,9.578426,Low
Meerut,28.9845,77.7064,10.020685,Low
Rajkot,22.3039,70.8022,74.96884,High
Dharwad,15.4589,75.0078,84.85141,Critical
Tumakuru,13.3409,77.101,78.12114,High
Belagavi,15.8497,74.4977,86.73811,Critical
Gandhinagar,23.2156,72.6369,16.475119,Low
Belagavi,15.8497,74.4977,4.962973,Low
Aurangabad,19.8762,75.3433,82.59989,Critical
Pune,18.5204,73.8567,88.012695,Critical
Meerut,28.9845,77.7064,14.163496,Low
Kutch,23.7337,69.8597,28.50388,Low
Nagpur,21.1458,79.0882,18.032492,Low
Raigad,18.5158,73.1822,7.0131397,Low
Dharwad,15.4589,75.0078,53.41925,Medium
Nagpur,21.1458,79.0882,7.111895,Low
Nagpur,21.1458,79.0882,9.135101,Low
Agra,27.1767,78.0081,82.49382,Critical
Ahmedabad,23.0225,72.5714,17.99842,Low
Aurangabad,19.8762,75.3433,13.029253,Low
Aurangabad,19.8762,75.3433,13.157037,Low
Kanpur Nagar,26.4499,80.3319,48.347195,Medium
Dharwad,15.4589,75.0078,23.949354,Low
Madurai,9.9252,78.1198,22.410244,Low
Gandhinagar,23.2156,72.6369,81.345184,Critical
Ganjam,19.3871,84.7919,6.5145807,Low
Chennai,13.0827,80.2707,43.752586,Low
Madurai,9.9252,78.1198,65.26537,High
Ganjam,19.3871,84.7919,13.063608,Low
Kanchipuram,12.8342,79.7036,8.935269,Low
Kanchipuram,12.8342,79.7036,34.349117,Low
Mysuru,12.2958,76.6394,12.175995,Low
Vadodara,22.3072,73.1812,18.478035,Low
Gautam Buddha Nagar,28.5355,77.391,17.96528,Low
Meerut,28.9845,77.7064,25.202747,Low
Rajkot,22.3039,70.8022,79.72639,High
Surat,21.1702,72.8311,9.731288,Low
Pune,18.5204,73.8567,63.417995,Medium
Gandhinagar,23.2156,72.6369,70.103264,High
Gandhinagar,23.2156,72.6369,43.42552,Low
Mangaluru,12.9141,74.856,40.923958,Low
Meerut,28.9845,77.7064,18.05099,Low
Kanpur Nagar,26.4499,80.3319,87.88243,Critical
Belagavi,15.8497,74.4977,10.943704,Low
Belagavi,15.8497,74.4977,35.016068,Low
Kanchipuram,12.8342,79.7036,37.746803,Low
Madurai,9.9252,78.1198,17.806513,Low
Tiruchirappalli,10.7905,78.7047,66.275185,High
Aurangabad,19.8762,75.3433,16.306084,Low
Pune,18.5204,73.8567,95.27478,Critical
Aurangabad,19.8762,75.3433,16.349953,Low
Puri,19.8135,85.8312,14.95854,Low
Chennai,13.0827,80.2707,6.403262,Low
Nagpur,21.1458,79.0882,46.52892,Medium
Ahmedabad,23.0225,72.5714,9.672129,Low
Raigad,18.5158,73.1822,18.521845,Low
Kanpur Nagar,26.4499,80.3319,16.218475,Low
Gautam Buddha Nagar,28.5355,77.391,72.15884,High
Varanasi,25.3176,82.9739,21.198555,Low
Salem,11.6643,78.146,12.264467,Low
Thane,19.2183,72.9781,25.300997,Low
Dharwad,15.4589,75.0078,89.52197,Critical
Ganjam,19.3871,84.7919,70.00903,High
Varanasi,25.3176,82.9739,84.18458,Critical
Varanasi,25.3176,82.9739,13.977918,Low
Dharwad,15.4589,75.0078,71.02221,High
Nashik,19.9975,73.7898,7.983571,Low
Kanchipuram,12.8342,79.7036,13.372761,Low
Agra,27.1767,78.0081,92.59149,Critical
Balasore,21.4942,86.9317,7.9953337,Low
Dharwad,15.4589,75.0078,12.403609,Low
Kanpur Nagar,26.4499,80.3319,84.97288,Critical
Aurangabad,19.8762,75.3433,96.15699,Critical
Tiruchirappalli,10.7905,78.7047,8.354291,Low
Thane,19.2183,72.9781,25.344244,Low
Thane,19.2183,72.9781,11.308889,Low
Rajkot,22.3039,70.8022,84.6458,Critical
Nashik,19.9975,73.7898,5.158726,Low
Belagavi,15.8497,74.4977,30.91677,Low
Mangaluru,12.9141,74.856,4.058699,Low
Aurangabad,19.8762,75.3433,36.200165,Low
Belagavi,15.8497,74.4977,18.244207,Low
Kanpur Nagar,26.4499,80.3319,25.852486,Low
Agra,27.1767,78.0081,9.231226,Low
Ahmedabad,23.0225,72.5714,38.911045,Low
Madurai,9.9252,78.1198,52.788578,Medium
Kanpur Nagar,26.4499,80.3319,24.653414,Low
Kanpur Nagar,26.4499,80.3319,40.498035,Low
Rajkot,22.3039,70.8022,20.597307,Low
Belagavi,15.8497,74.4977,27.675808,Low
Gautam Buddha Nagar,28.5355,77.391,18.554583,Low
Thane,19.2183,72.9781,14.866003,Low
Belagavi,15.8497,74.4977,57.303696,Medium
Thane,19.2183,72.9781,10.711282,Low
Kanpur Nagar,26.4499,80.3319,86.39816,Critical
Agra,27.1767,78.0081,15.898866,Low
Thane,19.2183,72.9781,84.32919,Critical
Rajkot,22.3039,70.8022,8.12962,Low
Tiruchirappalli,10.7905,78.7047,12.004681,Low
Cuttack,20.4625,85.883,25.552813,Low
Cuttack,20.4625,85.883,94.300835,Critical
Madurai,9.9252,78.1198,2.9341567,Low
Nagpur,21.1458,79.0882,75.80738,High
Nashik,19.9975,73.7898,15.235845,Low
Madurai,9.9252,78.1198,18.61468,Low
Nagpur,21.1458,79.0882,11.758666,Low
Tumakuru,13.3409,77.101,10.703351,Low
Dharwad,15.4589,75.0078,34.134586,Low
Kanpur Nagar,26.4499,80.3319,79.792206,High
Surat,21.1702,72.8311,6.5848484,Low
Meerut,28.9845,77.7064,20.599104,Low
Agra,27.1767,78.0081,34.708652,Low
Gandhinagar,23.2156,72.6369,26.348236,Low
Pune,18.5204,73.8567,79.258316,High
Mysuru,12.2958,76.6394,48.57577,Medium
Madurai,9.9252,78.1198,71.18619,High
Tumakuru,13.3409,77.101,25.261927,Low
Nashik,19.9975,73.7898,68.94561,High
Pune,18.5204,73.8567,7.6148043,Low
Nashik,19.9975,73.7898,16.894182,Low
Kanpur Nagar,26.4499,80.3319,78.580605,High
Tiruchirappalli,10.7905,78.7047,88.0566,Critical
Nagpur,21.1458,79.0882,63.507896,Medium
Agra,27.1767,78.0081,29.600912,Low
Dharwad,15.4589,75.0078,18.849474,Low
Thane,19.2183,72.9781,22.023859,Low
Kanpur Nagar,26.4499,80.3319,5.1033435,Low
Agra,27.1767,78.0081,7.5329647,Low
Balasore,21.4942,86.9317,88.13835,Critical
Mangaluru,12.9141,74.856,84.03434,Critical
Lucknow,26.8467,80.9462,20.189146,Low
Tiruchirappalli,10.7905,78.7047,60.173874,Medium
Coimbatore,11.0168,76.9558,86.51544,Critical
Tumakuru,13.3409,77.101,72.81787,High
Varanasi,25.3176,82.9739,10.902478,Low
Varanasi,25.3176,82.9739,11.5778,Low
Salem,11.6643,78.146,90.461174,Critical
Nagpur,21.1458,79.0882,18.84171,Low
Khordha,20.1734,85.6745,21.480751,Low
Mangaluru,12.9141,74.856,82.71422,Critical
Meerut,28.9845,77.7064,78.086555,High
Mangaluru,12.9141,74.856,69.18753,High
Salem,11.6643,78.146,16.94623,Low
Mangaluru,12.9141,74.856,51.49374,Medium
Vadodara,22.3072,73.1812,23.755117,Low
Chennai,13.0827,80.2707,60.11517,Medium
Surat,21.1702,72.8311,36.755527,Low
Mysuru,12.2958,76.6394,24.302649,Low
Tumakuru,13.3409,77.101,94.07931,Critical
Mangaluru,12.9141,74.856,50.985424,Medium
Nagpur,21.1458,79.0882,71.10722,High
Varanasi,25.3176,82.9739,89.699715,Critical
Lucknow,26.8467,80.9462,86.625015,Critical
Rajkot,22.3039,70.8022,64.95653,Medium
Rajkot,22.3039,70.8022,11.46838,Low
Khordha,20.1734,85.6745,90.07831,Critical
Nashik,19.9975,73.7898,18.546492,Low
Bengaluru Urban,12.9716,77.5946,12.06429,Low
Kanchipuram,12.8342,79.7036,55.94346,Medium
Aurangabad,19.8762,75.3433,19.82415,Low
Mangaluru,12.9141,74.856,67.6479,High
Ganjam,19.3871,84.7919,7.9829216,Low
Surat,21.1702,72.8311,90.60944,Critical
Kanpur Nagar,26.4499,80.3319,85.03665,Critical
Bengaluru Urban,12.9716,77.5946,65.65635,High
Kanchipuram,12.8342,79.7036,27.816408,Low
Belagavi,15.8497,74.4977,40.19073,Low
Tiruchirappalli,10.7905,78.7047,24.97608,Low
Kanchipuram,12.8342,79.7036,67.293846,High
Raigad,18.5158,73.1822,22.37716,Low
Ganjam,19.3871,84.7919,60.941063,Medium
Ahmedabad,23.0225,72.5714,8.320755,Low
Chennai,13.0827,80.2707,59.436893,Medium
Meerut,28.9845,77.7064,18.64346,Low
Nagpur,21.1458,79.0882,81.43834,Critical
Madurai,9.9252,78.1198,24.52841,Low
Pune,18.5204,73.8567,9.719409,Low
Dharwad,15.4589,75.0078,79.537926,High
Aurangabad,19.8762,75.3433,77.551544,High
Kanchipuram,12.8342,79.7036,11.628636,Low
Salem,11.6643,78.146,60.8769,Medium
Thane,19.2183,72.9781,9.1715975,Low
Dharwad,15.4589,75.0078,87.653824,Critical
Nashik,19.9975,73.7898,68.2677,High
Sundargarh,22.1167,84.0333,1.5516827,Low
Ganjam,19.3871,84.7919,28.187874,Low
Mysuru,12.2958,76.6394,78.39352,High
Agra,27.1767,78.0081,11.384353,Low
Varanasi,25.3176,82.9739,40.832314,Low
Dharwad,15.4589,75.0078,15.556295,Low
Ahmedabad,23.0225,72.5714,6.678061,Low
Surat,21.1702,72.8311,19.900707,Low
Varanasi,25.3176,82.9739,60.229828,Medium
Aurangabad,19.8762,75.3433,26.194036,Low
Tiruchirappalli,10.7905,78.7047,25.000118,Low
Meerut,28.9845,77.7064,47.493927,Medium
Aurangabad,19.8762,75.3433,72.337906,High
Salem,11.6643,78.146,8.852651,Low
Lucknow,26.8467,80.9462,17.056883,Low
Tumakuru,13.3409,77.101,78.27871,High
Aurangabad,19.8762,75.3433,63.116467,Medium
Madurai,9.9252,78.1198,9.565706,Low
Belagavi,15.8497,74.4977,13.8155,Low
Chennai,13.0827,80.2707,16.70996,Low
Gautam Buddha Nagar,28.5355,77.391,82.12112,Critical
Surat,21.1702,72.8311,91.192795,Critical
Mysuru,12.2958,76.6394,30.632887,Low
Thane,19.2183,72.9781,4.4933515,Low
Varanasi,25.3176,82.9739,16.600885,Low
Varanasi,25.3176,82.9739,21.851507,Low
Coimbatore,11.0168,76.9558,24.146198,Low
Dharwad,15.4589,75.0078,11.183774,Low
Khordha,20.1734,85.6745,6.7994127,Low
Tumakuru,13.3409,77.101,13.361353,Low
Ahmedabad,23.0225,72.5714,18.524452,Low
Ahmedabad,23.0225,72.5714,17.519073,Low
Ahmedabad,23.0225,72.5714,11.832907,Low
Khordha,20.1734,85.6745,72.27973,High
Agra,27.1767,78.0081,74.257454,High
Salem,11.6643,78.146,36.86726,Low
Dharwad,15.4589,75.0078,49.51127,Medium
Nashik,19.9975,73.7898,25.495562,Low
Surat,21.1702,72.8311,8.640216,Low
Gautam Buddha Nagar,28.5355,77.391,18.492933,Low
Tiruchirappalli,10.7905,78.7047,76.38838,High
Kanchipuram,12.8342,79.7036,86.41405,Critical
Coimbatore,11.0168,76.9558,79.95061,High
Nagpur,21.1458,79.0882,21.227999,Low
Lucknow,26.8467,80.9462,27.16254,Low
Lucknow,26.8467,80.9462,60.359806,Medium
Lucknow,26.8467,80.9462,21.452173,Low
Agra,27.1767,78.0081,26.30025,Low
Kanpur Nagar,26.4499,80.3319,68.30541,High
Tiruchirappalli,10.7905,78.7047,50.520794,Medium
Meerut,28.9845,77.7064,59.185314,Medium
Agra,27.1767,78.0081,69.030914,High
Tumakuru,13.3409,77.101,16.397924,Low
Puri,19.8135,85.8312,14.234117,Low
Bengaluru Urban,12.9716,77.5946,49.678417,Medium
Puri,19.8135,85.8312,42.285828,Low
Coimbatore,11.0168,76.9558,13.833852,Low
Puri,19.8135,85.8312,18.26997,Low
Ahmedabad,23.0225,72.5714,80.48314,Critical
Belagavi,15.8497,74.4977,72.3431,High
Kutch,23.7337,69.8597,81.41866,Critical
Raigad,18.5158,73.1822,28.46339,Low
Ahmedabad,23.0225,72.5714,87.44419,Critical
Gautam Buddha Nagar,28.5355,77.391,5.435042,Low
Mangaluru,12.9141,74.856,14.3929615,Low
Raigad,18.5158,73.1822,9.68468,Low
Varanasi,25.3176,82.9739,68.53709,High
Nagpur,21.1458,79.0882,10.300776,Low
Dharwad,15.4589,75.0078,43.713985,Low
Thane,19.2183,72.9781,91.11525,Critical
Ganjam,19.3871,84.7919,7.2026873,Low
Salem,11.6643,78.146,45.703663,Medium
Gautam Buddha Nagar,28.5355,77.391,3.8296807,Low
Belagavi,15.8497,74.4977,95.91242,Critical
Aurangabad,19.8762,75.3433,29.317873,Low
Lucknow,26.8467,80.9462,9.772978,Low
Khordha,20.1734,85.6745,28.804626,Low
Chennai,13.0827,80.2707,61.7347,Medium
Raigad,18.5158,73.1822,13.821899,Low
Vadodara,22.3072,73.1812,7.9794073,Low
Thane,19.2183,72.9781,48.683853,Medium
Kutch,23.7337,69.8597,22.559128,Low
Khordha,20.1734,85.6745,50.904526,Medium
Cuttack,20.4625,85.883,17.453836,Low
Balasore,21.4942,86.9317,80.197495,Critical
Varanasi,25.3176,82.9739,9.858733,Low
Khordha,20.1734,85.6745,14.134415,Low
Balasore,21.4942,86.9317,14.104549,Low
Khordha,20.1734,85.6745,33.13188,Low
Kanpur Nagar,26.4499,80.3319,10.570134,Low
Gandhinagar,23.2156,72.6369,20.372248,Low
Aurangabad,19.8762,75.3433,83.552155,Critical
Agra,27.1767,78.0081,21.232578,Low
Lucknow,26.8467,80.9462,70.96819,High
Kutch,23.7337,69.8597,58.756428,Medium
Dharwad,15.4589,75.0078,17.87923,Low
Varanasi,25.3176,82.9739,67.861244,High
Bengaluru Urban,12.9716,77.5946,16.183271,Low
Rajkot,22.3039,70.8022,1.8543983,Low
Dharwad,15.4589,75.0078,17.327766,Low
Surat,21.1702,72.8311,85.16747,Critical
Gandhinagar,23.2156,72.6369,11.761797,Low
Khordha,20.1734,85.6745,61.018955,Medium
Tiruchirappalli,10.7905,78.7047,4.180727,Low
Kutch,23.7337,69.8597,25.374409,Low
Rajkot,22.3039,70.8022,13.99021,Low
Khordha,20.1734,85.6745,91.548416,Critical
Dharwad,15.4589,75.0078,56.471424,Medium
Varanasi,25.3176,82.9739,77.00446,High
Rajkot,22.3039,70.8022,13.484152,Low
Surat,21.1702,72.8311,7.2190127,Low
Salem,11.6643,78.146,19.887157,Low
Surat,21.1702,72.8311,88.24928,Critical
Rajkot,22.3039,70.8022,48.636074,Medium
Salem,11.6643,78.146,29.52174,Low
Rajkot,22.3039,70.8022,23.80609,Low
Kanpur Nagar,26.4499,80.3319,64.4466,Medium
Meerut,28.9845,77.7064,12.676069,Low
Kanpur Nagar,26.4499,80.3319,9.61589,Low
Kanpur Nagar,26.4499,80.3319,76.06956,High
Kutch,23.7337,69.8597,19.484636,Low
Mysuru,12.2958,76.6394,27.301317,Low
Mysuru,12.2958,76.6394,10.701835,Low
Varanasi,25.3176,82.9739,31.25256,Low
Vadodara,22.3072,73.1812,19.095282,Low
Kanpur Nagar,26.4499,80.3319,17.045822,Low
Chennai,13.0827,80.2707,54.121216,Medium
Gautam Buddha Nagar,28.5355,77.391,87.40025,Critical
Balasore,21.4942,86.9317,72.722336,High
Aurangabad,19.8762,75.3433,16.592636,Low
Cuttack,20.4625,85.883,20.718067,Low
Nagpur,21.1458,79.0882,59.8697,Medium
Dharwad,15.4589,75.0078,89.1872,Critical
Agra,27.1767,78.0081,31.896141,Low
Coimbatore,11.0168,76.9558,25.010952,Low
Rajkot,22.3039,70.8022,34.020546,Low
Belagavi,15.8497,74.4977,8.344803,Low
Belagavi,15.8497,74.4977,11.973211,Low
Tiruchirappalli,10.7905,78.7047,79.886185,High
Varanasi,25.3176,82.9739,13.317734,Low
Raigad,18.5158,73.1822,83.4577,Critical
Nagpur,21.1458,79.0882,48.432636,Medium
Pune,18.5204,73.8567,35.542862,Low
Khordha,20.1734,85.6745,15.041041,Low
Kanchipuram,12.8342,79.7036,38.690258,Low
Salem,11.6643,78.146,18.455406,Low
Surat,21.1702,72.8311,11.481148,Low
Ganjam,19.3871,84.7919,17.385456,Low
Coimbatore,11.0168,76.9558,37.82409,Low
Salem,11.6643,78.146,9.981151,Low
Lucknow,26.8467,80.9462,8.588272,Low
Ahmedabad,23.0225,72.5714,68.37257,High
Mysuru,12.2958,76.6394,11.287296,Low
Nagpur,21.1458,79.0882,35.880703,Low
Rajkot,22.3039,70.8022,30.728653,Low
Chennai,13.0827,80.2707,10.797332,Low
Coimbatore,11.0168,76.9558,4.083285,Low
Salem,11.6643,78.146,49.719227,Medium
Tumakuru,13.3409,77.101,19.663235,Low
Thane,19.2183,72.9781,11.51646,Low
Thane,19.2183,72.9781,26.971039,Low
Kutch,23.7337,69.8597,6.8495846,Low
Kutch,23.7337,69.8597,4.1894593,Low
Surat,21.1702,72.8311,55.832596,Medium
Balasore,21.4942,86.9317,36.884,Low
Thane,19.2183,72.9781,25.097824,Low
Dharwad,15.4589,75.0078,74.9973,High
Aurangabad,19.8762,75.3433,71.84534,High
Pune,18.5204,73.8567,4.992257,Low
Agra,27.1767,78.0081,4.82858,Low
Kanpur Nagar,26.4499,80.3319,77.45675,High
Kanchipuram,12.8342,79.7036,76.75878,High
Ahmedabad,23.0225,72.5714,36.09104,Low
Agra,27.1767,78.0081,6.0878816,Low
Mysuru,12.2958,76.6394,19.340784,Low
Surat,21.1702,72.8311,59.87014,Medium
Gautam Buddha Nagar,28.5355,77.391,24.357998,Low
Thane,19.2183,72.9781,62.004135,Medium
Kanpur Nagar,26.4499,80.3319,8.789425,Low
Sundargarh,22.1167,84.0333,6.1724453,Low
Nashik,19.9975,73.7898,16.428282,Low
Kanpur Nagar,26.4499,80.3319,47.969524,Medium
Varanasi,25.3176,82.9739,11.237207,Low
Ganjam,19.3871,84.7919,94.07509,Critical
Agra,27.1767,78.0081,21.597256,Low
Mysuru,12.2958,76.6394,91.44777,Critical
Agra,27.1767,78.0081,24.478867,Low
Sundargarh,22.1167,84.0333,27.086548,Low
Vadodara,22.3072,73.1812,7.4451118,Low
Gandhinagar,23.2156,72.6369,33.50459,Low
Gautam Buddha Nagar,28.5355,77.391,4.811923,Low
Dharwad,15.4589,75.0078,25.874313,Low
Madurai,9.9252,78.1198,44.838383,Low
Lucknow,26.8467,80.9462,20.811728,Low
Varanasi,25.3176,82.9739,96.01415,Critical
Tiruchirappalli,10.7905,78.7047,3.4376357,Low
Rajkot,22.3039,70.8022,3.867966,Low
Gautam Buddha Nagar,28.5355,77.391,90.82414,Critical
Gautam Buddha Nagar,28.5355,77.391,16.672943,Low
Puri,19.8135,85.8312,8.624487,Low
Belagavi,15.8497,74.4977,97.33472,Critical
Cuttack,20.4625,85.883,78.83931,High
Coimbatore,11.0168,76.9558,28.083551,Low
Kutch,23.7337,69.8597,18.73275,Low
Pune,18.5204,73.8567,40.801994,Low
Ahmedabad,23.0225,72.5714,27.889412,Low
Pune,18.5204,73.8567,61.36661,Medium
Meerut,28.9845,77.7064,8.0904455,Low
Agra,27.1767,78.0081,83.681145,Critical
Pune,18.5204,73.8567,54.673122,Medium
Mysuru,12.2958,76.6394,24.379665,Low
Meerut,28.9845,77.7064,22.633398,Low
Gandhinagar,23.2156,72.6369,39.23249,Low
Cuttack,20.4625,85.883,17.997646,Low
Cuttack,20.4625,85.883,8.600789,Low
Bengaluru Urban,12.9716,77.5946,36.42127,Low
Belagavi,15.8497,74.4977,86.89149,Critical
Bengaluru Urban,12.9716,77.5946,45.70257,Medium
Lucknow,26.8467,80.9462,24.309282,Low
Vadodara,22.3072,73.1812,30.116066,Low
Sundargarh,22.1167,84.0333,19.551445,Low
Thane,19.2183,72.9781,94.16059,Critical
Kanpur Nagar,26.4499,80.3319,84.75614,Critical
Lucknow,26.8467,80.9462,8.64128,Low
Vadodara,22.3072,73.1812,5.0889754,Low
Nashik,19.9975,73.7898,14.192292,Low
Gautam Buddha Nagar,28.5355,77.391,18.154415,Low
Belagavi,15.8497,74.4977,71.019226,High
Salem,11.6643,78.146,93.38884,Critical
Agra,27.1767,78.0081,8.197065,Low
Kanchipuram,12.8342,79.7036,52.74761,Medium
Lucknow,26.8467,80.9462,93.42796,Critical
Kanchipuram,12.8342,79.7036,7.074581,Low
Tiruchirappalli,10.7905,78.7047,83.105385,Critical
Lucknow,26.8467,80.9462,9.222611,Low
Belagavi,15.8497,74.4977,43.64404,Low
Tiruchirappalli,10.7905,78.7047,5.924406,Low
Madurai,9.9252,78.1198,32.072155,Low
Madurai,9.9252,78.1198,6.690269,Low
Kutch,23.7337,69.8597,78.08103,High
Gautam Buddha Nagar,28.5355,77.391,79.458855,High
Bengaluru Urban,12.9716,77.5946,14.520195,Low
Sundargarh,22.1167,84.0333,97.1622,Critical
Ganjam,19.3871,84.7919,17.732147,Low
Thane,19.2183,72.9781,43.07361,Low
Ahmedabad,23.0225,72.5714,6.981267,Low
Varanasi,25.3176,82.9739,90.51068,Critical
Mysuru,12.2958,76.6394,11.959514,Low
Kanpur Nagar,26.4499,80.3319,14.809971,Low
Dharwad,15.4589,75.0078,16.343048,Low
Tumakuru,13.3409,77.101,20.84072,Low
Rajkot,22.3039,70.8022,23.857817,Low
Gandhinagar,23.2156,72.6369,83.276825,Critical
Aurangabad,19.8762,75.3433,11.944901,Low
Madurai,9.9252,78.1198,75.48129,High
Dharwad,15.4589,75.0078,12.897113,Low
Pune,18.5204,73.8567,18.775698,Low
Agra,27.1767,78.0081,29.784334,Low
Agra,27.1767,78.0081,16.587975,Low
Rajkot,22.3039,70.8022,8.750796,Low
Kanchipuram,12.8342,79.7036,88.42039,Critical
Mangaluru,12.9141,74.856,68.25099,High
Agra,27.1767,78.0081,89.33789,Critical
Salem,11.6643,78.146,11.297531,Low
Pune,18.5204,73.8567,30.627266,Low
Madurai,9.9252,78.1198,21.354666,Low
Aurangabad,19.8762,75.3433,88.59481,Critical
Balasore,21.4942,86.9317,2.8833785,Low
Kanchipuram,12.8342,79.7036,67.86435,High
Nashik,19.9975,73.7898,15.358316,Low
Ganjam,19.3871,84.7919,13.2424965,Low
Kanchipuram,12.8342,79.7036,16.68227,Low
Varanasi,25.3176,82.9739,16.011507,Low
Gautam Buddha Nagar,28.5355,77.391,34.90901,Low
Puri,19.8135,85.8312,24.858744,Low
Aurangabad,19.8762,75.3433,25.910542,Low
Varanasi,25.3176,82.9739,68.714836,High
Kutch,23.7337,69.8597,67.557945,High
Belagavi,15.8497,74.4977,27.652597,Low
Pune,18.5204,73.8567,65.88816,High
Raigad,18.5158,73.1822,15.035937,Low
Tumakuru,13.3409,77.101,8.762135,Low
Gandhinagar,23.2156,72.6369,56.33122,Medium
Dharwad,15.4589,75.0078,25.430975,Low
Vadodara,22.3072,73.1812,14.458648,Low
Chennai,13.0827,80.2707,13.82795,Low
Khordha,20.1734,85.6745,54.680603,Medium
Varanasi,25.3176,82.9739,29.166634,Low
Salem,11.6643,78.146,43.140186,Low
Rajkot,22.3039,70.8022,14.7162485,Low
Gautam Buddha Nagar,28.5355,77.391,65.19878,High
Varanasi,25.3176,82.9739,97.28564,Critical
Khordha,20.1734,85.6745,10.546441,Low
Gautam Buddha Nagar,28.5355,77.391,11.291438,Low
Nashik,19.9975,73.7898,45.68696,Medium
Varanasi,25.3176,82.9739,13.111157,Low
Rajkot,22.3039,70.8022,18.236534,Low
Raigad,18.5158,73.1822,21.518164,Low
Kutch,23.7337,69.8597,34.1802,Low
Nashik,19.9975,73.7898,25.797144,Low
Kanpur Nagar,26.4499,80.3319,41.71349,Low
Khordha,20.1734,85.6745,73.17182,High
Raigad,18.5158,73.1822,4.308134,Low
Puri,19.8135,85.8312,24.1514,Low
Kanpur Nagar,26.4499,80.3319,12.988512,Low
Meerut,28.9845,77.7064,38.266582,Low
Aurangabad,19.8762,75.3433,34.38914,Low
Kutch,23.7337,69.8597,32.09801,Low
Pune,18.5204,73.8567,83.778915,Critical
Mysuru,12.2958,76.6394,23.539125,Low
Thane,19.2183,72.9781,33.46126,Low
Rajkot,22.3039,70.8022,24.82893,Low
Khordha,20.1734,85.6745,12.730156,Low
Kanpur Nagar,26.4499,80.3319,3.5335999,Low
Ahmedabad,23.0225,72.5714,18.053131,Low
Raigad,18.5158,73.1822,4.7060685,Low
Pune,18.5204,73.8567,30.247665,Low
Agra,27.1767,78.0081,16.12451,Low
Belagavi,15.8497,74.4977,12.16514,Low
Salem,11.6643,78.146,85.678764,Critical
Kanpur Nagar,26.4499,80.3319,28.827375,Low
Balasore,21.4942,86.9317,88.41176,Critical
Mangaluru,12.9141,74.856,97.93498,Critical
Nashik,19.9975,73.7898,29.008722,Low
Mangaluru,12.9141,74.856,40.431385,Low
Sundargarh,22.1167,84.0333,80.32138,Critical
Kanchipuram,12.8342,79.7036,32.575203,Low
Tiruchirappalli,10.7905,78.7047,28.643057,Low
Gautam Buddha Nagar,28.5355,77.391,27.126371,Low
Rajkot,22.3039,70.8022,76.928,High
Kutch,23.7337,69.8597,79.13962,High
Gautam Buddha Nagar,28.5355,77.391,15.391737,Low
Raigad,18.5158,73.1822,61.37802,Medium
Chennai,13.0827,80.2707,9.4931,Low
Meerut,28.9845,77.7064,22.939417,Low
Gandhinagar,23.2156,72.6369,10.654329,Low
Bengaluru Urban,12.9716,77.5946,32.53887,Low
Aurangabad,19.8762,75.3433,82.71053,Critical
Ahmedabad,23.0225,72.5714,22.577862,Low
Salem,11.6643,78.146,34.441456,Low
Kutch,23.7337,69.8597,5.532935,Low
Lucknow,26.8467,80.9462,21.789797,Low
Lucknow,26.8467,80.9462,9.820313,Low
Madurai,9.9252,78.1198,77.02149,High
Nashik,19.9975,73.7898,24.062933,Low
Ahmedabad,23.0225,72.5714,22.916042,Low
Agra,27.1767,78.0081,37.715416,Low
Nagpur,21.1458,79.0882,8.528193,Low
Chennai,13.0827,80.2707,16.121029,Low
Surat,21.1702,72.8311,24.75495,Low
Chennai,13.0827,80.2707,26.611542,Low
Raigad,18.5158,73.1822,1.2536637,Low
Kutch,23.7337,69.8597,12.205406,Low
Madurai,9.9252,78.1198,14.908621,Low
Kutch,23.7337,69.8597,3.0528555,Low
Nashik,19.9975,73.7898,72.74123,High
Kanchipuram,12.8342,79.7036,95.25986,Critical
Nagpur,21.1458,79.0882,46.185562,Medium
Surat,21.1702,72.8311,43.004303,Low
Tiruchirappalli,10.7905,78.7047,8.569381,Low
Lucknow,26.8467,80.9462,21.583385,Low
Aurangabad,19.8762,75.3433,81.89056,Critical
Agra,27.1767,78.0081,80.541756,Critical
Nashik,19.9975,73.7898,35.85391,Low
Agra,27.1767,78.0081,85.82195,Critical
Balasore,21.4942,86.9317,10.431134,Low
Gautam Buddha Nagar,28.5355,77.391,12.338566,Low
Balasore,21.4942,86.9317,37.57457,Low
Aurangabad,19.8762,75.3433,7.8938017,Low
Aurangabad,19.8762,75.3433,12.281557,Low
Raigad,18.5158,73.1822,37.580746,Low
Belagavi,15.8497,74.4977,7.7026896,Low
Rajkot,22.3039,70.8022,7.7375293,Low
Nashik,19.9975,73.7898,40.68284,Low
Madurai,9.9252,78.1198,7.260365,Low
Gandhinagar,23.2156,72.6369,78.09502,High
Agra,27.1767,78.0081,11.5264015,Low
Salem,11.6643,78.146,37.95434,Low
Pune,18.5204,73.8567,14.096721,Low
Lucknow,26.8467,80.9462,32.305923,Low
Surat,21.1702,72.8311,80.84105,Critical
Agra,27.1767,78.0081,20.996895,Low
Varanasi,25.3176,82.9739,18.717556,Low
Belagavi,15.8497,74.4977,96.18312,Critical
Agra,27.1767,78.0081,86.10219,Critical
Bengaluru Urban,12.9716,77.5946,8.658884,Low
Salem,11.6643,78.146,21.173695,Low
Khordha,20.1734,85.6745,44.252132,Low
Mangaluru,12.9141,74.856,10.04828,Low
Belagavi,15.8497,74.4977,65.618805,High
Coimbatore,11.0168,76.9558,16.976255,Low
Nagpur,21.1458,79.0882,6.4672136,Low
Gautam Buddha Nagar,28.5355,77.391,13.455968,Low
Vadodara,22.3072,73.1812,4.2416325,Low
Ahmedabad,23.0225,72.5714,10.715378,Low
Meerut,28.9845,77.7064,8.259827,Low
Khordha,20.1734,85.6745,75.06179,High
Varanasi,25.3176,82.9739,29.851583,Low
Salem,11.6643,78.146,12.473096,Low
Nagpur,21.1458,79.0882,9.161747,Low
Kanpur Nagar,26.4499,80.3319,85.71329,Critical
Gautam Buddha Nagar,28.5355,77.391,41.5752,Low
Raigad,18.5158,73.1822,15.384974,Low
Aurangabad,19.8762,75.3433,93.50157,Critical
Varanasi,25.3176,82.9739,11.393087,Low
Raigad,18.5158,73.1822,93.907684,Critical
Agra,27.1767,78.0081,7.19333,Low
Nagpur,21.1458,79.0882,10.36583,Low
Pune,18.5204,73.8567,17.877798,Low
Raigad,18.5158,73.1822,17.10753,Low
Nashik,19.9975,73.7898,56.96517,Medium
Kanpur Nagar,26.4499,80.3319,11.094828,Low
Lucknow,26.8467,80.9462,79.80343,High
Meerut,28.9845,77.7064,12.277027,Low
Mangaluru,12.9141,74.856,12.404183,Low
Coimbatore,11.0168,76.9558,77.52725,High
Madurai,9.9252,78.1198,7.4332595,Low
Gandhinagar,23.2156,72.6369,30.278656,Low
Surat,21.1702,72.8311,89.40222,Critical
Pune,18.5204,73.8567,6.1794643,Low
Mysuru,12.2958,76.6394,30.899101,Low
Dharwad,15.4589,75.0078,17.711203,Low
Bengaluru Urban,12.9716,77.5946,97.427124,Critical
Madurai,9.9252,78.1198,70.43824,High
Kutch,23.7337,69.8597,20.406387,Low
Bengaluru Urban,12.9716,77.5946,20.146189,Low
Bengaluru Urban,12.9716,77.5946,39.862587,Low
Nashik,19.9975,73.7898,5.21513,Low
Chennai,13.0827,80.2707,27.62002,Low
Gautam Buddha Nagar,28.5355,77.391,23.866373,Low
Coimbatore,11.0168,76.9558,10.342752,Low
Bengaluru Urban,12.9716,77.5946,13.196367,Low
Kanpur Nagar,26.4499,80.3319,12.865422,Low
Khordha,20.1734,85.6745,82.80965,Critical
Varanasi,25.3176,82.9739,14.165038,Low
Belagavi,15.8497,74.4977,28.32497,Low
Dharwad,15.4589,75.0078,8.545957,Low
Sundargarh,22.1167,84.0333,5.9459667,Low
Madurai,9.9252,78.1198,13.91925,Low
Meerut,28.9845,77.7064,9.762527,Low
Pune,18.5204,73.8567,68.7265,High
Pune,18.5204,73.8567,42.762676,Low
Meerut,28.9845,77.7064,48.924408,Medium
Ahmedabad,23.0225,72.5714,3.0677617,Low
Nagpur,21.1458,79.0882,56.931644,Medium
Nagpur,21.1458,79.0882,91.84336,Critical
Pune,18.5204,73.8567,20.693377,Low
Chennai,13.0827,80.2707,19.873667,Low
Thane,19.2183,72.9781,3.5548878,Low
Salem,11.6643,78.146,45.344864,Medium
Pune,18.5204,73.8567,69.25022,High
Raigad,18.5158,73.1822,88.54925,Critical
Ahmedabad,23.0225,72.5714,7.7911496,Low
Aurangabad,19.8762,75.3433,21.48608,Low
Aurangabad,19.8762,75.3433,7.2904983,Low
Rajkot,22.3039,70.8022,12.957509,Low
Agra,27.1767,78.0081,60.017033,Medium
Pune,18.5204,73.8567,9.721969,Low
Surat,21.1702,72.8311,35.088203,Low
Raigad,18.5158,73.1822,89.24758,Critical
Tumakuru,13.3409,77.101,10.446768,Low
Pune,18.5204,73.8567,37.1186,Low
Tiruchirappalli,10.7905,78.7047,61.133106,Medium
Belagavi,15.8497,74.4977,11.529777,Low
Chennai,13.0827,80.2707,13.086849,Low
Bengaluru Urban,12.9716,77.5946,29.165686,Low
Gautam Buddha Nagar,28.5355,77.391,11.183305,Low
Ahmedabad,23.0225,72.5714,91.32856,Critical
Varanasi,25.3176,82.9739,87.64611,Critical
Bengaluru Urban,12.9716,77.5946,29.396793,Low
Sundargarh,22.1167,84.0333,14.787908,Low
Nagpur,21.1458,79.0882,18.328203,Low
Kanchipuram,12.8342,79.7036,32.81822,Low
Kanpur Nagar,26.4499,80.3319,16.319319,Low
Vadodara,22.3072,73.1812,63.567917,Medium
Tumakuru,13.3409,77.101,94.55587,Critical
Gautam Buddha Nagar,28.5355,77.391,54.458107,Medium
Khordha,20.1734,85.6745,90.1706,Critical
Dharwad,15.4589,75.0078,57.158512,Medium
Gautam Buddha Nagar,28.5355,77.391,27.57039,Low
Rajkot,22.3039,70.8022,20.398073,Low
Nashik,19.9975,73.7898,16.495905,Low
Khordha,20.1734,85.6745,28.032,Low
Varanasi,25.3176,82.9739,58.005802,Medium
Salem,11.6643,78.146,10.213609,Low
Tiruchirappalli,10.7905,78.7047,9.839724,Low
Lucknow,26.8467,80.9462,44.093544,Low
Thane,19.2183,72.9781,28.129107,Low
Ganjam,19.3871,84.7919,52.26275,Medium
Mysuru,12.2958,76.6394,35.650055,Low
Kutch,23.7337,69.8597,76.997925,High
Kanpur Nagar,26.4499,80.3319,76.04265,High
Agra,27.1767,78.0081,96.6873,Critical
Kanchipuram,12.8342,79.7036,29.897863,Low
Kutch,23.7337,69.8597,58.30216,Medium
Coimbatore,11.0168,76.9558,85.48577,Critical
Kutch,23.7337,69.8597,52.85811,Medium
Chennai,13.0827,80.2707,12.865329,Low
Gautam Buddha Nagar,28.5355,77.391,13.192846,Low
Gautam Buddha Nagar,28.5355,77.391,38.722267,Low
Madurai,9.9252,78.1198,78.05208,High
Kanchipuram,12.8342,79.7036,28.313843,Low
Thane,19.2183,72.9781,80.052315,Critical
Thane,19.2183,72.9781,19.67098,Low
Ahmedabad,23.0225,72.5714,89.34048,Critical
Thane,19.2183,72.9781,12.080429,Low
Agra,27.1767,78.0081,86.247406,Critical
Madurai,9.9252,78.1198,5.1059475,Low
Nagpur,21.1458,79.0882,74.453674,High
Mysuru,12.2958,76.6394,19.019136,Low
Meerut,28.9845,77.7064,93.607605,Critical
Varanasi,25.3176,82.9739,89.736946,Critical
Puri,19.8135,85.8312,13.1826315,Low
Pune,18.5204,73.8567,37.412403,Low
Balasore,21.4942,86.9317,89.28085,Critical
Agra,27.1767,78.0081,90.43303,Critical
Madurai,9.9252,78.1198,10.299449,Low
Belagavi,15.8497,74.4977,28.853348,Low
Chennai,13.0827,80.2707,92.50185,Critical
Varanasi,25.3176,82.9739,68.16048,High
Raigad,18.5158,73.1822,20.665945,Low
Nashik,19.9975,73.7898,54.3581,Medium
Ahmedabad,23.0225,72.5714,78.29977,High
Nagpur,21.1458,79.0882,90.92098,Critical
Gautam Buddha Nagar,28.5355,77.391,54.057396,Medium
Thane,19.2183,72.9781,75.58666,High
Nashik,19.9975,73.7898,14.491846,Low
Pune,18.5204,73.8567,43.194534,Low
Kanpur Nagar,26.4499,80.3319,20.496637,Low
Nagpur,21.1458,79.0882,92.54872,Critical
Puri,19.8135,85.8312,12.52535,Low
Raigad,18.5158,73.1822,33.41523,Low
Pune,18.5204,73.8567,64.09154,Medium
Surat,21.1702,72.8311,70.24528,High
Mysuru,12.2958,76.6394,61.102783,Medium
Thane,19.2183,72.9781,92.99285,Critical
Cuttack,20.4625,85.883,75.98461,High
Kanchipuram,12.8342,79.7036,3.6710436,Low
Ahmedabad,23.0225,72.5714,29.932293,Low
Kanchipuram,12.8342,79.7036,85.942696,Critical
Dharwad,15.4589,75.0078,88.13494,Critical
Gautam Buddha Nagar,28.5355,77.391,31.968424,Low
Pune,18.5204,73.8567,94.64201,Critical
Khordha,20.1734,85.6745,97.02058,Critical
Coimbatore,11.0168,76.9558,91.30013,Critical
Surat,21.1702,72.8311,5.852561,Low
Varanasi,25.3176,82.9739,15.514424,Low
Surat,21.1702,72.8311,41.249966,Low
Kanpur Nagar,26.4499,80.3319,4.619202,Low
Mysuru,12.2958,76.6394,39.3894,Low
Surat,21.1702,72.8311,80.659386,Critical
Mysuru,12.2958,76.6394,11.006746,Low
Coimbatore,11.0168,76.9558,4.9542446,Low
Ganjam,19.3871,84.7919,12.300612,Low
Cuttack,20.4625,85.883,17.09801,Low
Mysuru,12.2958,76.6394,12.139463,Low
Mangaluru,12.9141,74.856,36.69274,Low
Salem,11.6643,78.146,19.178015,Low
Lucknow,26.8467,80.9462,21.646564,Low
Kutch,23.7337,69.8597,7.925433,Low
Lucknow,26.8467,80.9462,12.360012,Low
Chennai,13.0827,80.2707,74.74863,High
Puri,19.8135,85.8312,11.044257,Low
Aurangabad,19.8762,75.3433,44.51878,Low
Lucknow,26.8467,80.9462,22.113441,Low
Aurangabad,19.8762,75.3433,24.083872,Low
Bengaluru Urban,12.9716,77.5946,91.19747,Critical
Kanpur Nagar,26.4499,80.3319,12.464845,Low
Gautam Buddha Nagar,28.5355,77.391,29.801243,Low
Madurai,9.9252,78.1198,93.23955,Critical
Dharwad,15.4589,75.0078,16.115423,Low
Lucknow,26.8467,80.9462,86.13107,Critical
Thane,19.2183,72.9781,67.09711,High
Tiruchirappalli,10.7905,78.7047,6.8723345,Low
Dharwad,15.4589,75.0078,19.15069,Low
Puri,19.8135,85.8312,57.549637,Medium
Aurangabad,19.8762,75.3433,73.55791,High
Aurangabad,19.8762,75.3433,38.68487,Low
Lucknow,26.8467,80.9462,66.02159,High
Belagavi,15.8497,74.4977,8.858934,Low
Meerut,28.9845,77.7064,89.24742,Critical
Kanpur Nagar,26.4499,80.3319,17.232151,Low
Belagavi,15.8497,74.4977,40.269176,Low
Tiruchirappalli,10.7905,78.7047,20.970089,Low
Belagavi,15.8497,74.4977,16.18456,Low
Surat,21.1702,72.8311,16.49141,Low
Gandhinagar,23.2156,72.6369,12.992268,Low
Surat,21.1702,72.8311,21.748268,Low
Nashik,19.9975,73.7898,66.67929,High
Kutch,23.7337,69.8597,8.139904,Low
Surat,21.1702,72.8311,22.285702,Low
Ganjam,19.3871,84.7919,24.017467,Low
Madurai,9.9252,78.1198,78.732834,High
Coimbatore,11.0168,76.9558,70.40333,High
Gautam Buddha Nagar,28.5355,77.391,54.207466,Medium
Thane,19.2183,72.9781,69.28611,High
Agra,27.1767,78.0081,20.657011,Low
Thane,19.2183,72.9781,26.637184,Low
Pune,18.5204,73.8567,18.044687,Low
Lucknow,26.8467,80.9462,48.32194,Medium
Bengaluru Urban,12.9716,77.5946,12.530999,Low
Surat,21.1702,72.8311,8.654557,Low
Kanchipuram,12.8342,79.7036,17.025064,Low
Gautam Buddha Nagar,28.5355,77.391,54.08149,Medium
Kanpur Nagar,26.4499,80.3319,77.923004,High
Pune,18.5204,73.8567,95.05596,Critical
Varanasi,25.3176,82.9739,23.858824,Low
Raigad,18.5158,73.1822,75.90006,High
Madurai,9.9252,78.1198,12.334913,Low
Lucknow,26.8467,80.9462,82.182,Critical
Varanasi,25.3176,82.9739,46.268852,Medium
Surat,21.1702,72.8311,18.723953,Low
Kutch,23.7337,69.8597,73.686714,High
Ganjam,19.3871,84.7919,24.071848,Low
Thane,19.2183,72.9781,14.0485735,Low
Dharwad,15.4589,75.0078,68.55181,High
Varanasi,25.3176,82.9739,5.3706803,Low
Aurangabad,19.8762,75.3433,30.586973,Low
Puri,19.8135,85.8312,66.58152,High
Kanchipuram,12.8342,79.7036,8.470146,Low
Nashik,19.9975,73.7898,26.972988,Low
Ahmedabad,23.0225,72.5714,8.780967,Low
Kanpur Nagar,26.4499,80.3319,6.8063693,Low
Varanasi,25.3176,82.9739,19.746859,Low
Meerut,28.9845,77.7064,13.067171,Low
Tumakuru,13.3409,77.101,46.803493,Medium
Nashik,19.9975,73.7898,89.7437,Critical
Dharwad,15.4589,75.0078,19.730463,Low
Agra,27.1767,78.0081,90.32956,Critical
Tiruchirappalli,10.7905,78.7047,74.49004,High
Tumakuru,13.3409,77.101,93.86037,Critical
Kanpur Nagar,26.4499,80.3319,86.41377,Critical
Agra,27.1767,78.0081,16.4288,Low
Lucknow,26.8467,80.9462,95.594406,Critical
Kanchipuram,12.8342,79.7036,72.27207,High
Varanasi,25.3176,82.9739,8.402728,Low
Gandhinagar,23.2156,72.6369,33.892822,Low
Thane,19.2183,72.9781,16.570444,Low
Tumakuru,13.3409,77.101,74.142586,High
Kutch,23.7337,69.8597,9.339927,Low
Vadodara,22.3072,73.1812,16.9386,Low
Kanchipuram,12.8342,79.7036,25.320133,Low
Agra,27.1767,78.0081,28.151417,Low
Bengaluru Urban,12.9716,77.5946,42.54359,Low
Gautam Buddha Nagar,28.5355,77.391,87.42787,Critical
Kutch,23.7337,69.8597,11.732156,Low
Salem,11.6643,78.146,8.634109,Low
Puri,19.8135,85.8312,9.619769,Low
Balasore,21.4942,86.9317,12.615837,Low
Thane,19.2183,72.9781,54.555584,Medium
Thane,19.2183,72.9781,51.041412,Medium
Aurangabad,19.8762,75.3433,12.934859,Low
Surat,21.1702,72.8311,67.85383,High
Ahmedabad,23.0225,72.5714,86.34211,Critical
Aurangabad,19.8762,75.3433,35.68752,Low
Pune,18.5204,73.8567,52.09887,Medium
Aurangabad,19.8762,75.3433,16.446941,Low
Pune,18.5204,73.8567,54.347343,Medium
Lucknow,26.8467,80.9462,89.49816,Critical
Tiruchirappalli,10.7905,78.7047,4.575557,Low
Sundargarh,22.1167,84.0333,78.04328,High
Kanpur Nagar,26.4499,80.3319,26.949862,Low
Sundargarh,22.1167,84.0333,86.8571,Critical
Bengaluru Urban,12.9716,77.5946,9.548802,Low
Meerut,28.9845,77.7064,76.33861,High
Lucknow,26.8467,80.9462,16.44275,Low
Gautam Buddha Nagar,28.5355,77.391,82.02653,Critical
Meerut,28.9845,77.7064,27.404388,Low
Mysuru,12.2958,76.6394,76.11348,High
Salem,11.6643,78.146,6.1395116,Low
Agra,27.1767,78.0081,12.75568,Low
Belagavi,15.8497,74.4977,21.87548,Low
Gautam Buddha Nagar,28.5355,77.391,94.561806,Critical
Khordha,20.1734,85.6745,10.679322,Low
Tumakuru,13.3409,77.101,83.1105,Critical
Nashik,19.9975,73.7898,92.67095,Critical
Kanpur Nagar,26.4499,80.3319,24.258078,Low
Sundargarh,22.1167,84.0333,94.55649,Critical
Chennai,13.0827,80.2707,15.547204,Low
Raigad,18.5158,73.1822,75.667206,High
Agra,27.1767,78.0081,12.872401,Low
Meerut,28.9845,77.7064,83.26148,Critical
Kutch,23.7337,69.8597,11.852029,Low
Khordha,20.1734,85.6745,73.61957,High
Dharwad,15.4589,75.0078,8.281192,Low
Tumakuru,13.3409,77.101,26.359484,Low
Madurai,9.9252,78.1198,21.471504,Low
Mysuru,12.2958,76.6394,95.791885,Critical
Thane,19.2183,72.9781,16.726103,Low
Vadodara,22.3072,73.1812,81.04878,Critical
Nagpur,21.1458,79.0882,35.593388,Low
Nagpur,21.1458,79.0882,21.7316,Low
Chennai,13.0827,80.2707,88.84866,Critical
Ganjam,19.3871,84.7919,14.838078,Low
Tiruchirappalli,10.7905,78.7047,17.372635,Low
Nashik,19.9975,73.7898,93.58887,Critical
Vadodara,22.3072,73.1812,9.8897505,Low
Ahmedabad,23.0225,72.5714,38.672108,Low
Lucknow,26.8467,80.9462,25.915628,Low
Meerut,28.9845,77.7064,89.950714,Critical
Ahmedabad,23.0225,72.5714,95.08013,Critical
Gautam Buddha Nagar,28.5355,77.391,14.250657,Low
Kanchipuram,12.8342,79.7036,17.218859,Low
Varanasi,25.3176,82.9739,78.291435,High
Gautam Buddha Nagar,28.5355,77.391,26.739294,Low
Tumakuru,13.3409,77.101,19.46363,Low
Kanpur Nagar,26.4499,80.3319,11.2148285,Low
Madurai,9.9252,78.1198,86.774956,Critical
Tumakuru,13.3409,77.101,8.760038,Low
Varanasi,25.3176,82.9739,26.559772,Low
Sundargarh,22.1167,84.0333,11.166611,Low
Ganjam,19.3871,84.7919,39.73681,Low
Mysuru,12.2958,76.6394,15.8525095,Low
Mysuru,12.2958,76.6394,22.556383,Low
Bengaluru Urban,12.9716,77.5946,22.886034,Low
Sundargarh,22.1167,84.0333,23.768347,Low
Thane,19.2183,72.9781,12.080051,Low
Puri,19.8135,85.8312,89.467804,Critical
Tiruchirappalli,10.7905,78.7047,83.9508,Critical
Puri,19.8135,85.8312,38.55902,Low
Cuttack,20.4625,85.883,31.079615,Low
Rajkot,22.3039,70.8022,89.140656,Critical
Tumakuru,13.3409,77.101,17.616566,Low
Madurai,9.9252,78.1198,80.17788,Critical
Agra,27.1767,78.0081,34.19002,Low
Meerut,28.9845,77.7064,9.79102,Low
Surat,21.1702,72.8311,54.48793,Medium
Surat,21.1702,72.8311,83.88131,Critical
Rajkot,22.3039,70.8022,10.882064,Low
Gautam Buddha Nagar,28.5355,77.391,96.79833,Critical
Pune,18.5204,73.8567,5.7695723,Low
Sundargarh,22.1167,84.0333,13.707773,Low
Sundargarh,22.1167,84.0333,16.277222,Low
Sundargarh,22.1167,84.0333,13.961225,Low
Bengaluru Urban,12.9716,77.5946,63.160645,Medium
Ganjam,19.3871,84.7919,77.13064,High
Tumakuru,13.3409,77.101,19.413992,Low
Khordha,20.1734,85.6745,38.2285,Low
Surat,21.1702,72.8311,7.330803,Low
Cuttack,20.4625,85.883,5.477011,Low
Agra,27.1767,78.0081,17.395023,Low
Nashik,19.9975,73.7898,58.775764,Medium
Vadodara,22.3072,73.1812,35.046913,Low
Madurai,9.9252,78.1198,89.094955,Critical
Ganjam,19.3871,84.7919,31.457985,Low
Meerut,28.9845,77.7064,24.435003,Low
Puri,19.8135,85.8312,71.414635,High
Meerut,28.9845,77.7064,23.788853,Low
Belagavi,15.8497,74.4977,28.83545,Low
Belagavi,15.8497,74.4977,39.93519,Low
Cuttack,20.4625,85.883,8.838284,Low
Puri,19.8135,85.8312,64.221436,Medium
Nashik,19.9975,73.7898,7.678824,Low
Ahmedabad,23.0225,72.5714,68.02624,High
Chennai,13.0827,80.2707,10.477046,Low
Dharwad,15.4589,75.0078,16.280422,Low
Vadodara,22.3072,73.1812,17.012592,Low
Aurangabad,19.8762,75.3433,19.377695,Low
Kanpur Nagar,26.4499,80.3319,94.02669,Critical
Gautam Buddha Nagar,28.5355,77.391,94.154526,Critical
Meerut,28.9845,77.7064,59.716736,Medium
Nashik,19.9975,73.7898,84.9865,Critical
Salem,11.6643,78.146,74.301056,High
Kutch,23.7337,69.8597,16.42934,Low
Varanasi,25.3176,82.9739,8.896701,Low
Gautam Buddha Nagar,28.5355,77.391,30.326685,Low
Nagpur,21.1458,79.0882,58.593018,Medium
Tumakuru,13.3409,77.101,7.1233606,Low
Pune,18.5204,73.8567,82.27385,Critical
Mysuru,12.2958,76.6394,68.98814,High
Belagavi,15.8497,74.4977,23.503242,Low
Gautam Buddha Nagar,28.5355,77.391,56.74709,Medium
Cuttack,20.4625,85.883,14.357838,Low
Salem,11.6643,78.146,7.1156306,Low
Pune,18.5204,73.8567,85.55388,Critical
Lucknow,26.8467,80.9462,40.775547,Low
Kanchipuram,12.8342,79.7036,32.567482,Low
Salem,11.6643,78.146,58.69381,Medium
Kutch,23.7337,69.8597,35.59713,Low
Vadodara,22.3072,73.1812,11.456155,Low
Varanasi,25.3176,82.9739,22.150944,Low
Mysuru,12.2958,76.6394,17.78036,Low
Vadodara,22.3072,73.1812,62.34119,Medium
Lucknow,26.8467,80.9462,12.707275,Low
Balasore,21.4942,86.9317,92.20865,Critical
Coimbatore,11.0168,76.9558,85.49379,Critical
Mysuru,12.2958,76.6394,6.727752,Low
Nashik,19.9975,73.7898,59.850796,Medium
Agra,27.1767,78.0081,25.560778,Low
Coimbatore,11.0168,76.9558,11.7577915,Low
Madurai,9.9252,78.1198,24.738827,Low
Surat,21.1702,72.8311,12.432049,Low
Ganjam,19.3871,84.7919,71.95161,High
Rajkot,22.3039,70.8022,9.014114,Low
Raigad,18.5158,73.1822,86.73712,Critical
Meerut,28.9845,77.7064,2.301752,Low
Varanasi,25.3176,82.9739,5.0172887,Low
Kanpur Nagar,26.4499,80.3319,26.873833,Low
Bengaluru Urban,12.9716,77.5946,76.90016,High
Meerut,28.9845,77.7064,16.92366,Low
Agra,27.1767,78.0081,83.86264,Critical
Gandhinagar,23.2156,72.6369,10.155298,Low
Lucknow,26.8467,80.9462,30.33627,Low
Gautam Buddha Nagar,28.5355,77.391,17.963146,Low
Kutch,23.7337,69.8597,63.312035,Medium
Nashik,19.9975,73.7898,50.37547,Medium
Khordha,20.1734,85.6745,9.503894,Low
Salem,11.6643,78.146,41.373486,Low
Gautam Buddha Nagar,28.5355,77.391,84.51282,Critical
Madurai,9.9252,78.1198,10.889685,Low
Tiruchirappalli,10.7905,78.7047,18.79247,Low
Belagavi,15.8497,74.4977,57.789154,Medium
Puri,19.8135,85.8312,8.824501,Low
Puri,19.8135,85.8312,29.471466,Low
Ganjam,19.3871,84.7919,23.538239,Low
Cuttack,20.4625,85.883,79.35157,High
Gautam Buddha Nagar,28.5355,77.391,12.013712,Low
Chennai,13.0827,80.2707,95.46036,Critical
Balasore,21.4942,86.9317,39.190517,Low
Tumakuru,13.3409,77.101,69.4319,High
Pune,18.5204,73.8567,84.41403,Critical
Lucknow,26.8467,80.9462,34.813744,Low
Ahmedabad,23.0225,72.5714,24.110466,Low
Gandhinagar,23.2156,72.6369,30.642155,Low
Vadodara,22.3072,73.1812,4.901567,Low
Pune,18.5204,73.8567,52.741886,Medium
Nagpur,21.1458,79.0882,47.42542,Medium
Rajkot,22.3039,70.8022,31.6878,Low
Thane,19.2183,72.9781,69.43238,High
Tiruchirappalli,10.7905,78.7047,34.368385,Low
Gautam Buddha Nagar,28.5355,77.391,47.591625,Medium
Pune,18.5204,73.8567,79.01267,High
Pune,18.5204,73.8567,60.008633,Medium
Vadodara,22.3072,73.1812,83.54752,Critical
Gandhinagar,23.2156,72.6369,5.538677,Low
Sundargarh,22.1167,84.0333,16.721844,Low
Coimbatore,11.0168,76.9558,81.13943,Critical
Thane,19.2183,72.9781,77.78591,High
Sundargarh,22.1167,84.0333,4.96222,Low
Lucknow,26.8467,80.9462,14.37326,Low
Aurangabad,19.8762,75.3433,43.228226,Low
Vadodara,22.3072,73.1812,8.278986,Low
Gautam Buddha Nagar,28.5355,77.391,34.77164,Low
Puri,19.8135,85.8312,6.768597,Low
Balasore,21.4942,86.9317,14.39308,Low
Belagavi,15.8497,74.4977,89.593124,Critical
Surat,21.1702,72.8311,73.057976,High
Balasore,21.4942,86.9317,18.60165,Low
Nashik,19.9975,73.7898,8.419174,Low
Agra,27.1767,78.0081,82.630135,Critical
Gautam Buddha Nagar,28.5355,77.391,63.723236,Medium
Ganjam,19.3871,84.7919,15.271978,Low
Kanchipuram,12.8342,79.7036,68.07189,High
Lucknow,26.8467,80.9462,9.860878,Low
Rajkot,22.3039,70.8022,33.37036,Low
Belagavi,15.8497,74.4977,10.802411,Low
Dharwad,15.4589,75.0078,28.316868,Low
Surat,21.1702,72.8311,76.23076,High
Ganjam,19.3871,84.7919,21.113998,Low
Cuttack,20.4625,85.883,78.91266,High
Madurai,9.9252,78.1198,4.096651,Low
Agra,27.1767,78.0081,46.31102,Medium
Kanchipuram,12.8342,79.7036,8.75875,Low
Varanasi,25.3176,82.9739,31.89806,Low
Belagavi,15.8497,74.4977,35.354702,Low
Meerut,28.9845,77.7064,61.71053,Medium
Meerut,28.9845,77.7064,21.707306,Low
Meerut,28.9845,77.7064,7.5146804,Low
Kutch,23.7337,69.8597,73.86517,High
Raigad,18.5158,73.1822,22.528559,Low
Meerut,28.9845,77.7064,75.124535,High
Rajkot,22.3039,70.8022,58.598965,Medium
Pune,18.5204,73.8567,13.273843,Low
Bengaluru Urban,12.9716,77.5946,5.4601765,Low
Tiruchirappalli,10.7905,78.7047,7.543643,Low
Cuttack,20.4625,85.883,12.381756,Low
Kanpur Nagar,26.4499,80.3319,15.27853,Low
Raigad,18.5158,73.1822,41.086765,Low
Salem,11.6643,78.146,16.446136,Low
Kanpur Nagar,26.4499,80.3319,30.346653,Low
Nagpur,21.1458,79.0882,15.648882,Low
Madurai,9.9252,78.1198,85.83795,Critical
Kanchipuram,12.8342,79.7036,26.981247,Low
Aurangabad,19.8762,75.3433,80.77442,Critical
Cuttack,20.4625,85.883,66.1861,High
Kutch,23.7337,69.8597,14.0677185,Low
Tumakuru,13.3409,77.101,54.911667,Medium
Meerut,28.9845,77.7064,82.24582,Critical
Varanasi,25.3176,82.9739,56.15464,Medium
Sundargarh,22.1167,84.0333,81.91748,Critical
Gautam Buddha Nagar,28.5355,77.391,19.605082,Low
Puri,19.8135,85.8312,64.94794,Medium
Aurangabad,19.8762,75.3433,68.02344,High
Kanchipuram,12.8342,79.7036,72.29215,High
Bengaluru Urban,12.9716,77.5946,64.14554,Medium
Ahmedabad,23.0225,72.5714,24.662348,Low
Belagavi,15.8497,74.4977,9.331341,Low
Nashik,19.9975,73.7898,14.350902,Low
Kutch,23.7337,69.8597,70.21359,High
Gautam Buddha Nagar,28.5355,77.391,14.754444,Low
Madurai,9.9252,78.1198,51.513298,Medium
Bengaluru Urban,12.9716,77.5946,17.49908,Low
Tiruchirappalli,10.7905,78.7047,77.60365,High
Kanchipuram,12.8342,79.7036,93.15054,Critical
Chennai,13.0827,80.2707,31.967957,Low
Lucknow,26.8467,80.9462,81.96723,Critical
Kanchipuram,12.8342,79.7036,14.0365305,Low
Ahmedabad,23.0225,72.5714,6.020469,Low
Raigad,18.5158,73.1822,64.15132,Medium
Kutch,23.7337,69.8597,47.36979,Medium
Pune,18.5204,73.8567,30.292776,Low
Pune,18.5204,73.8567,20.020054,Low
Aurangabad,19.8762,75.3433,19.203594,Low
Gautam Buddha Nagar,28.5355,77.391,59.62389,Medium
Rajkot,22.3039,70.8022,5.9429393,Low
Chennai,13.0827,80.2707,84.96517,Critical
Sundargarh,22.1167,84.0333,13.249185,Low
Vadodara,22.3072,73.1812,17.590197,Low
Aurangabad,19.8762,75.3433,34.530167,Low
Kutch,23.7337,69.8597,11.341144,Low
Agra,27.1767,78.0081,7.596865,Low
Dharwad,15.4589,75.0078,67.93533,High
Varanasi,25.3176,82.9739,82.47773,Critical
Mangaluru,12.9141,74.856,38.181202,Low
Mysuru,12.2958,76.6394,8.038308,Low
Surat,21.1702,72.8311,26.768488,Low
Madurai,9.9252,78.1198,6.4010687,Low
Aurangabad,19.8762,75.3433,4.7290707,Low
Kanchipuram,12.8342,79.7036,91.75462,Critical
Mysuru,12.2958,76.6394,45.33656,Medium
Bengaluru Urban,12.9716,77.5946,15.971305,Low
Sundargarh,22.1167,84.0333,22.089916,Low
Dharwad,15.4589,75.0078,14.410357,Low
Madurai,9.9252,78.1198,20.27812,Low
Nagpur,21.1458,79.0882,12.017699,Low
Mangaluru,12.9141,74.856,44.053688,Low
Mangaluru,12.9141,74.856,8.532856,Low
Gandhinagar,23.2156,72.6369,85.11017,Critical
Salem,11.6643,78.146,86.81098,Critical
Nagpur,21.1458,79.0882,95.46028,Critical
Vadodara,22.3072,73.1812,3.3168287,Low
Gautam Buddha Nagar,28.5355,77.391,83.82636,Critical
Lucknow,26.8467,80.9462,5.007584,Low
Tumakuru,13.3409,77.101,73.1746,High
Nashik,19.9975,73.7898,64.58924,Medium
Pune,18.5204,73.8567,19.887009,Low
Raigad,18.5158,73.1822,13.409868,Low
Surat,21.1702,72.8311,40.528404,Low
Dharwad,15.4589,75.0078,17.207754,Low
Madurai,9.9252,78.1198,93.89859,Critical
Agra,27.1767,78.0081,36.71029,Low
Kutch,23.7337,69.8597,7.2316065,Low
Gandhinagar,23.2156,72.6369,82.67104,Critical
Ganjam,19.3871,84.7919,36.599533,Low
Vadodara,22.3072,73.1812,16.152834,Low
Nagpur,21.1458,79.0882,22.867422,Low
Vadodara,22.3072,73.1812,18.987816,Low
Sundargarh,22.1167,84.0333,77.05953,High
Vadodara,22.3072,73.1812,81.763336,Critical
Vadodara,22.3072,73.1812,12.440731,Low
Bengaluru Urban,12.9716,77.5946,38.99794,Low
Dharwad,15.4589,75.0078,92.09286,Critical
Aurangabad,19.8762,75.3433,38.661842,Low
Dharwad,15.4589,75.0078,16.527721,Low
Kanchipuram,12.8342,79.7036,91.16182,Critical
Meerut,28.9845,77.7064,13.46817,Low
Ganjam,19.3871,84.7919,80.416336,Critical
Pune,18.5204,73.8567,3.7157524,Low
Mangaluru,12.9141,74.856,66.24203,High
Agra,27.1767,78.0081,76.392075,High
Puri,19.8135,85.8312,20.180285,Low
Nashik,19.9975,73.7898,25.076645,Low
Surat,21.1702,72.8311,7.218422,Low
Kanchipuram,12.8342,79.7036,19.81,Low
Thane,19.2183,72.9781,5.8190727,Low
Kanchipuram,12.8342,79.7036,33.24498,Low
Kanchipuram,12.8342,79.7036,9.558414,Low
Madurai,9.9252,78.1198,81.573006,Critical
Kanpur Nagar,26.4499,80.3319,6.9783797,Low
Dharwad,15.4589,75.0078,15.659811,Low
Agra,27.1767,78.0081,12.794898,Low
Aurangabad,19.8762,75.3433,14.205459,Low
Tiruchirappalli,10.7905,78.7047,82.419,Critical
Ganjam,19.3871,84.7919,26.64494,Low
Gandhinagar,23.2156,72.6369,8.733385,Low
Thane,19.2183,72.9781,22.364477,Low
Mangaluru,12.9141,74.856,39.03551,Low
Bengaluru Urban,12.9716,77.5946,36.082737,Low
Gandhinagar,23.2156,72.6369,25.269054,Low
Madurai,9.9252,78.1198,36.620953,Low
Agra,27.1767,78.0081,17.86905,Low
Kanpur Nagar,26.4499,80.3319,26.670805,Low
Cuttack,20.4625,85.883,64.80829,Medium
Kanchipuram,12.8342,79.7036,7.056152,Low
Nashik,19.9975,73.7898,74.120346,High
Nashik,19.9975,73.7898,31.632906,Low
Lucknow,26.8467,80.9462,90.80946,Critical
Madurai,9.9252,78.1198,96.46466,Critical
Meerut,28.9845,77.7064,23.638067,Low
Ahmedabad,23.0225,72.5714,59.292995,Medium
Salem,11.6643,78.146,63.502087,Medium
Meerut,28.9845,77.7064,96.10894,Critical
Vadodara,22.3072,73.1812,10.243361,Low
Rajkot,22.3039,70.8022,16.397934,Low
Tumakuru,13.3409,77.101,23.931005,Low
Pune,18.5204,73.8567,40.551445,Low
Thane,19.2183,72.9781,23.72804,Low
Meerut,28.9845,77.7064,43.224438,Low
Dharwad,15.4589,75.0078,16.916544,Low
Tumakuru,13.3409,77.101,15.967351,Low
Gautam Buddha Nagar,28.5355,77.391,9.183999,Low
Raigad,18.5158,73.1822,88.4211,Critical
Kanchipuram,12.8342,79.7036,12.517309,Low
Meerut,28.9845,77.7064,33.674587,Low
Nashik,19.9975,73.7898,73.29921,High
Rajkot,22.3039,70.8022,13.887975,Low
Nashik,19.9975,73.7898,27.723217,Low
Nagpur,21.1458,79.0882,87.751274,Critical
Surat,21.1702,72.8311,6.3912883,Low
Agra,27.1767,78.0081,86.40023,Critical
Rajkot,22.3039,70.8022,19.615715,Low
Bengaluru Urban,12.9716,77.5946,2.5443225,Low
Gandhinagar,23.2156,72.6369,63.283,Medium
Agra,27.1767,78.0081,63.0583,Medium
Mangaluru,12.9141,74.856,61.33482,Medium
Lucknow,26.8467,80.9462,25.268158,Low
Bengaluru Urban,12.9716,77.5946,85.836876,Critical
Nagpur,21.1458,79.0882,15.279688,Low
Mangaluru,12.9141,74.856,31.56097,Low
Lucknow,26.8467,80.9462,31.095823,Low
Kanpur Nagar,26.4499,80.3319,91.0226,Critical
Kutch,23.7337,69.8597,10.4382515,Low
Lucknow,26.8467,80.9462,7.3747926,Low
Varanasi,25.3176,82.9739,23.870192,Low
Mysuru,12.2958,76.6394,89.91684,Critical
Tumakuru,13.3409,77.101,8.036968,Low
Lucknow,26.8467,80.9462,40.239964,Low
Tiruchirappalli,10.7905,78.7047,83.910515,Critical
Mangaluru,12.9141,74.856,72.10899,High
Coimbatore,11.0168,76.9558,33.317913,Low
Cuttack,20.4625,85.883,21.12596,Low
Balasore,21.4942,86.9317,84.22401,Critical
Vadodara,22.3072,73.1812,17.480938,Low
Sundargarh,22.1167,84.0333,93.69113,Critical
Tiruchirappalli,10.7905,78.7047,89.51333,Critical
Gautam Buddha Nagar,28.5355,77.391,79.4497,High
Raigad,18.5158,73.1822,34.70573,Low
Agra,27.1767,78.0081,5.0673795,Low
Salem,11.6643,78.146,83.72259,Critical
Vadodara,22.3072,73.1812,70.39027,High
Balasore,21.4942,86.9317,86.42233,Critical
Dharwad,15.4589,75.0078,56.44346,Medium
Coimbatore,11.0168,76.9558,79.72657,High
Lucknow,26.8467,80.9462,93.09667,Critical
Mangaluru,12.9141,74.856,19.356781,Low
Salem,11.6643,78.146,37.96111,Low
Lucknow,26.8467,80.9462,54.557056,Medium
Bengaluru Urban,12.9716,77.5946,98.186584,Critical
Pune,18.5204,73.8567,27.066532,Low
Ganjam,19.3871,84.7919,73.300835,High
Kutch,23.7337,69.8597,7.1130843,Low
Nashik,19.9975,73.7898,12.039645,Low
Lucknow,26.8467,80.9462,13.177438,Low
Agra,27.1767,78.0081,6.9849434,Low
Gautam Buddha Nagar,28.5355,77.391,55.831635,Medium
Sundargarh,22.1167,84.0333,45.627636,Medium
Thane,19.2183,72.9781,10.303075,Low
Meerut,28.9845,77.7064,25.205242,Low
Cuttack,20.4625,85.883,80.86562,Critical
Cuttack,20.4625,85.883,70.21167,High
Ahmedabad,23.0225,72.5714,10.914071,Low
Madurai,9.9252,78.1198,18.659777,Low
Thane,19.2183,72.9781,12.626799,Low
Bengaluru Urban,12.9716,77.5946,14.511563,Low
Kanpur Nagar,26.4499,80.3319,90.3017,Critical
Tumakuru,13.3409,77.101,23.46441,Low
Tiruchirappalli,10.7905,78.7047,68.16291,High
Tumakuru,13.3409,77.101,5.3537664,Low
Ahmedabad,23.0225,72.5714,14.360711,Low
Khordha,20.1734,85.6745,76.57237,High
Thane,19.2183,72.9781,52.91183,Medium
Sundargarh,22.1167,84.0333,19.399292,Low
Belagavi,15.8497,74.4977,72.25668,High
Kanchipuram,12.8342,79.7036,9.258541,Low
Ahmedabad,23.0225,72.5714,5.019705,Low
Lucknow,26.8467,80.9462,9.599371,Low
Cuttack,20.4625,85.883,41.437412,Low
Gautam Buddha Nagar,28.5355,77.391,83.54353,Critical
Pune,18.5204,73.8567,22.345348,Low
Pune,18.5204,73.8567,86.663506,Critical
Dharwad,15.4589,75.0078,36.063854,Low
Gautam Buddha Nagar,28.5355,77.391,72.721275,High
Lucknow,26.8467,80.9462,25.425186,Low
Gautam Buddha Nagar,28.5355,77.391,23.881538,Low
Tiruchirappalli,10.7905,78.7047,41.444935,Low
Sundargarh,22.1167,84.0333,87.21888,Critical
Meerut,28.9845,77.7064,96.03791,Critical
Gautam Buddha Nagar,28.5355,77.391,58.28959,Medium
Surat,21.1702,72.8311,91.8524,Critical
Nashik,19.9975,73.7898,17.307045,Low
Sundargarh,22.1167,84.0333,23.24374,Low
Ahmedabad,23.0225,72.5714,88.38948,Critical
Coimbatore,11.0168,76.9558,6.5208,Low
Nashik,19.9975,73.7898,66.132515,High
Khordha,20.1734,85.6745,17.052807,Low
Agra,27.1767,78.0081,17.673864,Low
Tiruchirappalli,10.7905,78.7047,3.4064069,Low
Salem,11.6643,78.146,93.90372,Critical
Tumakuru,13.3409,77.101,54.013412,Medium
Vadodara,22.3072,73.1812,19.797117,Low
Meerut,28.9845,77.7064,8.104025,Low
Dharwad,15.4589,75.0078,9.807644,Low
Dharwad,15.4589,75.0078,18.433031,Low
Meerut,28.9845,77.7064,11.788682,Low
Ahmedabad,23.0225,72.5714,81.634514,Critical
Ahmedabad,23.0225,72.5714,12.2891655,Low
Tumakuru,13.3409,77.101,21.984726,Low
Cuttack,20.4625,85.883,14.290521,Low
Cuttack,20.4625,85.883,80.61463,Critical
Khordha,20.1734,85.6745,41.813313,Low
Raigad,18.5158,73.1822,58.645775,Medium
Thane,19.2183,72.9781,78.85665,High
Kanpur Nagar,26.4499,80.3319,94.38355,Critical
Bengaluru Urban,12.9716,77.5946,55.02816,Medium
Vadodara,22.3072,73.1812,62.34847,Medium
Rajkot,22.3039,70.8022,12.053191,Low
Thane,19.2183,72.9781,20.641119,Low
Kanpur Nagar,26.4499,80.3319,91.27011,Critical
Balasore,21.4942,86.9317,57.56492,Medium
Agra,27.1767,78.0081,12.837455,Low
Kanpur Nagar,26.4499,80.3319,33.78565,Low
Mysuru,12.2958,76.6394,4.187908,Low
Pune,18.5204,73.8567,83.13349,Critical
Raigad,18.5158,73.1822,13.150914,Low
Ahmedabad,23.0225,72.5714,31.361917,Low
Mysuru,12.2958,76.6394,94.603325,Critical
Pune,18.5204,73.8567,17.94102,Low
Mysuru,12.2958,76.6394,35.9918,Low
Madurai,9.9252,78.1198,19.046463,Low
Khordha,20.1734,85.6745,59.35346,Medium
Vadodara,22.3072,73.1812,42.697784,Low
Mangaluru,12.9141,74.856,22.90942,Low
Ahmedabad,23.0225,72.5714,93.02372,Critical
Raigad,18.5158,73.1822,2.3905375,Low
Vadodara,22.3072,73.1812,37.605064,Low
Thane,19.2183,72.9781,28.975592,Low
Agra,27.1767,78.0081,6.878984,Low
Nagpur,21.1458,79.0882,46.33282,Medium
Gautam Buddha Nagar,28.5355,77.391,28.796762,Low
Thane,19.2183,72.9781,11.521982,Low
Kutch,23.7337,69.8597,42.39648,Low
Salem,11.6643,78.146,25.993942,Low
Varanasi,25.3176,82.9739,78.17015,High
Sundargarh,22.1167,84.0333,19.743555,Low
Vadodara,22.3072,73.1812,86.87487,Critical
Gautam Buddha Nagar,28.5355,77.391,10.73002,Low
Thane,19.2183,72.9781,8.644771,Low
Meerut,28.9845,77.7064,10.311596,Low
Lucknow,26.8467,80.9462,70.85682,High
Raigad,18.5158,73.1822,91.961,Critical
Raigad,18.5158,73.1822,25.797493,Low
Surat,21.1702,72.8311,78.40705,High
Varanasi,25.3176,82.9739,5.773277,Low
Kanpur Nagar,26.4499,80.3319,10.807441,Low
Agra,27.1767,78.0081,16.560217,Low
Gandhinagar,23.2156,72.6369,17.585634,Low
Raigad,18.5158,73.1822,22.738705,Low
Rajkot,22.3039,70.8022,7.592976,Low
Meerut,28.9845,77.7064,77.33173,High
Kanpur Nagar,26.4499,80.3319,18.04957,Low
Tiruchirappalli,10.7905,78.7047,8.687096,Low
Meerut,28.9845,77.7064,75.01859,High
Lucknow,26.8467,80.9462,26.156054,Low
Gautam Buddha Nagar,28.5355,77.391,12.398748,Low
Chennai,13.0827,80.2707,11.293336,Low
Cuttack,20.4625,85.883,90.09694,Critical
Balasore,21.4942,86.9317,52.73995,Medium
Salem,11.6643,78.146,17.057194,Low
Agra,27.1767,78.0081,17.548775,Low
Chennai,13.0827,80.2707,61.57241,Medium
Kanpur Nagar,26.4499,80.3319,64.22407,Medium
Puri,19.8135,85.8312,6.5240183,Low
Aurangabad,19.8762,75.3433,94.46456,Critical
Pune,18.5204,73.8567,79.607796,High
Coimbatore,11.0168,76.9558,63.431866,Medium
Gautam Buddha Nagar,28.5355,77.391,82.60104,Critical
Coimbatore,11.0168,76.9558,70.327156,High
Raigad,18.5158,73.1822,11.829708,Low
Puri,19.8135,85.8312,69.65599,High
Madurai,9.9252,78.1198,30.942894,Low
Lucknow,26.8467,80.9462,18.284042,Low
Coimbatore,11.0168,76.9558,64.91333,Medium
Gandhinagar,23.2156,72.6369,28.124607,Low
Mangaluru,12.9141,74.856,24.71237,Low
Kanpur Nagar,26.4499,80.3319,43.879395,Low
Gandhinagar,23.2156,72.6369,82.38748,Critical
Puri,19.8135,85.8312,11.617708,Low
Ahmedabad,23.0225,72.5714,76.05447,High
Kanpur Nagar,26.4499,80.3319,18.815508,Low
Aurangabad,19.8762,75.3433,81.29974,Critical
Salem,11.6643,78.146,29.72234,Low
Gautam Buddha Nagar,28.5355,77.391,14.711788,Low
Belagavi,15.8497,74.4977,32.95974,Low
Kanchipuram,12.8342,79.7036,41.636307,Low
Lucknow,26.8467,80.9462,7.76581,Low
Gautam Buddha Nagar,28.5355,77.391,91.806915,Critical
Balasore,21.4942,86.9317,22.169859,Low
Lucknow,26.8467,80.9462,31.65145,Low
Balasore,21.4942,86.9317,67.51933,High
Balasore,21.4942,86.9317,37.1384,Low
Cuttack,20.4625,85.883,17.58525,Low
Pune,18.5204,73.8567,23.43329,Low
Sundargarh,22.1167,84.0333,2.500831,Low
Puri,19.8135,85.8312,11.420022,Low
Meerut,28.9845,77.7064,26.428753,Low
Vadodara,22.3072,73.1812,18.695267,Low
Coimbatore,11.0168,76.9558,11.735113,Low
Ganjam,19.3871,84.7919,17.280146,Low
Gandhinagar,23.2156,72.6369,95.66701,Critical
Thane,19.2183,72.9781,14.446332,Low
Meerut,28.9845,77.7064,85.37343,Critical
Aurangabad,19.8762,75.3433,25.689606,Low
Meerut,28.9845,77.7064,44.573574,Low
Tiruchirappalli,10.7905,78.7047,42.60617,Low
Agra,27.1767,78.0081,42.126835,Low
Bengaluru Urban,12.9716,77.5946,82.66727,Critical
Varanasi,25.3176,82.9739,83.537766,Critical
Aurangabad,19.8762,75.3433,21.117344,Low
Raigad,18.5158,73.1822,7.5345335,Low
Aurangabad,19.8762,75.3433,12.701033,Low
Dharwad,15.4589,75.0078,27.69735,Low
Salem,11.6643,78.146,22.100996,Low
Chennai,13.0827,80.2707,37.532814,Low
Gautam Buddha Nagar,28.5355,77.391,7.2835436,Low
Bengaluru Urban,12.9716,77.5946,14.640415,Low
Meerut,28.9845,77.7064,77.317856,High
Tiruchirappalli,10.7905,78.7047,79.59747,High
Surat,21.1702,72.8311,21.782381,Low
Nashik,19.9975,73.7898,32.788013,Low
Agra,27.1767,78.0081,21.899158,Low
Lucknow,26.8467,80.9462,6.1798463,Low
Nashik,19.9975,73.7898,71.03287,High
Madurai,9.9252,78.1198,88.34385,Critical
Belagavi,15.8497,74.4977,18.970158,Low
Tiruchirappalli,10.7905,78.7047,8.716514,Low
Gautam Buddha Nagar,28.5355,77.391,20.425371,Low
Puri,19.8135,85.8312,45.136765,Medium
Raigad,18.5158,73.1822,72.97632,High
Kutch,23.7337,69.8597,7.027021,Low
Aurangabad,19.8762,75.3433,95.80745,Critical
Aurangabad,19.8762,75.3433,22.698137,Low
Ahmedabad,23.0225,72.5714,70.911224,High
Meerut,28.9845,77.7064,18.66613,Low
Gandhinagar,23.2156,72.6369,46.457584,Medium
Ganjam,19.3871,84.7919,10.055901,Low
Meerut,28.9845,77.7064,78.24827,High
Coimbatore,11.0168,76.9558,49.709816,Medium
Ahmedabad,23.0225,72.5714,74.931786,High
Dharwad,15.4589,75.0078,30.421686,Low
Puri,19.8135,85.8312,7.078519,Low
Bengaluru Urban,12.9716,77.5946,78.010956,High
Mysuru,12.2958,76.6394,16.58755,Low
Kanchipuram,12.8342,79.7036,11.082387,Low
Puri,19.8135,85.8312,94.20218,Critical
Nagpur,21.1458,79.0882,16.209366,Low
Varanasi,25.3176,82.9739,8.372963,Low
Sundargarh,22.1167,84.0333,24.645023,Low
Lucknow,26.8467,80.9462,91.000275,Critical
Raigad,18.5158,73.1822,4.7936583,Low
Varanasi,25.3176,82.9739,15.471242,Low
Ahmedabad,23.0225,72.5714,26.650768,Low
Lucknow,26.8467,80.9462,20.414995,Low
Ganjam,19.3871,84.7919,5.135868,Low
Bengaluru Urban,12.9716,77.5946,96.36551,Critical
Bengaluru Urban,12.9716,77.5946,61.547844,Medium
Thane,19.2183,72.9781,8.494834,Low
Vadodara,22.3072,73.1812,49.916454,Medium
Surat,21.1702,72.8311,16.69036,Low
Vadodara,22.3072,73.1812,32.32154,Low
Cuttack,20.4625,85.883,10.788515,Low
Agra,27.1767,78.0081,49.10051,Medium
Coimbatore,11.0168,76.9558,47.758606,Medium
Varanasi,25.3176,82.9739,70.8021,High
Belagavi,15.8497,74.4977,81.043175,Critical
Ganjam,19.3871,84.7919,91.42042,Critical
Pune,18.5204,73.8567,28.20819,Low
Mysuru,12.2958,76.6394,2.8372478,Low
Lucknow,26.8467,80.9462,71.41349,High
Dharwad,15.4589,75.0078,73.11349,High
Sundargarh,22.1167,84.0333,90.593155,Critical
Meerut,28.9845,77.7064,79.56441,High
Meerut,28.9845,77.7064,40.27266,Low
Belagavi,15.8497,74.4977,59.308773,Medium
Nagpur,21.1458,79.0882,79.99682,High
Chennai,13.0827,80.2707,18.273746,Low
Mangaluru,12.9141,74.856,79.3319,High
Ganjam,19.3871,84.7919,30.053955,Low
Nagpur,21.1458,79.0882,10.143115,Low
Bengaluru Urban,12.9716,77.5946,54.697563,Medium
Tiruchirappalli,10.7905,78.7047,87.97053,Critical
Varanasi,25.3176,82.9739,69.40334,High
Raigad,18.5158,73.1822,21.259048,Low
Varanasi,25.3176,82.9739,76.37915,High
Aurangabad,19.8762,75.3433,91.1698,Critical
Belagavi,15.8497,74.4977,21.31547,Low
Ahmedabad,23.0225,72.5714,32.53449,Low
Ahmedabad,23.0225,72.5714,35.561314,Low
Aurangabad,19.8762,75.3433,12.155824,Low
Lucknow,26.8467,80.9462,51.23627,Medium
Nagpur,21.1458,79.0882,8.225629,Low
Tiruchirappalli,10.7905,78.7047,8.28378,Low
Cuttack,20.4625,85.883,95.43354,Critical
Pune,18.5204,73.8567,58.94196,Medium
Bengaluru Urban,12.9716,77.5946,21.355444,Low
Agra,27.1767,78.0081,20.760225,Low
Thane,19.2183,72.9781,14.593633,Low
Kanpur Nagar,26.4499,80.3319,7.8456583,Low
Kanchipuram,12.8342,79.7036,70.73974,High
Dharwad,15.4589,75.0078,27.51036,Low
Balasore,21.4942,86.9317,83.75235,Critical
Lucknow,26.8467,80.9462,43.900196,Low
Agra,27.1767,78.0081,84.21056,Critical
Cuttack,20.4625,85.883,81.525055,Critical
Pune,18.5204,73.8567,45.055515,Medium
Kanchipuram,12.8342,79.7036,44.886116,Low
Mysuru,12.2958,76.6394,45.001194,Medium
Vadodara,22.3072,73.1812,3.6816132,Low
Tumakuru,13.3409,77.101,13.970804,Low
Chennai,13.0827,80.2707,5.343678,Low
Kutch,23.7337,69.8597,56.239563,Medium
Cuttack,20.4625,85.883,37.358032,Low
Chennai,13.0827,80.2707,14.175454,Low
Nashik,19.9975,73.7898,74.80054,High
Chennai,13.0827,80.2707,74.7938,High
Meerut,28.9845,77.7064,19.141329,Low
Cuttack,20.4625,85.883,8.967723,Low
Mysuru,12.2958,76.6394,29.287031,Low
Cuttack,20.4625,85.883,15.363738,Low
Ahmedabad,23.0225,72.5714,15.718383,Low
Khordha,20.1734,85.6745,95.64623,Critical
Varanasi,25.3176,82.9739,6.391984,Low
Lucknow,26.8467,80.9462,36.239086,Low
Pune,18.5204,73.8567,4.8608446,Low
Cuttack,20.4625,85.883,34.570797,Low
Surat,21.1702,72.8311,22.971642,Low
Nashik,19.9975,73.7898,19.572517,Low
Kanchipuram,12.8342,79.7036,91.638016,Critical
Nagpur,21.1458,79.0882,88.82472,Critical
Gandhinagar,23.2156,72.6369,66.28227,High
Aurangabad,19.8762,75.3433,77.222496,High
Gautam Buddha Nagar,28.5355,77.391,66.84345,High
Dharwad,15.4589,75.0078,36.477394,Low
Vadodara,22.3072,73.1812,26.476898,Low
Varanasi,25.3176,82.9739,9.6147785,Low
Coimbatore,11.0168,76.9558,12.53417,Low
Tumakuru,13.3409,77.101,9.695141,Low
Bengaluru Urban,12.9716,77.5946,65.20358,High
Kanchipuram,12.8342,79.7036,33.58324,Low
Salem,11.6643,78.146,21.269989,Low
Pune,18.5204,73.8567,25.960339,Low
Sundargarh,22.1167,84.0333,40.392456,Low
Ganjam,19.3871,84.7919,98.11054,Critical
Aurangabad,19.8762,75.3433,71.99531,High
Lucknow,26.8467,80.9462,20.80655,Low
Meerut,28.9845,77.7064,23.602488,Low
Cuttack,20.4625,85.883,82.37797,Critical
Mysuru,12.2958,76.6394,24.320614,Low
Bengaluru Urban,12.9716,77.5946,35.8632,Low
Raigad,18.5158,73.1822,73.447754,High
Kanpur Nagar,26.4499,80.3319,16.66991,Low
Rajkot,22.3039,70.8022,85.750946,Critical
Gandhinagar,23.2156,72.6369,86.88662,Critical
Coimbatore,11.0168,76.9558,8.14846,Low
Chennai,13.0827,80.2707,4.3105383,Low
Kanchipuram,12.8342,79.7036,62.605076,Medium
Kanchipuram,12.8342,79.7036,8.218792,Low
Chennai,13.0827,80.2707,66.83841,High
Ahmedabad,23.0225,72.5714,47.949753,Medium
Varanasi,25.3176,82.9739,2.6530373,Low
Gautam Buddha Nagar,28.5355,77.391,36.16451,Low
Aurangabad,19.8762,75.3433,85.35359,Critical
Raigad,18.5158,73.1822,10.581012,Low
Lucknow,26.8467,80.9462,26.600811,Low
Coimbatore,11.0168,76.9558,89.90827,Critical
Meerut,28.9845,77.7064,20.642187,Low
Madurai,9.9252,78.1198,76.25715,High
Mysuru,12.2958,76.6394,16.75791,Low
Khordha,20.1734,85.6745,36.75531,Low
Ganjam,19.3871,84.7919,2.3994877,Low
Raigad,18.5158,73.1822,15.854876,Low
Khordha,20.1734,85.6745,28.646818,Low
Kanpur Nagar,26.4499,80.3319,95.04356,Critical
Chennai,13.0827,80.2707,85.2299,Critical
Pune,18.5204,73.8567,2.089589,Low
Nashik,19.9975,73.7898,33.24661,Low
Tumakuru,13.3409,77.101,50.74761,Medium
Ganjam,19.3871,84.7919,8.54948,Low
Gandhinagar,23.2156,72.6369,22.638174,Low
Khordha,20.1734,85.6745,27.739027,Low
Varanasi,25.3176,82.9739,10.881129,Low
Ganjam,19.3871,84.7919,8.397342,Low
Thane,19.2183,72.9781,10.753776,Low
Nagpur,21.1458,79.0882,7.842754,Low
Gautam Buddha Nagar,28.5355,77.391,26.2229,Low
Nashik,19.9975,73.7898,84.44566,Critical
Nashik,19.9975,73.7898,10.852244,Low
Vadodara,22.3072,73.1812,13.305548,Low
Gautam Buddha Nagar,28.5355,77.391,4.268012,Low
Gautam Buddha Nagar,28.5355,77.391,4.442044,Low
Rajkot,22.3039,70.8022,17.433125,Low
Meerut,28.9845,77.7064,7.547859,Low
Sundargarh,22.1167,84.0333,6.9656253,Low
Madurai,9.9252,78.1198,12.403281,Low
Raigad,18.5158,73.1822,7.4082017,Low
Tiruchirappalli,10.7905,78.7047,72.067566,High
Kanpur Nagar,26.4499,80.3319,11.429598,Low
Varanasi,25.3176,82.9739,78.9135,High
Belagavi,15.8497,74.4977,48.47617,Medium
Dharwad,15.4589,75.0078,23.15527,Low
Dharwad,15.4589,75.0078,64.75635,Medium
Varanasi,25.3176,82.9739,91.54044,Critical
Belagavi,15.8497,74.4977,15.146226,Low
Raigad,18.5158,73.1822,35.111843,Low
Nagpur,21.1458,79.0882,71.2925,High
Kanpur Nagar,26.4499,80.3319,94.25969,Critical
Chennai,13.0827,80.2707,70.96717,High
Varanasi,25.3176,82.9739,9.6145525,Low
Mangaluru,12.9141,74.856,18.473005,Low
Sundargarh,22.1167,84.0333,7.2817607,Low
Mysuru,12.2958,76.6394,13.183485,Low
Dharwad,15.4589,75.0078,12.612579,Low
Madurai,9.9252,78.1198,22.888626,Low
Agra,27.1767,78.0081,38.324184,Low
Lucknow,26.8467,80.9462,8.143443,Low
Sundargarh,22.1167,84.0333,18.823715,Low
Nagpur,21.1458,79.0882,67.77857,High
Agra,27.1767,78.0081,4.243068,Low
Meerut,28.9845,77.7064,56.22175,Medium
Aurangabad,19.8762,75.3433,12.971889,Low
Agra,27.1767,78.0081,21.67916,Low
Meerut,28.9845,77.7064,43.63031,Low
Chennai,13.0827,80.2707,85.53241,Critical
Raigad,18.5158,73.1822,87.68562,Critical
Madurai,9.9252,78.1198,6.042611,Low
Tiruchirappalli,10.7905,78.7047,11.914843,Low
Meerut,28.9845,77.7064,19.11222,Low
Dharwad,15.4589,75.0078,90.11326,Critical
Sundargarh,22.1167,84.0333,14.030864,Low
Balasore,21.4942,86.9317,82.6324,Critical
Lucknow,26.8467,80.9462,10.836964,Low
Lucknow,26.8467,80.9462,77.32145,High
Agra,27.1767,78.0081,67.092224,High
Puri,19.8135,85.8312,37.586597,Low
Tiruchirappalli,10.7905,78.7047,91.51765,Critical
Cuttack,20.4625,85.883,6.6827803,Low
Dharwad,15.4589,75.0078,39.30927,Low
Chennai,13.0827,80.2707,16.408781,Low
Khordha,20.1734,85.6745,16.53442,Low
Meerut,28.9845,77.7064,33.621307,Low
Kanchipuram,12.8342,79.7036,87.43013,Critical
Raigad,18.5158,73.1822,55.373043,Medium
Lucknow,26.8467,80.9462,15.977634,Low
Rajkot,22.3039,70.8022,11.100556,Low
Tiruchirappalli,10.7905,78.7047,16.368675,Low
Nagpur,21.1458,79.0882,10.804175,Low
Gandhinagar,23.2156,72.6369,5.593928,Low
Kanpur Nagar,26.4499,80.3319,10.488937,Low
Agra,27.1767,78.0081,92.40889,Critical
Agra,27.1767,78.0081,62.227768,Medium
Mysuru,12.2958,76.6394,62.126793,Medium
Tiruchirappalli,10.7905,78.7047,11.389942,Low
Meerut,28.9845,77.7064,36.96937,Low
Raigad,18.5158,73.1822,22.663277,Low
Kanpur Nagar,26.4499,80.3319,12.066467,Low
Agra,27.1767,78.0081,6.3158765,Low
Gandhinagar,23.2156,72.6369,23.748062,Low
Cuttack,20.4625,85.883,7.3866367,Low
Ganjam,19.3871,84.7919,7.348136,Low
Nagpur,21.1458,79.0882,94.48888,Critical
Vadodara,22.3072,73.1812,38.85271,Low
Gautam Buddha Nagar,28.5355,77.391,38.92434,Low
Gautam Buddha Nagar,28.5355,77.391,86.678444,Critical
Madurai,9.9252,78.1198,94.083145,Critical
Dharwad,15.4589,75.0078,10.424003,Low
Chennai,13.0827,80.2707,38.93388,Low
Kanchipuram,12.8342,79.7036,84.95339,Critical
Khordha,20.1734,85.6745,95.20532,Critical
Kanchipuram,12.8342,79.7036,10.981517,Low
Nagpur,21.1458,79.0882,41.92173,Low
Agra,27.1767,78.0081,10.037948,Low
Gautam Buddha Nagar,28.5355,77.391,45.49538,Medium
Kanpur Nagar,26.4499,80.3319,19.509983,Low
Kanpur Nagar,26.4499,80.3319,9.904469,Low
Pune,18.5204,73.8567,89.462975,Critical
Bengaluru Urban,12.9716,77.5946,21.701738,Low
Dharwad,15.4589,75.0078,85.45197,Critical
Ganjam,19.3871,84.7919,59.94822,Medium
Gautam Buddha Nagar,28.5355,77.391,67.64073,High
Mysuru,12.2958,76.6394,31.24368,Low
Thane,19.2183,72.9781,68.743835,High
Gautam Buddha Nagar,28.5355,77.391,12.318351,Low
Nagpur,21.1458,79.0882,57.888924,Medium
Pune,18.5204,73.8567,96.11137,Critical
Nashik,19.9975,73.7898,62.245655,Medium
Belagavi,15.8497,74.4977,8.240819,Low
Tumakuru,13.3409,77.101,24.84885,Low
Cuttack,20.4625,85.883,49.09893,Medium
Agra,27.1767,78.0081,83.642845,Critical
Dharwad,15.4589,75.0078,29.674234,Low
Khordha,20.1734,85.6745,8.009764,Low
Gautam Buddha Nagar,28.5355,77.391,3.8971882,Low
Cuttack,20.4625,85.883,17.685913,Low
Kutch,23.7337,69.8597,40.1046,Low
Gandhinagar,23.2156,72.6369,85.71402,Critical
Gautam Buddha Nagar,28.5355,77.391,2.3853686,Low
Surat,21.1702,72.8311,73.016136,High
Agra,27.1767,78.0081,61.354683,Medium
Lucknow,26.8467,80.9462,14.481317,Low
Meerut,28.9845,77.7064,76.92036,High
Kanchipuram,12.8342,79.7036,70.737366,High
Nagpur,21.1458,79.0882,15.368021,Low
Pune,18.5204,73.8567,30.580143,Low
Nagpur,21.1458,79.0882,88.261604,Critical
Salem,11.6643,78.146,12.080906,Low
Gandhinagar,23.2156,72.6369,21.243624,Low
Madurai,9.9252,78.1198,76.62837,High
Nagpur,21.1458,79.0882,76.213165,High
Lucknow,26.8467,80.9462,95.01419,Critical
Ahmedabad,23.0225,72.5714,8.913498,Low
Pune,18.5204,73.8567,17.968395,Low
Tumakuru,13.3409,77.101,4.375205,Low
Salem,11.6643,78.146,87.94324,Critical
Ahmedabad,23.0225,72.5714,3.4216106,Low
Coimbatore,11.0168,76.9558,19.714058,Low
Kutch,23.7337,69.8597,7.557878,Low
Raigad,18.5158,73.1822,8.121095,Low
Rajkot,22.3039,70.8022,24.409182,Low
Varanasi,25.3176,82.9739,88.25001,Critical
Dharwad,15.4589,75.0078,15.98008,Low
Agra,27.1767,78.0081,81.250786,Critical
Nagpur,21.1458,79.0882,91.91019,Critical
Vadodara,22.3072,73.1812,10.833026,Low
Kanpur Nagar,26.4499,80.3319,20.498478,Low
Varanasi,25.3176,82.9739,15.5492115,Low
Balasore,21.4942,86.9317,74.56475,High
Varanasi,25.3176,82.9739,19.810623,Low
Ahmedabad,23.0225,72.5714,88.931694,Critical
Thane,19.2183,72.9781,81.913605,Critical
Meerut,28.9845,77.7064,6.535243,Low
Varanasi,25.3176,82.9739,16.096613,Low
Dharwad,15.4589,75.0078,32.800488,Low
Coimbatore,11.0168,76.9558,87.48112,Critical
Kanpur Nagar,26.4499,80.3319,96.26722,Critical
Madurai,9.9252,78.1198,17.667887,Low
Cuttack,20.4625,85.883,10.976068,Low
Puri,19.8135,85.8312,69.609055,High
Bengaluru Urban,12.9716,77.5946,82.42355,Critical
Mangaluru,12.9141,74.856,21.889036,Low
Belagavi,15.8497,74.4977,50.63995,Medium
Surat,21.1702,72.8311,74.30725,High
Gandhinagar,23.2156,72.6369,26.224167,Low
Pune,18.5204,73.8567,33.421127,Low
Agra,27.1767,78.0081,28.107769,Low
Sundargarh,22.1167,84.0333,12.897897,Low
Gautam Buddha Nagar,28.5355,77.391,37.47326,Low
Aurangabad,19.8762,75.3433,83.0806,Critical
Kanpur Nagar,26.4499,80.3319,75.24469,High
Varanasi,25.3176,82.9739,57.686443,Medium
Cuttack,20.4625,85.883,7.446052,Low
Balasore,21.4942,86.9317,7.7112236,Low
Nashik,19.9975,73.7898,8.22842,Low
Kanpur Nagar,26.4499,80.3319,19.441446,Low
Rajkot,22.3039,70.8022,70.68058,High
Pune,18.5204,73.8567,84.851425,Critical
Bengaluru Urban,12.9716,77.5946,8.41829,Low
Ahmedabad,23.0225,72.5714,70.708244,High
Ahmedabad,23.0225,72.5714,14.09116,Low
Surat,21.1702,72.8311,29.47989,Low
Chennai,13.0827,80.2707,98.550446,Critical
Mangaluru,12.9141,74.856,32.99879,Low
Kutch,23.7337,69.8597,14.504844,Low
Surat,21.1702,72.8311,60.833992,Medium
Lucknow,26.8467,80.9462,7.8860617,Low
Tiruchirappalli,10.7905,78.7047,27.645159,Low
Thane,19.2183,72.9781,9.081096,Low
Thane,19.2183,72.9781,12.959239,Low
Kanchipuram,12.8342,79.7036,77.52102,High
Dharwad,15.4589,75.0078,36.23434,Low
Kanpur Nagar,26.4499,80.3319,16.061413,Low
Varanasi,25.3176,82.9739,8.816527,Low
Varanasi,25.3176,82.9739,10.96128,Low
Cuttack,20.4625,85.883,13.452933,Low
Varanasi,25.3176,82.9739,68.03593,High
Kanchipuram,12.8342,79.7036,36.000927,Low
Madurai,9.9252,78.1198,30.282888,Low
Ahmedabad,23.0225,72.5714,14.196706,Low
Sundargarh,22.1167,84.0333,19.539516,Low
Aurangabad,19.8762,75.3433,20.872438,Low
Meerut,28.9845,77.7064,17.435276,Low
Dharwad,15.4589,75.0078,57.625145,Medium
Kanpur Nagar,26.4499,80.3319,8.13262,Low
Lucknow,26.8467,80.9462,91.30221,Critical
Nashik,19.9975,73.7898,68.041534,High
Agra,27.1767,78.0081,43.016266,Low
Surat,21.1702,72.8311,17.208895,Low
Belagavi,15.8497,74.4977,80.930984,Critical
Mangaluru,12.9141,74.856,79.12659,High
Cuttack,20.4625,85.883,70.170906,High
Bengaluru Urban,12.9716,77.5946,83.633354,Critical
Aurangabad,19.8762,75.3433,22.393671,Low
Mangaluru,12.9141,74.856,81.35662,Critical
Kutch,23.7337,69.8597,35.916965,Low
Lucknow,26.8467,80.9462,23.010483,Low
Tiruchirappalli,10.7905,78.7047,7.205411,Low
Aurangabad,19.8762,75.3433,73.68584,High
Kanpur Nagar,26.4499,80.3319,16.201206,Low
Aurangabad,19.8762,75.3433,27.964676,Low
Raigad,18.5158,73.1822,26.14431,Low
Nashik,19.9975,73.7898,17.377916,Low
Ahmedabad,23.0225,72.5714,61.5772,Medium
Coimbatore,11.0168,76.9558,94.222305,Critical
Raigad,18.5158,73.1822,42.495342,Low
Kutch,23.7337,69.8597,31.461397,Low
Pune,18.5204,73.8567,26.588467,Low
Tumakuru,13.3409,77.101,85.685715,Critical
Lucknow,26.8467,80.9462,82.29058,Critical
Lucknow,26.8467,80.9462,79.00022,High
Rajkot,22.3039,70.8022,3.6677008,Low
Sundargarh,22.1167,84.0333,4.232479,Low
Tumakuru,13.3409,77.101,21.939499,Low
Puri,19.8135,85.8312,5.818054,Low
Dharwad,15.4589,75.0078,77.494026,High
Aurangabad,19.8762,75.3433,34.283066,Low
Gautam Buddha Nagar,28.5355,77.391,43.945587,Low
Gautam Buddha Nagar,28.5355,77.391,88.51527,Critical
Agra,27.1767,78.0081,7.6037536,Low
Nashik,19.9975,73.7898,32.592583,Low
Kutch,23.7337,69.8597,19.847752,Low
Raigad,18.5158,73.1822,75.6297,High
Rajkot,22.3039,70.8022,34.806534,Low
Ahmedabad,23.0225,72.5714,46.106068,Medium
Khordha,20.1734,85.6745,6.1468015,Low
Puri,19.8135,85.8312,76.08842,High
Thane,19.2183,72.9781,62.860203,Medium
Thane,19.2183,72.9781,4.0490365,Low
Khordha,20.1734,85.6745,29.167923,Low
Ganjam,19.3871,84.7919,4.6456804,Low
Nashik,19.9975,73.7898,82.29452,Critical
Thane,19.2183,72.9781,5.4140024,Low
Khordha,20.1734,85.6745,82.71121,Critical
Balasore,21.4942,86.9317,4.792848,Low
Varanasi,25.3176,82.9739,55.672176,Medium
Surat,21.1702,72.8311,27.288088,Low
Coimbatore,11.0168,76.9558,77.583466,High
Agra,27.1767,78.0081,21.396702,Low
Chennai,13.0827,80.2707,61.137398,Medium
Meerut,28.9845,77.7064,14.039643,Low
Gandhinagar,23.2156,72.6369,34.845993,Low
Raigad,18.5158,73.1822,8.779697,Low
Agra,27.1767,78.0081,29.327547,Low
Salem,11.6643,78.146,14.446428,Low
Vadodara,22.3072,73.1812,28.015991,Low
Madurai,9.9252,78.1198,7.2742887,Low
Thane,19.2183,72.9781,11.708036,Low
Madurai,9.9252,78.1198,93.20263,Critical
Tiruchirappalli,10.7905,78.7047,44.61955,Low
Ahmedabad,23.0225,72.5714,12.61771,Low
Lucknow,26.8467,80.9462,23.743479,Low
Ganjam,19.3871,84.7919,86.39374,Critical
Kutch,23.7337,69.8597,83.01833,Critical
Tiruchirappalli,10.7905,78.7047,25.374561,Low
Vadodara,22.3072,73.1812,91.13146,Critical
Nashik,19.9975,73.7898,5.7463083,Low
Gautam Buddha Nagar,28.5355,77.391,94.722824,Critical
Cuttack,20.4625,85.883,42.45327,Low
Tiruchirappalli,10.7905,78.7047,27.073643,Low
Agra,27.1767,78.0081,14.050904,Low
Tumakuru,13.3409,77.101,17.66686,Low
Chennai,13.0827,80.2707,30.770012,Low
Agra,27.1767,78.0081,20.937391,Low
Kanpur Nagar,26.4499,80.3319,19.49848,Low
Sundargarh,22.1167,84.0333,3.4631717,Low
Sundargarh,22.1167,84.0333,7.6609654,Low
Meerut,28.9845,77.7064,7.744,Low
Mysuru,12.2958,76.6394,14.801197,Low
Surat,21.1702,72.8311,30.48191,Low
Salem,11.6643,78.146,19.339365,Low
Madurai,9.9252,78.1198,26.74017,Low
Mangaluru,12.9141,74.856,98.20232,Critical
Ahmedabad,23.0225,72.5714,18.433727,Low
Pune,18.5204,73.8567,7.1123204,Low
Vadodara,22.3072,73.1812,96.0735,Critical
Agra,27.1767,78.0081,78.280655,High
Ganjam,19.3871,84.7919,70.600426,High
Agra,27.1767,78.0081,12.485719,Low
Vadodara,22.3072,73.1812,19.870699,Low
Lucknow,26.8467,80.9462,12.305176,Low
Nashik,19.9975,73.7898,14.05335,Low
Varanasi,25.3176,82.9739,64.564476,Medium
Sundargarh,22.1167,84.0333,65.727715,High
Dharwad,15.4589,75.0078,71.77714,High
Agra,27.1767,78.0081,64.38581,Medium
Chennai,13.0827,80.2707,14.000389,Low
Chennai,13.0827,80.2707,36.34691,Low
Pune,18.5204,73.8567,53.788727,Medium
Sundargarh,22.1167,84.0333,9.917243,Low
Raigad,18.5158,73.1822,30.596554,Low
Meerut,28.9845,77.7064,27.387667,Low
Surat,21.1702,72.8311,11.581961,Low
Gautam Buddha Nagar,28.5355,77.391,11.186513,Low
Salem,11.6643,78.146,29.742697,Low
Chennai,13.0827,80.2707,24.55777,Low
Dharwad,15.4589,75.0078,72.409676,High
Vadodara,22.3072,73.1812,16.796156,Low
Kutch,23.7337,69.8597,60.455948,Medium
Salem,11.6643,78.146,57.972805,Medium
Aurangabad,19.8762,75.3433,25.241804,Low
Agra,27.1767,78.0081,86.824,Critical
Kutch,23.7337,69.8597,25.723127,Low
Thane,19.2183,72.9781,85.76918,Critical
Thane,19.2183,72.9781,3.7193708,Low
Agra,27.1767,78.0081,35.212414,Low
Puri,19.8135,85.8312,76.08577,High
Raigad,18.5158,73.1822,75.56418,High
Agra,27.1767,78.0081,29.699287,Low
Gautam Buddha Nagar,28.5355,77.391,51.637333,Medium
Nashik,19.9975,73.7898,76.8295,High
Madurai,9.9252,78.1198,92.68711,Critical
Nashik,19.9975,73.7898,21.00806,Low
Khordha,20.1734,85.6745,51.618225,Medium
Bengaluru Urban,12.9716,77.5946,37.18355,Low
Nagpur,21.1458,79.0882,73.06137,High
Tumakuru,13.3409,77.101,20.810873,Low
Khordha,20.1734,85.6745,25.655846,Low
Vadodara,22.3072,73.1812,22.009016,Low
Lucknow,26.8467,80.9462,58.58472,Medium
Gautam Buddha Nagar,28.5355,77.391,72.41462,High
Coimbatore,11.0168,76.9558,26.623158,Low
Mysuru,12.2958,76.6394,5.2042437,Low
Chennai,13.0827,80.2707,82.584656,Critical
Tiruchirappalli,10.7905,78.7047,79.25944,High
Gautam Buddha Nagar,28.5355,77.391,43.100174,Low
Dharwad,15.4589,75.0078,12.560527,Low
Rajkot,22.3039,70.8022,44.924885,Low
Belagavi,15.8497,74.4977,96.27001,Critical
Varanasi,25.3176,82.9739,61.546062,Medium
Thane,19.2183,72.9781,19.413729,Low
Belagavi,15.8497,74.4977,75.77169,High
Mangaluru,12.9141,74.856,29.216852,Low
Cuttack,20.4625,85.883,23.375378,Low
Aurangabad,19.8762,75.3433,25.223118,Low
Nashik,19.9975,73.7898,30.633873,Low
Chennai,13.0827,80.2707,63.82264,Medium
Rajkot,22.3039,70.8022,15.613547,Low
Kutch,23.7337,69.8597,7.580279,Low
Ahmedabad,23.0225,72.5714,30.50203,Low
Pune,18.5204,73.8567,70.54753,High
Kutch,23.7337,69.8597,16.730831,Low
Rajkot,22.3039,70.8022,51.36189,Medium
Mysuru,12.2958,76.6394,11.338284,Low
Tiruchirappalli,10.7905,78.7047,7.5147963,Low
Madurai,9.9252,78.1198,75.84555,High
Surat,21.1702,72.8311,22.463438,Low
Surat,21.1702,72.8311,16.847372,Low
Dharwad,15.4589,75.0078,35.761055,Low
Bengaluru Urban,12.9716,77.5946,25.693169,Low
Vadodara,22.3072,73.1812,17.749605,Low
Cuttack,20.4625,85.883,21.203371,Low
Bengaluru Urban,12.9716,77.5946,49.640484,Medium
Balasore,21.4942,86.9317,34.090195,Low
Bengaluru Urban,12.9716,77.5946,86.1723,Critical
Meerut,28.9845,77.7064,27.93125,Low
Ahmedabad,23.0225,72.5714,32.780346,Low
Puri,19.8135,85.8312,63.27932,Medium
Gautam Buddha Nagar,28.5355,77.391,15.860759,Low
Madurai,9.9252,78.1198,4.949703,Low
Sundargarh,22.1167,84.0333,4.4031262,Low
Gautam Buddha Nagar,28.5355,77.391,87.02354,Critical
Dharwad,15.4589,75.0078,50.816147,Medium
Belagavi,15.8497,74.4977,4.4490395,Low
Tumakuru,13.3409,77.101,36.32495,Low
Pune,18.5204,73.8567,28.074232,Low
Tiruchirappalli,10.7905,78.7047,12.104691,Low
Nagpur,21.1458,79.0882,20.909864,Low
Ahmedabad,23.0225,72.5714,10.524234,Low
Agra,27.1767,78.0081,8.554227,Low
Cuttack,20.4625,85.883,2.3849645,Low
Bengaluru Urban,12.9716,77.5946,9.65015,Low
Gandhinagar,23.2156,72.6369,89.788795,Critical
Rajkot,22.3039,70.8022,84.65105,Critical
Mangaluru,12.9141,74.856,7.8708572,Low
Puri,19.8135,85.8312,23.586277,Low
Nashik,19.9975,73.7898,26.421192,Low
Kanchipuram,12.8342,79.7036,70.30362,High
Bengaluru Urban,12.9716,77.5946,22.401636,Low
Madurai,9.9252,78.1198,17.87519,Low
Tiruchirappalli,10.7905,78.7047,26.443953,Low
Coimbatore,11.0168,76.9558,11.515338,Low
Mangaluru,12.9141,74.856,52.26558,Medium
Cuttack,20.4625,85.883,18.285507,Low
Agra,27.1767,78.0081,17.138062,Low
Kutch,23.7337,69.8597,53.55144,Medium
Mysuru,12.2958,76.6394,35.23279,Low
Kutch,23.7337,69.8597,91.97921,Critical
Chennai,13.0827,80.2707,84.33191,Critical
Lucknow,26.8467,80.9462,72.02267,High
Thane,19.2183,72.9781,19.321377,Low
Rajkot,22.3039,70.8022,10.198239,Low
Kutch,23.7337,69.8597,8.926717,Low
Meerut,28.9845,77.7064,13.3084345,Low
Kanpur Nagar,26.4499,80.3319,84.55585,Critical
Dharwad,15.4589,75.0078,79.06165,High
Surat,21.1702,72.8311,93.42401,Critical
Kanpur Nagar,26.4499,80.3319,23.535854,Low
Varanasi,25.3176,82.9739,70.46545,High
Ahmedabad,23.0225,72.5714,15.980835,Low
Kanpur Nagar,26.4499,80.3319,82.167885,Critical
Tumakuru,13.3409,77.101,95.526985,Critical
Tumakuru,13.3409,77.101,27.017385,Low
Agra,27.1767,78.0081,11.67213,Low
Balasore,21.4942,86.9317,21.214802,Low
Lucknow,26.8467,80.9462,10.5623,Low
Nashik,19.9975,73.7898,41.621655,Low
Chennai,13.0827,80.2707,9.801079,Low
Vadodara,22.3072,73.1812,59.37428,Medium
Chennai,13.0827,80.2707,15.216473,Low
Varanasi,25.3176,82.9739,84.22172,Critical
Raigad,18.5158,73.1822,82.44273,Critical
Vadodara,22.3072,73.1812,2.753094,Low
Kutch,23.7337,69.8597,5.6584725,Low
Kanchipuram,12.8342,79.7036,12.018749,Low
Gautam Buddha Nagar,28.5355,77.391,93.98833,Critical
Salem,11.6643,78.146,89.98154,Critical
Salem,11.6643,78.146,12.063391,Low
Vadodara,22.3072,73.1812,76.187225,High
Aurangabad,19.8762,75.3433,8.790739,Low
Vadodara,22.3072,73.1812,31.153801,Low
Pune,18.5204,73.8567,89.63097,Critical
Dharwad,15.4589,75.0078,78.95237,High
Surat,21.1702,72.8311,9.737937,Low
Madurai,9.9252,78.1198,9.3896265,Low
Sundargarh,22.1167,84.0333,93.440025,Critical
Gandhinagar,23.2156,72.6369,47.314495,Medium
Mysuru,12.2958,76.6394,11.696549,Low
Vadodara,22.3072,73.1812,18.752068,Low
Chennai,13.0827,80.2707,74.11803,High
Agra,27.1767,78.0081,73.59417,High
Salem,11.6643,78.146,14.510626,Low
Dharwad,15.4589,75.0078,19.469149,Low
Coimbatore,11.0168,76.9558,69.0002,High
Ahmedabad,23.0225,72.5714,8.705979,Low
Dharwad,15.4589,75.0078,19.388554,Low
Thane,19.2183,72.9781,36.77617,Low
Bengaluru Urban,12.9716,77.5946,1.8905818,Low
Varanasi,25.3176,82.9739,5.686708,Low
Pune,18.5204,73.8567,37.638687,Low
Vadodara,22.3072,73.1812,17.343218,Low
Thane,19.2183,72.9781,24.373585,Low
Aurangabad,19.8762,75.3433,91.11302,Critical
Belagavi,15.8497,74.4977,94.861496,Critical
Aurangabad,19.8762,75.3433,3.227206,Low
Mysuru,12.2958,76.6394,14.306124,Low
Meerut,28.9845,77.7064,31.423252,Low
Tumakuru,13.3409,77.101,7.662952,Low
Tumakuru,13.3409,77.101,4.8838406,Low
Aurangabad,19.8762,75.3433,80.03966,Critical
Mysuru,12.2958,76.6394,85.630974,Critical
Chennai,13.0827,80.2707,85.779106,Critical
Belagavi,15.8497,74.4977,16.203325,Low
Thane,19.2183,72.9781,15.71479,Low
Rajkot,22.3039,70.8022,29.155355,Low
Bengaluru Urban,12.9716,77.5946,74.28506,High
Thane,19.2183,72.9781,96.08277,Critical
Mysuru,12.2958,76.6394,63.63681,Medium
Thane,19.2183,72.9781,14.72467,Low
Dharwad,15.4589,75.0078,36.86219,Low
Kanpur Nagar,26.4499,80.3319,85.66178,Critical
Meerut,28.9845,77.7064,80.9609,Critical
Coimbatore,11.0168,76.9558,9.948359,Low
Chennai,13.0827,80.2707,12.077112,Low
Salem,11.6643,78.146,15.292189,Low
Kanchipuram,12.8342,79.7036,18.043457,Low
Ahmedabad,23.0225,72.5714,29.51895,Low
Nashik,19.9975,73.7898,8.549899,Low
Agra,27.1767,78.0081,3.9207895,Low
Surat,21.1702,72.8311,90.09343,Critical
Varanasi,25.3176,82.9739,87.12816,Critical
Coimbatore,11.0168,76.9558,3.4854622,Low
Agra,27.1767,78.0081,14.022721,Low
Meerut,28.9845,77.7064,16.434666,Low
Nashik,19.9975,73.7898,79.09757,High
Gautam Buddha Nagar,28.5355,77.391,4.203884,Low
Meerut,28.9845,77.7064,22.836685,Low
Cuttack,20.4625,85.883,12.874709,Low
Aurangabad,19.8762,75.3433,7.983829,Low
Balasore,21.4942,86.9317,74.05952,High
Salem,11.6643,78.146,11.933069,Low
Khordha,20.1734,85.6745,60.817493,Medium
Ganjam,19.3871,84.7919,52.11527,Medium
Aurangabad,19.8762,75.3433,21.948639,Low
Agra,27.1767,78.0081,79.37801,High
Raigad,18.5158,73.1822,60.659332,Medium
Tiruchirappalli,10.7905,78.7047,26.083506,Low
Balasore,21.4942,86.9317,5.935303,Low
Nagpur,21.1458,79.0882,84.78921,Critical
Rajkot,22.3039,70.8022,3.1479406,Low
Mysuru,12.2958,76.6394,46.571983,Medium
Khordha,20.1734,85.6745,28.936144,Low
Vadodara,22.3072,73.1812,12.467631,Low
Chennai,13.0827,80.2707,23.777233,Low
Khordha,20.1734,85.6745,19.147978,Low
Balasore,21.4942,86.9317,11.952316,Low
Varanasi,25.3176,82.9739,22.24024,Low
Agra,27.1767,78.0081,33.775272,Low
Coimbatore,11.0168,76.9558,92.50528,Critical
Balasore,21.4942,86.9317,74.20836,High
Thane,19.2183,72.9781,23.70661,Low
Sundargarh,22.1167,84.0333,18.256948,Low
Lucknow,26.8467,80.9462,84.53804,Critical
Bengaluru Urban,12.9716,77.5946,15.543386,Low
Gautam Buddha Nagar,28.5355,77.391,88.04408,Critical
Bengaluru Urban,12.9716,77.5946,16.061514,Low
Kutch,23.7337,69.8597,15.520789,Low
Nashik,19.9975,73.7898,70.52484,High
Varanasi,25.3176,82.9739,63.547897,Medium
Mangaluru,12.9141,74.856,21.196894,Low
Meerut,28.9845,77.7064,76.076775,High
Lucknow,26.8467,80.9462,16.09325,Low
Tumakuru,13.3409,77.101,30.719915,Low
Nashik,19.9975,73.7898,56.021767,Medium
Pune,18.5204,73.8567,22.235977,Low
Aurangabad,19.8762,75.3433,16.606726,Low
Salem,11.6643,78.146,9.345884,Low
Nashik,19.9975,73.7898,19.855427,Low
Varanasi,25.3176,82.9739,8.438426,Low
Aurangabad,19.8762,75.3433,22.052841,Low
Gautam Buddha Nagar,28.5355,77.391,11.782603,Low
Thane,19.2183,72.9781,71.67847,High
Meerut,28.9845,77.7064,3.2924294,Low
Kanpur Nagar,26.4499,80.3319,15.606271,Low
Thane,19.2183,72.9781,7.6170263,Low
Chennai,13.0827,80.2707,94.27955,Critical
Kanpur Nagar,26.4499,80.3319,16.885607,Low
Kanpur Nagar,26.4499,80.3319,15.6765785,Low
Madurai,9.9252,78.1198,85.141815,Critical
Salem,11.6643,78.146,88.244675,Critical
Sundargarh,22.1167,84.0333,11.46566,Low
Pune,18.5204,73.8567,8.424442,Low
Nagpur,21.1458,79.0882,38.71224,Low
Kanpur Nagar,26.4499,80.3319,27.61647,Low
Meerut,28.9845,77.7064,42.191963,Low
Nagpur,21.1458,79.0882,92.42652,Critical
Vadodara,22.3072,73.1812,92.898125,Critical
Raigad,18.5158,73.1822,26.52072,Low
Khordha,20.1734,85.6745,32.7088,Low
Nagpur,21.1458,79.0882,7.287358,Low
Pune,18.5204,73.8567,87.99952,Critical
Mysuru,12.2958,76.6394,28.276533,Low
Salem,11.6643,78.146,18.481546,Low
Nashik,19.9975,73.7898,21.354826,Low
Kutch,23.7337,69.8597,15.490602,Low
Raigad,18.5158,73.1822,11.36693,Low
Meerut,28.9845,77.7064,61.093254,Medium
Belagavi,15.8497,74.4977,80.61331,Critical
Kanpur Nagar,26.4499,80.3319,31.463333,Low
Thane,19.2183,72.9781,86.09297,Critical
Kutch,23.7337,69.8597,28.908861,Low
Gautam Buddha Nagar,28.5355,77.391,14.376287,Low
Kanpur Nagar,26.4499,80.3319,35.857773,Low
Pune,18.5204,73.8567,20.447647,Low
Madurai,9.9252,78.1198,33.85791,Low
Cuttack,20.4625,85.883,64.168205,Medium
Thane,19.2183,72.9781,84.34482,Critical
Kanpur Nagar,26.4499,80.3319,56.65385,Medium
Khordha,20.1734,85.6745,39.637657,Low
Varanasi,25.3176,82.9739,12.5264225,Low
Surat,21.1702,72.8311,16.834282,Low
Bengaluru Urban,12.9716,77.5946,83.91332,Critical
Nashik,19.9975,73.7898,21.419624,Low
Thane,19.2183,72.9781,15.527972,Low
Lucknow,26.8467,80.9462,4.3843637,Low
Agra,27.1767,78.0081,12.814157,Low
Kutch,23.7337,69.8597,35.542248,Low
Madurai,9.9252,78.1198,77.995316,High
Raigad,18.5158,73.1822,39.12452,Low
Kutch,23.7337,69.8597,13.051377,Low
Puri,19.8135,85.8312,25.32567,Low
Varanasi,25.3176,82.9739,6.9653244,Low
Kanpur Nagar,26.4499,80.3319,8.077103,Low
Nashik,19.9975,73.7898,88.30473,Critical
Puri,19.8135,85.8312,4.515584,Low
Surat,21.1702,72.8311,9.382081,Low
Bengaluru Urban,12.9716,77.5946,60.207737,Medium
Chennai,13.0827,80.2707,9.198187,Low
Tumakuru,13.3409,77.101,68.43024,High
Tiruchirappalli,10.7905,78.7047,59.809727,Medium
Mysuru,12.2958,76.6394,8.940034,Low
Coimbatore,11.0168,76.9558,54.94691,Medium
Mysuru,12.2958,76.6394,5.764037,Low
Dharwad,15.4589,75.0078,20.500357,Low
Mysuru,12.2958,76.6394,9.202168,Low
Coimbatore,11.0168,76.9558,31.826815,Low
Ahmedabad,23.0225,72.5714,27.010187,Low
Cuttack,20.4625,85.883,85.131195,Critical
Surat,21.1702,72.8311,19.732756,Low
Tiruchirappalli,10.7905,78.7047,8.672788,Low
Kutch,23.7337,69.8597,15.136847,Low
Tumakuru,13.3409,77.101,20.054688,Low
Bengaluru Urban,12.9716,77.5946,24.290539,Low
Chennai,13.0827,80.2707,2.62273,Low
Nagpur,21.1458,79.0882,9.557631,Low
Tumakuru,13.3409,77.101,75.87538,High
Dharwad,15.4589,75.0078,14.313072,Low
Coimbatore,11.0168,76.9558,64.89413,Medium
Madurai,9.9252,78.1198,30.016283,Low
Surat,21.1702,72.8311,92.75672,Critical
Rajkot,22.3039,70.8022,91.3721,Critical
Kanpur Nagar,26.4499,80.3319,87.40788,Critical
Chennai,13.0827,80.2707,25.302706,Low
Nashik,19.9975,73.7898,48.643497,Medium
Dharwad,15.4589,75.0078,11.840185,Low
Belagavi,15.8497,74.4977,84.07078,Critical
Rajkot,22.3039,70.8022,9.768558,Low
Varanasi,25.3176,82.9739,87.74231,Critical
Kanpur Nagar,26.4499,80.3319,82.170685,Critical
Madurai,9.9252,78.1198,33.119,Low
Rajkot,22.3039,70.8022,77.77009,High
Lucknow,26.8467,80.9462,29.419518,Low
Tumakuru,13.3409,77.101,23.344336,Low
Pune,18.5204,73.8567,26.650652,Low
Madurai,9.9252,78.1198,56.987804,Medium
Pune,18.5204,73.8567,97.425674,Critical
Lucknow,26.8467,80.9462,67.67556,High
Agra,27.1767,78.0081,15.851201,Low
Rajkot,22.3039,70.8022,35.39412,Low
Kutch,23.7337,69.8597,64.15523,Medium
Bengaluru Urban,12.9716,77.5946,78.61726,High
Kutch,23.7337,69.8597,70.20326,High
Nagpur,21.1458,79.0882,24.951529,Low
Aurangabad,19.8762,75.3433,74.838806,High
Aurangabad,19.8762,75.3433,55.306633,Medium
Kanchipuram,12.8342,79.7036,84.84624,Critical
Gautam Buddha Nagar,28.5355,77.391,76.95866,High
Kanchipuram,12.8342,79.7036,16.051376,Low
Pune,18.5204,73.8567,13.639734,Low
Meerut,28.9845,77.7064,83.143166,Critical
Thane,19.2183,72.9781,30.434603,Low
Agra,27.1767,78.0081,77.099075,High
Tumakuru,13.3409,77.101,49.495567,Medium
Ahmedabad,23.0225,72.5714,70.77894,High
Aurangabad,19.8762,75.3433,79.474686,High
Balasore,21.4942,86.9317,60.922485,Medium
Ganjam,19.3871,84.7919,19.538836,Low
Tiruchirappalli,10.7905,78.7047,76.43171,High
Kanchipuram,12.8342,79.7036,7.8907027,Low
Ganjam,19.3871,84.7919,89.52727,Critical
Tumakuru,13.3409,77.101,76.94266,High
Belagavi,15.8497,74.4977,60.40448,Medium
Surat,21.1702,72.8311,33.81683,Low
Belagavi,15.8497,74.4977,29.794744,Low
Varanasi,25.3176,82.9739,5.823831,Low
Tumakuru,13.3409,77.101,14.596786,Low
Salem,11.6643,78.146,8.81921,Low
Lucknow,26.8467,80.9462,18.042015,Low
Dharwad,15.4589,75.0078,20.390402,Low
Madurai,9.9252,78.1198,89.27948,Critical
Lucknow,26.8467,80.9462,69.07187,High
Kutch,23.7337,69.8597,43.00265,Low
Chennai,13.0827,80.2707,62.91758,Medium
Tiruchirappalli,10.7905,78.7047,33.32009,Low
Lucknow,26.8467,80.9462,32.249245,Low
Nagpur,21.1458,79.0882,91.963196,Critical
Khordha,20.1734,85.6745,80.53454,Critical
Gautam Buddha Nagar,28.5355,77.391,82.38938,Critical
Pune,18.5204,73.8567,31.7539,Low
Kanpur Nagar,26.4499,80.3319,7.4722996,Low
Meerut,28.9845,77.7064,93.93971,Critical
Rajkot,22.3039,70.8022,76.830215,High
Khordha,20.1734,85.6745,14.525929,Low
Ganjam,19.3871,84.7919,22.009491,Low
Dharwad,15.4589,75.0078,5.1844215,Low
Thane,19.2183,72.9781,10.942379,Low
Raigad,18.5158,73.1822,24.834066,Low
Agra,27.1767,78.0081,14.139475,Low
Agra,27.1767,78.0081,13.937741,Low
Aurangabad,19.8762,75.3433,19.610785,Low
Varanasi,25.3176,82.9739,11.185085,Low
Kanpur Nagar,26.4499,80.3319,11.354257,Low
Kanpur Nagar,26.4499,80.3319,6.593059,Low
Ganjam,19.3871,84.7919,60.76858,Medium
Cuttack,20.4625,85.883,8.511847,Low
Chennai,13.0827,80.2707,55.20211,Medium
Tumakuru,13.3409,77.101,28.204805,Low
Rajkot,22.3039,70.8022,6.829937,Low
Kanpur Nagar,26.4499,80.3319,22.18689,Low
Surat,21.1702,72.8311,81.77854,Critical
Kanpur Nagar,26.4499,80.3319,9.835399,Low
Gandhinagar,23.2156,72.6369,16.049187,Low
Aurangabad,19.8762,75.3433,50.549393,Medium
Aurangabad,19.8762,75.3433,6.9612513,Low
Raigad,18.5158,73.1822,85.2292,Critical
Sundargarh,22.1167,84.0333,69.80764,High
Tumakuru,13.3409,77.101,23.767565,Low
Tumakuru,13.3409,77.101,35.312584,Low
Balasore,21.4942,86.9317,27.839521,Low
Surat,21.1702,72.8311,26.039864,Low
Varanasi,25.3176,82.9739,8.080476,Low
Dharwad,15.4589,75.0078,33.14305,Low
Rajkot,22.3039,70.8022,20.15247,Low
Nashik,19.9975,73.7898,11.030806,Low
Aurangabad,19.8762,75.3433,13.719704,Low
Chennai,13.0827,80.2707,31.094402,Low
Balasore,21.4942,86.9317,18.705364,Low
Gandhinagar,23.2156,72.6369,66.859276,High
Ganjam,19.3871,84.7919,35.83455,Low
Raigad,18.5158,73.1822,14.054784,Low
Vadodara,22.3072,73.1812,39.257164,Low
Pune,18.5204,73.8567,8.088901,Low
Rajkot,22.3039,70.8022,10.136865,Low
Khordha,20.1734,85.6745,89.43253,Critical
Lucknow,26.8467,80.9462,21.155558,Low
Belagavi,15.8497,74.4977,52.49799,Medium
Thane,19.2183,72.9781,15.755744,Low
Sundargarh,22.1167,84.0333,65.104004,High
Balasore,21.4942,86.9317,51.014423,Medium
Khordha,20.1734,85.6745,12.246326,Low
Balasore,21.4942,86.9317,86.85456,Critical
Salem,11.6643,78.146,22.588928,Low
Vadodara,22.3072,73.1812,23.41508,Low
Tumakuru,13.3409,77.101,66.6369,High
Dharwad,15.4589,75.0078,81.01043,Critical
Varanasi,25.3176,82.9739,13.081345,Low
Nashik,19.9975,73.7898,29.354052,Low
Nagpur,21.1458,79.0882,28.448698,Low
Nagpur,21.1458,79.0882,73.82991,High
Nashik,19.9975,73.7898,12.992583,Low
Nagpur,21.1458,79.0882,18.019802,Low
Sundargarh,22.1167,84.0333,23.030935,Low
Meerut,28.9845,77.7064,12.765638,Low
Bengaluru Urban,12.9716,77.5946,21.603281,Low
Surat,21.1702,72.8311,79.15801,High
Bengaluru Urban,12.9716,77.5946,19.713459,Low
Meerut,28.9845,77.7064,17.123087,Low
Gandhinagar,23.2156,72.6369,87.31086,Critical
Lucknow,26.8467,80.9462,4.508765,Low
Puri,19.8135,85.8312,9.665407,Low
Aurangabad,19.8762,75.3433,17.254616,Low
Kanchipuram,12.8342,79.7036,29.954315,Low
Thane,19.2183,72.9781,78.028656,High
Surat,21.1702,72.8311,23.550386,Low
Aurangabad,19.8762,75.3433,85.49166,Critical
Balasore,21.4942,86.9317,13.6944685,Low
Rajkot,22.3039,70.8022,14.831807,Low
Pune,18.5204,73.8567,24.251799,Low
Kanpur Nagar,26.4499,80.3319,32.964203,Low
Gautam Buddha Nagar,28.5355,77.391,8.120744,Low
Meerut,28.9845,77.7064,29.583927,Low
Kanchipuram,12.8342,79.7036,24.03696,Low
Thane,19.2183,72.9781,15.20689,Low
Varanasi,25.3176,82.9739,20.886261,Low
Chennai,13.0827,80.2707,83.204994,Critical
Meerut,28.9845,77.7064,31.945831,Low
Nagpur,21.1458,79.0882,59.86719,Medium
Mysuru,12.2958,76.6394,36.047462,Low
Tiruchirappalli,10.7905,78.7047,7.419026,Low
Mangaluru,12.9141,74.856,72.45168,High
Vadodara,22.3072,73.1812,7.8967013,Low
Salem,11.6643,78.146,73.40343,High
Varanasi,25.3176,82.9739,33.045563,Low
Coimbatore,11.0168,76.9558,88.97535,Critical
Dharwad,15.4589,75.0078,83.39052,Critical
Kanchipuram,12.8342,79.7036,5.426961,Low
Nashik,19.9975,73.7898,13.538136,Low
Kanpur Nagar,26.4499,80.3319,59.432144,Medium
Balasore,21.4942,86.9317,8.225621,Low
Kutch,23.7337,69.8597,83.226906,Critical
Gandhinagar,23.2156,72.6369,37.553085,Low
Kanchipuram,12.8342,79.7036,20.80971,Low
Balasore,21.4942,86.9317,71.85818,High
Raigad,18.5158,73.1822,78.331856,High
Aurangabad,19.8762,75.3433,9.814263,Low
Meerut,28.9845,77.7064,13.781349,Low
Meerut,28.9845,77.7064,77.49572,High
Meerut,28.9845,77.7064,41.25915,Low
Dharwad,15.4589,75.0078,86.866325,Critical
Belagavi,15.8497,74.4977,48.421688,Medium
Kutch,23.7337,69.8597,14.847885,Low
Nashik,19.9975,73.7898,63.612236,Medium
Khordha,20.1734,85.6745,8.318353,Low
Mangaluru,12.9141,74.856,62.7743,Medium
Salem,11.6643,78.146,12.739742,Low
Vadodara,22.3072,73.1812,81.43558,Critical
Belagavi,15.8497,74.4977,94.20732,Critical
Ahmedabad,23.0225,72.5714,17.484798,Low
Vadodara,22.3072,73.1812,22.062046,Low
Coimbatore,11.0168,76.9558,15.146237,Low
Nagpur,21.1458,79.0882,13.676203,Low
Raigad,18.5158,73.1822,27.054237,Low
Thane,19.2183,72.9781,5.787544,Low
Ahmedabad,23.0225,72.5714,5.603212,Low
Vadodara,22.3072,73.1812,4.7881613,Low
Cuttack,20.4625,85.883,62.703278,Medium
Kutch,23.7337,69.8597,35.070225,Low
Lucknow,26.8467,80.9462,81.99966,Critical
Madurai,9.9252,78.1198,18.683369,Low
Nashik,19.9975,73.7898,83.49694,Critical
Coimbatore,11.0168,76.9558,6.141053,Low
Kanpur Nagar,26.4499,80.3319,15.096559,Low
Rajkot,22.3039,70.8022,16.827242,Low
Vadodara,22.3072,73.1812,10.529108,Low
Tumakuru,13.3409,77.101,92.651245,Critical
Kanpur Nagar,26.4499,80.3319,26.633108,Low
Chennai,13.0827,80.2707,94.13328,Critical
Kutch,23.7337,69.8597,8.678379,Low
Sundargarh,22.1167,84.0333,77.3154,High
Surat,21.1702,72.8311,16.673065,Low
Varanasi,25.3176,82.9739,18.416332,Low
Kutch,23.7337,69.8597,88.60669,Critical
Nagpur,21.1458,79.0882,29.52379,Low
Thane,19.2183,72.9781,20.074476,Low
Sundargarh,22.1167,84.0333,51.238155,Medium
Gandhinagar,23.2156,72.6369,87.28882,Critical
Varanasi,25.3176,82.9739,19.564476,Low
Kanpur Nagar,26.4499,80.3319,49.185925,Medium
Kanpur Nagar,26.4499,80.3319,80.86492,Critical
Meerut,28.9845,77.7064,53.498383,Medium
Puri,19.8135,85.8312,68.852425,High
Kanpur Nagar,26.4499,80.3319,38.11431,Low
Coimbatore,11.0168,76.9558,24.897982,Low
Meerut,28.9845,77.7064,33.588768,Low
Meerut,28.9845,77.7064,16.126375,Low
Coimbatore,11.0168,76.9558,20.948624,Low
Thane,19.2183,72.9781,38.299446,Low
Aurangabad,19.8762,75.3433,73.852974,High
Chennai,13.0827,80.2707,87.42439,Critical
Tiruchirappalli,10.7905,78.7047,6.5976987,Low
Belagavi,15.8497,74.4977,20.532871,Low
Meerut,28.9845,77.7064,26.56961,Low
Cuttack,20.4625,85.883,70.7356,High
Tiruchirappalli,10.7905,78.7047,13.848098,Low
Tiruchirappalli,10.7905,78.7047,72.47027,High
Gautam Buddha Nagar,28.5355,77.391,89.00911,Critical
Aurangabad,19.8762,75.3433,19.172794,Low
Thane,19.2183,72.9781,48.986244,Medium
Meerut,28.9845,77.7064,10.647414,Low
Khordha,20.1734,85.6745,17.149717,Low
Raigad,18.5158,73.1822,68.29388,High
Thane,19.2183,72.9781,91.29203,Critical
Lucknow,26.8467,80.9462,62.719017,Medium
Vadodara,22.3072,73.1812,59.435165,Medium
Kanpur Nagar,26.4499,80.3319,4.4721026,Low
Kutch,23.7337,69.8597,5.678694,Low
Lucknow,26.8467,80.9462,17.446377,Low
Kanchipuram,12.8342,79.7036,9.300928,Low
Varanasi,25.3176,82.9739,53.543633,Medium
Surat,21.1702,72.8311,34.39253,Low
Varanasi,25.3176,82.9739,71.770226,High
Kanpur Nagar,26.4499,80.3319,33.276,Low
Gautam Buddha Nagar,28.5355,77.391,30.793997,Low
Gautam Buddha Nagar,28.5355,77.391,12.920631,Low
Gautam Buddha Nagar,28.5355,77.391,77.062126,High
Rajkot,22.3039,70.8022,11.172885,Low
Khordha,20.1734,85.6745,77.3567,High
Meerut,28.9845,77.7064,9.680592,Low
Ahmedabad,23.0225,72.5714,67.76872,High
Khordha,20.1734,85.6745,38.938858,Low
Lucknow,26.8467,80.9462,50.87135,Medium
Aurangabad,19.8762,75.3433,18.978287,Low
Meerut,28.9845,77.7064,8.711483,Low
Lucknow,26.8467,80.9462,24.38931,Low
Rajkot,22.3039,70.8022,22.901674,Low
Tiruchirappalli,10.7905,78.7047,87.95611,Critical
Tiruchirappalli,10.7905,78.7047,14.04383,Low
Chennai,13.0827,80.2707,82.883514,Critical
Raigad,18.5158,73.1822,86.22422,Critical
Meerut,28.9845,77.7064,54.829807,Medium
Aurangabad,19.8762,75.3433,5.6077576,Low
Varanasi,25.3176,82.9739,34.23573,Low
Agra,27.1767,78.0081,23.38032,Low
Meerut,28.9845,77.7064,92.086754,Critical
Kutch,23.7337,69.8597,20.570482,Low
Thane,19.2183,72.9781,81.99179,Critical
Kanpur Nagar,26.4499,80.3319,93.24702,Critical
Tumakuru,13.3409,77.101,91.04579,Critical
Aurangabad,19.8762,75.3433,26.640882,Low
Chennai,13.0827,80.2707,70.52134,High
Raigad,18.5158,73.1822,12.739724,Low
Rajkot,22.3039,70.8022,63.1507,Medium
Varanasi,25.3176,82.9739,88.94441,Critical
Surat,21.1702,72.8311,39.479027,Low
Varanasi,25.3176,82.9739,63.463913,Medium
Gautam Buddha Nagar,28.5355,77.391,52.681805,Medium
Ganjam,19.3871,84.7919,14.77214,Low
Aurangabad,19.8762,75.3433,75.86162,High
Agra,27.1767,78.0081,11.770363,Low
Kanchipuram,12.8342,79.7036,19.602861,Low
Kanpur Nagar,26.4499,80.3319,10.548331,Low
Ahmedabad,23.0225,72.5714,18.982523,Low
Ahmedabad,23.0225,72.5714,12.719019,Low
Nagpur,21.1458,79.0882,3.8733819,Low
Ahmedabad,23.0225,72.5714,80.094055,Critical
Varanasi,25.3176,82.9739,8.900816,Low
Dharwad,15.4589,75.0078,23.958826,Low
Varanasi,25.3176,82.9739,5.26338,Low
Gautam Buddha Nagar,28.5355,77.391,20.237988,Low
Raigad,18.5158,73.1822,16.962313,Low
Kanchipuram,12.8342,79.7036,22.736475,Low
Dharwad,15.4589,75.0078,50.138577,Medium
Chennai,13.0827,80.2707,86.79105,Critical
Puri,19.8135,85.8312,29.038406,Low
Balasore,21.4942,86.9317,92.08629,Critical
Gandhinagar,23.2156,72.6369,87.85407,Critical
Coimbatore,11.0168,76.9558,21.231125,Low
Gandhinagar,23.2156,72.6369,81.328705,Critical
Raigad,18.5158,73.1822,70.32405,High
Sundargarh,22.1167,84.0333,23.65714,Low
Vadodara,22.3072,73.1812,80.302414,Critical
Varanasi,25.3176,82.9739,88.5945,Critical
Pune,18.5204,73.8567,85.62317,Critical
Thane,19.2183,72.9781,27.908457,Low
Bengaluru Urban,12.9716,77.5946,3.419937,Low
Pune,18.5204,73.8567,79.61811,High
Dharwad,15.4589,75.0078,18.85308,Low
Rajkot,22.3039,70.8022,14.9589,Low
Mangaluru,12.9141,74.856,71.83215,High
Varanasi,25.3176,82.9739,13.523014,Low
Kanchipuram,12.8342,79.7036,72.66076,High
Gandhinagar,23.2156,72.6369,58.07795,Medium
Nashik,19.9975,73.7898,84.289116,Critical
Raigad,18.5158,73.1822,92.636505,Critical
Nashik,19.9975,73.7898,5.932802,Low
Thane,19.2183,72.9781,4.5757585,Low
Bengaluru Urban,12.9716,77.5946,28.530369,Low
Coimbatore,11.0168,76.9558,5.182661,Low
Sundargarh,22.1167,84.0333,72.05087,High
Surat,21.1702,72.8311,82.18633,Critical
Rajkot,22.3039,70.8022,70.27031,High
Bengaluru Urban,12.9716,77.5946,7.9997244,Low
Mysuru,12.2958,76.6394,19.123857,Low
Thane,19.2183,72.9781,82.72404,Critical
Salem,11.6643,78.146,26.261484,Low
Raigad,18.5158,73.1822,72.649216,High
Mangaluru,12.9141,74.856,30.474642,Low
Tiruchirappalli,10.7905,78.7047,95.2531,Critical
Bengaluru Urban,12.9716,77.5946,73.89616,High
Varanasi,25.3176,82.9739,7.378247,Low
Cuttack,20.4625,85.883,15.570207,Low
Lucknow,26.8467,80.9462,12.574861,Low
Mysuru,12.2958,76.6394,28.81582,Low
Nashik,19.9975,73.7898,76.8993,High
Khordha,20.1734,85.6745,63.26156,Medium
Salem,11.6643,78.146,17.506868,Low
Gautam Buddha Nagar,28.5355,77.391,14.048068,Low
Thane,19.2183,72.9781,7.1628118,Low
Sundargarh,22.1167,84.0333,14.21091,Low
Nagpur,21.1458,79.0882,45.90749,Medium
Gautam Buddha Nagar,28.5355,77.391,71.877655,High
Kanpur Nagar,26.4499,80.3319,46.53557,Medium
Aurangabad,19.8762,75.3433,49.61247,Medium
Cuttack,20.4625,85.883,21.098074,Low
Kutch,23.7337,69.8597,16.953682,Low
Lucknow,26.8467,80.9462,21.486698,Low
Kutch,23.7337,69.8597,30.525297,Low
Pune,18.5204,73.8567,27.433372,Low
Thane,19.2183,72.9781,24.827398,Low
Bengaluru Urban,12.9716,77.5946,20.735212,Low
Nagpur,21.1458,79.0882,16.04558,Low
Vadodara,22.3072,73.1812,7.4095974,Low
Chennai,13.0827,80.2707,16.404743,Low
Vadodara,22.3072,73.1812,65.35545,High
Cuttack,20.4625,85.883,14.085213,Low
Gautam Buddha Nagar,28.5355,77.391,81.86489,Critical
Meerut,28.9845,77.7064,19.286936,Low
Meerut,28.9845,77.7064,81.97982,Critical
Mangaluru,12.9141,74.856,82.892204,Critical
Bengaluru Urban,12.9716,77.5946,47.603615,Medium
Agra,27.1767,78.0081,20.428888,Low
Lucknow,26.8467,80.9462,11.500569,Low
Nagpur,21.1458,79.0882,80.86451,Critical
Puri,19.8135,85.8312,10.36025,Low
Sundargarh,22.1167,84.0333,76.2772,High
Puri,19.8135,85.8312,85.19015,Critical
Coimbatore,11.0168,76.9558,37.665062,Low
Raigad,18.5158,73.1822,4.419791,Low
Ganjam,19.3871,84.7919,84.66923,Critical
Surat,21.1702,72.8311,91.88253,Critical
Nagpur,21.1458,79.0882,16.306702,Low
Salem,11.6643,78.146,9.376749,Low
Agra,27.1767,78.0081,91.168915,Critical
Mangaluru,12.9141,74.856,73.296,High
Tumakuru,13.3409,77.101,64.93463,Medium
Chennai,13.0827,80.2707,17.08648,Low
Ahmedabad,23.0225,72.5714,7.992917,Low
Pune,18.5204,73.8567,6.488281,Low
Tumakuru,13.3409,77.101,92.90114,Critical
Mysuru,12.2958,76.6394,12.539631,Low
Kutch,23.7337,69.8597,72.36419,High
Mangaluru,12.9141,74.856,46.08587,Medium
Pune,18.5204,73.8567,95.84806,Critical
Ganjam,19.3871,84.7919,5.1445336,Low
Salem,11.6643,78.146,62.779625,Medium
Nagpur,21.1458,79.0882,55.602177,Medium
Vadodara,22.3072,73.1812,4.705556,Low
Madurai,9.9252,78.1198,22.92853,Low
Mysuru,12.2958,76.6394,19.515923,Low
Kanchipuram,12.8342,79.7036,38.805763,Low
Pune,18.5204,73.8567,96.624146,Critical
Chennai,13.0827,80.2707,11.761122,Low
Lucknow,26.8467,80.9462,23.844618,Low
Ahmedabad,23.0225,72.5714,61.35934,Medium
Ahmedabad,23.0225,72.5714,18.928185,Low
Tumakuru,13.3409,77.101,12.588498,Low
Madurai,9.9252,78.1198,25.490082,Low
Bengaluru Urban,12.9716,77.5946,95.283676,Critical
Balasore,21.4942,86.9317,86.02059,Critical
Raigad,18.5158,73.1822,3.7756424,Low
Gandhinagar,23.2156,72.6369,65.12511,High
Rajkot,22.3039,70.8022,28.526062,Low
Meerut,28.9845,77.7064,53.378384,Medium
Vadodara,22.3072,73.1812,74.06886,High
Madurai,9.9252,78.1198,22.003967,Low
Bengaluru Urban,12.9716,77.5946,32.015884,Low
Belagavi,15.8497,74.4977,49.38539,Medium
Pune,18.5204,73.8567,1.721035,Low
Rajkot,22.3039,70.8022,55.531555,Medium
Kanpur Nagar,26.4499,80.3319,68.695724,High
Nagpur,21.1458,79.0882,9.353547,Low
Rajkot,22.3039,70.8022,61.767525,Medium
Nagpur,21.1458,79.0882,71.15549,High
Agra,27.1767,78.0081,7.400696,Low
Sundargarh,22.1167,84.0333,28.165504,Low
Surat,21.1702,72.8311,8.02392,Low
Aurangabad,19.8762,75.3433,63.941586,Medium
Nashik,19.9975,73.7898,77.729256,High
Vadodara,22.3072,73.1812,30.874384,Low
Gandhinagar,23.2156,72.6369,52.768993,Medium
Surat,21.1702,72.8311,78.53902,High
Puri,19.8135,85.8312,2.8272405,Low
Meerut,28.9845,77.7064,14.68389,Low
Madurai,9.9252,78.1198,12.875049,Low
Gautam Buddha Nagar,28.5355,77.391,48.6077,Medium
Surat,21.1702,72.8311,83.56717,Critical
Meerut,28.9845,77.7064,8.910792,Low
Gandhinagar,23.2156,72.6369,41.508472,Low
Aurangabad,19.8762,75.3433,90.302216,Critical
Coimbatore,11.0168,76.9558,27.572485,Low
Raigad,18.5158,73.1822,37.268333,Low
Puri,19.8135,85.8312,78.88664,High
Aurangabad,19.8762,75.3433,54.909126,Medium
Meerut,28.9845,77.7064,37.816032,Low
Nagpur,21.1458,79.0882,17.577848,Low
Kutch,23.7337,69.8597,71.96029,High
Rajkot,22.3039,70.8022,16.49452,Low
Tiruchirappalli,10.7905,78.7047,27.784231,Low
Belagavi,15.8497,74.4977,41.999992,Low
Coimbatore,11.0168,76.9558,11.843652,Low
Aurangabad,19.8762,75.3433,74.964615,High
Mysuru,12.2958,76.6394,33.147194,Low
Surat,21.1702,72.8311,22.275288,Low
Khordha,20.1734,85.6745,51.442398,Medium
Coimbatore,11.0168,76.9558,23.709764,Low
Ganjam,19.3871,84.7919,72.07384,High
Coimbatore,11.0168,76.9558,19.85438,Low
Tumakuru,13.3409,77.101,41.989716,Low
Agra,27.1767,78.0081,7.373206,Low
Balasore,21.4942,86.9317,9.54803,Low
Rajkot,22.3039,70.8022,7.265301,Low
Salem,11.6643,78.146,65.51101,High
Mangaluru,12.9141,74.856,81.05448,Critical
Agra,27.1767,78.0081,8.41964,Low
Kanpur Nagar,26.4499,80.3319,8.307057,Low
Meerut,28.9845,77.7064,58.913918,Medium
Gandhinagar,23.2156,72.6369,12.850961,Low
Gautam Buddha Nagar,28.5355,77.391,93.48809,Critical
Mysuru,12.2958,76.6394,46.8975,Medium
Rajkot,22.3039,70.8022,21.912354,Low
Tumakuru,13.3409,77.101,10.295178,Low
Nagpur,21.1458,79.0882,61.43305,Medium
Vadodara,22.3072,73.1812,8.363306,Low
Gautam Buddha Nagar,28.5355,77.391,11.672374,Low
Coimbatore,11.0168,76.9558,80.32275,Critical
Kanpur Nagar,26.4499,80.3319,48.23402,Medium
Gautam Buddha Nagar,28.5355,77.391,81.327126,Critical
Meerut,28.9845,77.7064,10.700456,Low
Tumakuru,13.3409,77.101,47.343952,Medium
Kanpur Nagar,26.4499,80.3319,50.652134,Medium
Cuttack,20.4625,85.883,10.306511,Low
Belagavi,15.8497,74.4977,37.46495,Low
Dharwad,15.4589,75.0078,44.383656,Low
Meerut,28.9845,77.7064,80.31353,Critical
Gautam Buddha Nagar,28.5355,77.391,33.001152,Low
Gandhinagar,23.2156,72.6369,89.59311,Critical
Lucknow,26.8467,80.9462,27.173714,Low
Puri,19.8135,85.8312,20.29192,Low
Pune,18.5204,73.8567,26.158205,Low
Kutch,23.7337,69.8597,78.44939,High
Varanasi,25.3176,82.9739,21.7964,Low
Kutch,23.7337,69.8597,36.286186,Low
Varanasi,25.3176,82.9739,6.7964306,Low
Khordha,20.1734,85.6745,30.71472,Low
Agra,27.1767,78.0081,77.20026,High
Madurai,9.9252,78.1198,89.0119,Critical
Khordha,20.1734,85.6745,13.530148,Low
Meerut,28.9845,77.7064,73.51814,High
Meerut,28.9845,77.7064,80.75172,Critical
Thane,19.2183,72.9781,32.137882,Low
Varanasi,25.3176,82.9739,11.127569,Low
Kanpur Nagar,26.4499,80.3319,96.97538,Critical
Tiruchirappalli,10.7905,78.7047,72.12294,High
Khordha,20.1734,85.6745,85.13988,Critical
Varanasi,25.3176,82.9739,83.70182,Critical
Gandhinagar,23.2156,72.6369,16.060154,Low
Aurangabad,19.8762,75.3433,8.609428,Low
Salem,11.6643,78.146,25.790728,Low
Meerut,28.9845,77.7064,80.17057,Critical
Dharwad,15.4589,75.0078,13.941669,Low
Tumakuru,13.3409,77.101,50.77308,Medium
Agra,27.1767,78.0081,95.08123,Critical
Kanpur Nagar,26.4499,80.3319,9.944468,Low
Raigad,18.5158,73.1822,40.650673,Low
Coimbatore,11.0168,76.9558,87.17468,Critical
Surat,21.1702,72.8311,42.919205,Low
Sundargarh,22.1167,84.0333,96.732124,Critical
Belagavi,15.8497,74.4977,28.34291,Low
Tumakuru,13.3409,77.101,93.77808,Critical
Rajkot,22.3039,70.8022,12.277843,Low
Ahmedabad,23.0225,72.5714,10.466136,Low
Mysuru,12.2958,76.6394,62.176186,Medium
Raigad,18.5158,73.1822,14.562911,Low
Salem,11.6643,78.146,18.54432,Low
Meerut,28.9845,77.7064,70.847305,High
Lucknow,26.8467,80.9462,16.981068,Low
Mysuru,12.2958,76.6394,2.549838,Low
Raigad,18.5158,73.1822,25.485785,Low
Meerut,28.9845,77.7064,86.32292,Critical
Meerut,28.9845,77.7064,23.59845,Low
Surat,21.1702,72.8311,27.161587,Low
Belagavi,15.8497,74.4977,79.00591,High
Agra,27.1767,78.0081,39.22947,Low
Meerut,28.9845,77.7064,56.694244,Medium
Kutch,23.7337,69.8597,90.78114,Critical
Madurai,9.9252,78.1198,29.899818,Low
Nagpur,21.1458,79.0882,9.372415,Low
Kanchipuram,12.8342,79.7036,64.58561,Medium
Madurai,9.9252,78.1198,67.88378,High
Nashik,19.9975,73.7898,28.911364,Low
Dharwad,15.4589,75.0078,94.43883,Critical
Ganjam,19.3871,84.7919,14.945611,Low
Ahmedabad,23.0225,72.5714,84.6031,Critical
Raigad,18.5158,73.1822,57.10108,Medium
Tumakuru,13.3409,77.101,98.029175,Critical
Bengaluru Urban,12.9716,77.5946,40.383747,Low
Mysuru,12.2958,76.6394,85.557274,Critical
Madurai,9.9252,78.1198,24.867012,Low
Gandhinagar,23.2156,72.6369,59.901672,Medium
Dharwad,15.4589,75.0078,56.005352,Medium
Chennai,13.0827,80.2707,69.01661,High
Agra,27.1767,78.0081,72.194214,High
Lucknow,26.8467,80.9462,33.90511,Low
Nagpur,21.1458,79.0882,28.10012,Low
Tiruchirappalli,10.7905,78.7047,35.469517,Low
Aurangabad,19.8762,75.3433,4.057849,Low
Bengaluru Urban,12.9716,77.5946,16.045887,Low
Varanasi,25.3176,82.9739,85.006165,Critical
Nashik,19.9975,73.7898,9.86329,Low
Puri,19.8135,85.8312,89.077896,Critical
Kanpur Nagar,26.4499,80.3319,75.420456,High
Coimbatore,11.0168,76.9558,65.34091,High
Kanpur Nagar,26.4499,80.3319,89.858795,Critical
Madurai,9.9252,78.1198,70.014755,High
Gautam Buddha Nagar,28.5355,77.391,32.38975,Low
Tiruchirappalli,10.7905,78.7047,8.715278,Low
Ganjam,19.3871,84.7919,86.75327,Critical
Varanasi,25.3176,82.9739,8.559134,Low
Kanpur Nagar,26.4499,80.3319,10.853304,Low
Gautam Buddha Nagar,28.5355,77.391,8.830086,Low
Puri,19.8135,85.8312,93.80536,Critical
Tumakuru,13.3409,77.101,28.177372,Low
Aurangabad,19.8762,75.3433,27.163815,Low
Vadodara,22.3072,73.1812,79.93707,High
Balasore,21.4942,86.9317,89.927826,Critical
Surat,21.1702,72.8311,66.31078,High
Sundargarh,22.1167,84.0333,15.632783,Low
Surat,21.1702,72.8311,5.1869087,Low
Dharwad,15.4589,75.0078,90.019714,Critical
Chennai,13.0827,80.2707,17.995068,Low
Aurangabad,19.8762,75.3433,97.12974,Critical
Gautam Buddha Nagar,28.5355,77.391,21.73651,Low
Meerut,28.9845,77.7064,77.088776,High
Kutch,23.7337,69.8597,25.237381,Low
Thane,19.2183,72.9781,31.615166,Low
Kanchipuram,12.8342,79.7036,19.130663,Low
Balasore,21.4942,86.9317,79.98519,High
Ahmedabad,23.0225,72.5714,36.55419,Low
Belagavi,15.8497,74.4977,37.86829,Low
Nashik,19.9975,73.7898,53.012978,Medium
Mangaluru,12.9141,74.856,69.7528,High
Meerut,28.9845,77.7064,9.688664,Low
Ganjam,19.3871,84.7919,5.8142967,Low
Madurai,9.9252,78.1198,15.912308,Low
Mysuru,12.2958,76.6394,31.965212,Low
Chennai,13.0827,80.2707,16.448267,Low
Pune,18.5204,73.8567,25.99884,Low
Mangaluru,12.9141,74.856,15.611569,Low
Rajkot,22.3039,70.8022,14.11541,Low
Puri,19.8135,85.8312,21.827845,Low
Agra,27.1767,78.0081,77.1216,High
Lucknow,26.8467,80.9462,33.150433,Low
Rajkot,22.3039,70.8022,23.038948,Low
Agra,27.1767,78.0081,84.44434,Critical
Belagavi,15.8497,74.4977,77.21423,High
Bengaluru Urban,12.9716,77.5946,24.979656,Low
Kanchipuram,12.8342,79.7036,6.377835,Low
Gautam Buddha Nagar,28.5355,77.391,74.8481,High
Madurai,9.9252,78.1198,53.938145,Medium
Agra,27.1767,78.0081,16.157991,Low
Gandhinagar,23.2156,72.6369,30.590588,Low
Dharwad,15.4589,75.0078,62.615543,Medium
Lucknow,26.8467,80.9462,49.123554,Medium
Agra,27.1767,78.0081,6.0609145,Low
Varanasi,25.3176,82.9739,79.96133,High
Vadodara,22.3072,73.1812,80.7231,Critical
Bengaluru Urban,12.9716,77.5946,32.32935,Low
Lucknow,26.8467,80.9462,28.626438,Low
Varanasi,25.3176,82.9739,35.932713,Low
Surat,21.1702,72.8311,71.8943,High
Varanasi,25.3176,82.9739,98.67201,Critical
Bengaluru Urban,12.9716,77.5946,20.32856,Low
Tiruchirappalli,10.7905,78.7047,10.58516,Low
Mysuru,12.2958,76.6394,10.487995,Low
Salem,11.6643,78.146,5.3093867,Low
Kutch,23.7337,69.8597,81.118904,Critical
Tumakuru,13.3409,77.101,9.065945,Low
Gautam Buddha Nagar,28.5355,77.391,18.50439,Low
Gautam Buddha Nagar,28.5355,77.391,14.413439,Low
Puri,19.8135,85.8312,89.709,Critical
Gautam Buddha Nagar,28.5355,77.391,94.833565,Critical
Kanchipuram,12.8342,79.7036,38.479202,Low
Ganjam,19.3871,84.7919,58.642693,Medium
Kanchipuram,12.8342,79.7036,28.868025,Low
Raigad,18.5158,73.1822,16.713573,Low
Rajkot,22.3039,70.8022,26.602036,Low
Mysuru,12.2958,76.6394,12.814315,Low
Nashik,19.9975,73.7898,8.800291,Low
Surat,21.1702,72.8311,8.447595,Low
Ganjam,19.3871,84.7919,28.525335,Low
Madurai,9.9252,78.1198,8.886571,Low
Tumakuru,13.3409,77.101,12.047231,Low
Kanpur Nagar,26.4499,80.3319,64.43503,Medium
Vadodara,22.3072,73.1812,16.900822,Low
Puri,19.8135,85.8312,47.99948,Medium
Lucknow,26.8467,80.9462,30.685791,Low
Ahmedabad,23.0225,72.5714,8.8821125,Low
Pune,18.5204,73.8567,88.55687,Critical
Agra,27.1767,78.0081,73.41754,High
Kutch,23.7337,69.8597,78.23819,High
Lucknow,26.8467,80.9462,55.632805,Medium
Sundargarh,22.1167,84.0333,12.491521,Low
Lucknow,26.8467,80.9462,9.492836,Low
Mysuru,12.2958,76.6394,74.7143,High
Gautam Buddha Nagar,28.5355,77.391,52.084476,Medium
Salem,11.6643,78.146,94.00365,Critical
Varanasi,25.3176,82.9739,74.3623,High
Vadodara,22.3072,73.1812,28.816029,Low
Thane,19.2183,72.9781,38.868786,Low
Agra,27.1767,78.0081,83.45143,Critical
Surat,21.1702,72.8311,6.6371584,Low
Belagavi,15.8497,74.4977,35.78883,Low
Salem,11.6643,78.146,35.645973,Low
Pune,18.5204,73.8567,82.29481,Critical
Agra,27.1767,78.0081,58.33469,Medium
Tumakuru,13.3409,77.101,50.660576,Medium
Balasore,21.4942,86.9317,5.359282,Low
Lucknow,26.8467,80.9462,13.449671,Low
Mangaluru,12.9141,74.856,79.14235,High
Rajkot,22.3039,70.8022,78.34839,High
Khordha,20.1734,85.6745,23.593594,Low
Nashik,19.9975,73.7898,79.24043,High
Kutch,23.7337,69.8597,18.4428,Low
Lucknow,26.8467,80.9462,19.57544,Low
Belagavi,15.8497,74.4977,13.144161,Low
Kanpur Nagar,26.4499,80.3319,7.853807,Low
Belagavi,15.8497,74.4977,7.3877945,Low
Bengaluru Urban,12.9716,77.5946,8.346607,Low
Tumakuru,13.3409,77.101,65.66485,High
Agra,27.1767,78.0081,31.54231,Low
Nashik,19.9975,73.7898,75.350204,High
Kutch,23.7337,69.8597,75.0442,High
Khordha,20.1734,85.6745,91.88376,Critical
Salem,11.6643,78.146,97.25672,Critical
Raigad,18.5158,73.1822,95.8681,Critical
Kanchipuram,12.8342,79.7036,64.27266,Medium
Varanasi,25.3176,82.9739,12.34626,Low
Raigad,18.5158,73.1822,77.585945,High
Agra,27.1767,78.0081,10.882871,Low
Dharwad,15.4589,75.0078,11.443374,Low
Varanasi,25.3176,82.9739,1.1314453,Low
Pune,18.5204,73.8567,15.052265,Low
Bengaluru Urban,12.9716,77.5946,19.555313,Low
Kutch,23.7337,69.8597,24.157629,Low
Lucknow,26.8467,80.9462,19.262201,Low
Agra,27.1767,78.0081,29.71087,Low
Rajkot,22.3039,70.8022,6.760339,Low
Thane,19.2183,72.9781,5.2114263,Low
Varanasi,25.3176,82.9739,58.368546,Medium
Ganjam,19.3871,84.7919,76.51079,High
Kanpur Nagar,26.4499,80.3319,80.662384,Critical
Ganjam,19.3871,84.7919,87.92181,Critical
Thane,19.2183,72.9781,20.750132,Low
Meerut,28.9845,77.7064,15.539362,Low
Varanasi,25.3176,82.9739,15.365068,Low
Varanasi,25.3176,82.9739,21.942455,Low
Kanpur Nagar,26.4499,80.3319,16.954506,Low
Raigad,18.5158,73.1822,16.619446,Low
Chennai,13.0827,80.2707,17.960081,Low
Mangaluru,12.9141,74.856,66.32193,High
Aurangabad,19.8762,75.3433,3.9702103,Low
Kutch,23.7337,69.8597,27.121904,Low
Gandhinagar,23.2156,72.6369,82.88807,Critical
Mangaluru,12.9141,74.856,33.91395,Low
Lucknow,26.8467,80.9462,82.36129,Critical
Nagpur,21.1458,79.0882,57.664227,Medium
Nagpur,21.1458,79.0882,23.917217,Low
Lucknow,26.8467,80.9462,10.902113,Low
Nagpur,21.1458,79.0882,14.260123,Low
Madurai,9.9252,78.1198,7.3093696,Low
Coimbatore,11.0168,76.9558,47.826057,Medium
Gautam Buddha Nagar,28.5355,77.391,51.78207,Medium
Rajkot,22.3039,70.8022,24.907196,Low
Aurangabad,19.8762,75.3433,55.408745,Medium
Ahmedabad,23.0225,72.5714,72.26697,High
Rajkot,22.3039,70.8022,16.86446,Low
Varanasi,25.3176,82.9739,25.00757,Low
Belagavi,15.8497,74.4977,75.33749,High
Chennai,13.0827,80.2707,32.355915,Low
Balasore,21.4942,86.9317,7.597963,Low
Khordha,20.1734,85.6745,25.537687,Low
Surat,21.1702,72.8311,5.981348,Low
Nagpur,21.1458,79.0882,32.261433,Low
Meerut,28.9845,77.7064,57.801937,Medium
Cuttack,20.4625,85.883,42.352417,Low
Kanpur Nagar,26.4499,80.3319,30.816723,Low
Mangaluru,12.9141,74.856,86.69468,Critical
Raigad,18.5158,73.1822,14.136674,Low
Nagpur,21.1458,79.0882,18.365326,Low
Pune,18.5204,73.8567,31.363552,Low
Coimbatore,11.0168,76.9558,81.20615,Critical
Kanpur Nagar,26.4499,80.3319,24.094053,Low
Lucknow,26.8467,80.9462,3.1639655,Low
Varanasi,25.3176,82.9739,19.977713,Low
Puri,19.8135,85.8312,74.19355,High
Tiruchirappalli,10.7905,78.7047,84.472176,Critical
Varanasi,25.3176,82.9739,15.676639,Low
Salem,11.6643,78.146,90.77909,Critical
Aurangabad,19.8762,75.3433,23.472422,Low
Ganjam,19.3871,84.7919,13.37111,Low
Agra,27.1767,78.0081,2.4226897,Low
Rajkot,22.3039,70.8022,72.473755,High
Sundargarh,22.1167,84.0333,62.41207,Medium
Gandhinagar,23.2156,72.6369,50.240753,Medium
Agra,27.1767,78.0081,45.82782,Medium
Tumakuru,13.3409,77.101,18.074957,Low
Kanchipuram,12.8342,79.7036,3.5088685,Low
Kutch,23.7337,69.8597,23.30388,Low
Sundargarh,22.1167,84.0333,21.03376,Low
Bengaluru Urban,12.9716,77.5946,62.53786,Medium
Nagpur,21.1458,79.0882,36.11033,Low
Madurai,9.9252,78.1198,66.79408,High
Aurangabad,19.8762,75.3433,94.39353,Critical
Belagavi,15.8497,74.4977,12.350855,Low
Kanpur Nagar,26.4499,80.3319,40.67996,Low
Pune,18.5204,73.8567,14.882726,Low
Vadodara,22.3072,73.1812,19.224483,Low
Gandhinagar,23.2156,72.6369,5.00022,Low
Kanchipuram,12.8342,79.7036,68.51874,High
Chennai,13.0827,80.2707,40.622406,Low
Meerut,28.9845,77.7064,60.574142,Medium
Pune,18.5204,73.8567,51.61978,Medium
Nagpur,21.1458,79.0882,7.914432,Low
Kutch,23.7337,69.8597,46.701378,Medium
Gandhinagar,23.2156,72.6369,20.918299,Low
Kanchipuram,12.8342,79.7036,5.9326043,Low
Dharwad,15.4589,75.0078,19.563911,Low
Varanasi,25.3176,82.9739,5.2194495,Low
Rajkot,22.3039,70.8022,29.246319,Low
Sundargarh,22.1167,84.0333,9.910387,Low
Rajkot,22.3039,70.8022,26.915234,Low
Lucknow,26.8467,80.9462,26.691833,Low
Raigad,18.5158,73.1822,17.766628,Low
Nashik,19.9975,73.7898,38.452374,Low
Varanasi,25.3176,82.9739,16.73692,Low
Belagavi,15.8497,74.4977,52.9612,Medium
Thane,19.2183,72.9781,40.778503,Low
Sundargarh,22.1167,84.0333,28.664217,Low
Ahmedabad,23.0225,72.5714,19.284029,Low
Coimbatore,11.0168,76.9558,27.760952,Low
Agra,27.1767,78.0081,72.01367,High
Agra,27.1767,78.0081,17.612503,Low
Raigad,18.5158,73.1822,13.990929,Low
Kutch,23.7337,69.8597,11.9982815,Low
Aurangabad,19.8762,75.3433,11.932183,Low
Tumakuru,13.3409,77.101,21.208532,Low
Pune,18.5204,73.8567,88.685,Critical
Kanpur Nagar,26.4499,80.3319,66.723724,High
Raigad,18.5158,73.1822,5.4792633,Low
Tumakuru,13.3409,77.101,8.069131,Low
Tiruchirappalli,10.7905,78.7047,9.776407,Low
Mangaluru,12.9141,74.856,92.32538,Critical
Rajkot,22.3039,70.8022,81.79531,Critical
Mysuru,12.2958,76.6394,94.338104,Critical
Khordha,20.1734,85.6745,60.436867,Medium
Kanpur Nagar,26.4499,80.3319,11.302364,Low
Rajkot,22.3039,70.8022,93.52384,Critical
Bengaluru Urban,12.9716,77.5946,4.8990173,Low
Pune,18.5204,73.8567,30.333677,Low
Ganjam,19.3871,84.7919,80.13572,Critical
Surat,21.1702,72.8311,72.301315,High
Surat,21.1702,72.8311,29.50972,Low
Varanasi,25.3176,82.9739,16.667894,Low
Puri,19.8135,85.8312,49.168648,Medium
Kanchipuram,12.8342,79.7036,89.32191,Critical
Kanpur Nagar,26.4499,80.3319,63.595547,Medium
Nashik,19.9975,73.7898,50.509293,Medium
Lucknow,26.8467,80.9462,27.392113,Low
Meerut,28.9845,77.7064,19.749416,Low
Salem,11.6643,78.146,39.980934,Low
Kutch,23.7337,69.8597,62.187992,Medium
Nashik,19.9975,73.7898,70.36871,High
Pune,18.5204,73.8567,19.367853,Low
Kanchipuram,12.8342,79.7036,10.444953,Low
Nagpur,21.1458,79.0882,82.258316,Critical
Mangaluru,12.9141,74.856,16.96606,Low
Aurangabad,19.8762,75.3433,57.95058,Medium
Lucknow,26.8467,80.9462,3.4172919,Low
Balasore,21.4942,86.9317,7.974743,Low
Gautam Buddha Nagar,28.5355,77.391,16.96375,Low
Puri,19.8135,85.8312,48.099552,Medium
Nashik,19.9975,73.7898,8.156216,Low
Dharwad,15.4589,75.0078,23.444397,Low
Dharwad,15.4589,75.0078,9.359929,Low
Dharwad,15.4589,75.0078,73.21765,High
Agra,27.1767,78.0081,36.15932,Low
Belagavi,15.8497,74.4977,56.66098,Medium
Chennai,13.0827,80.2707,53.817833,Medium
Aurangabad,19.8762,75.3433,74.471695,High
Pune,18.5204,73.8567,42.80876,Low
Bengaluru Urban,12.9716,77.5946,6.6781225,Low
Kanpur Nagar,26.4499,80.3319,24.728333,Low
Khordha,20.1734,85.6745,38.297375,Low
Belagavi,15.8497,74.4977,22.69004,Low
Gautam Buddha Nagar,28.5355,77.391,79.94454,High
Ahmedabad,23.0225,72.5714,80.299286,Critical
Kutch,23.7337,69.8597,4.744667,Low
Nagpur,21.1458,79.0882,26.054405,Low
Kanchipuram,12.8342,79.7036,60.515564,Medium
Agra,27.1767,78.0081,29.092289,Low
Aurangabad,19.8762,75.3433,27.970675,Low
Mangaluru,12.9141,74.856,14.664041,Low
Gautam Buddha Nagar,28.5355,77.391,85.7051,Critical
Mysuru,12.2958,76.6394,22.914375,Low
Varanasi,25.3176,82.9739,36.74032,Low
Kutch,23.7337,69.8597,7.3004193,Low
Lucknow,26.8467,80.9462,16.729998,Low
Cuttack,20.4625,85.883,12.720765,Low
Tumakuru,13.3409,77.101,25.322634,Low
Mysuru,12.2958,76.6394,41.08324,Low
Coimbatore,11.0168,76.9558,13.029464,Low
Khordha,20.1734,85.6745,70.892265,High
Belagavi,15.8497,74.4977,32.986015,Low
Gandhinagar,23.2156,72.6369,18.01038,Low
Chennai,13.0827,80.2707,7.207138,Low
Sundargarh,22.1167,84.0333,17.429644,Low
Salem,11.6643,78.146,65.06817,High
Varanasi,25.3176,82.9739,50.741978,Medium
Kutch,23.7337,69.8597,12.241375,Low
Dharwad,15.4589,75.0078,53.80712,Medium
Kanpur Nagar,26.4499,80.3319,36.00605,Low
Gautam Buddha Nagar,28.5355,77.391,91.44929,Critical
Chennai,13.0827,80.2707,23.518545,Low
Rajkot,22.3039,70.8022,18.817572,Low
Meerut,28.9845,77.7064,14.316109,Low
Nashik,19.9975,73.7898,16.872314,Low
Thane,19.2183,72.9781,17.921627,Low
Cuttack,20.4625,85.883,66.54142,High
Madurai,9.9252,78.1198,12.966906,Low
Tiruchirappalli,10.7905,78.7047,55.842747,Medium
Sundargarh,22.1167,84.0333,1.4501373,Low
Khordha,20.1734,85.6745,23.416399,Low
Raigad,18.5158,73.1822,88.327385,Critical
Kanchipuram,12.8342,79.7036,90.14417,Critical
Agra,27.1767,78.0081,53.98368,Medium
Agra,27.1767,78.0081,53.293633,Medium
Salem,11.6643,78.146,10.892389,Low
Tiruchirappalli,10.7905,78.7047,14.673037,Low
Nashik,19.9975,73.7898,13.051675,Low
Khordha,20.1734,85.6745,77.12115,High
Ahmedabad,23.0225,72.5714,28.911898,Low
Aurangabad,19.8762,75.3433,83.17659,Critical
Aurangabad,19.8762,75.3433,14.964022,Low
Kanpur Nagar,26.4499,80.3319,30.698786,Low
Ahmedabad,23.0225,72.5714,89.31946,Critical
Surat,21.1702,72.8311,27.292582,Low
Vadodara,22.3072,73.1812,13.217683,Low
Lucknow,26.8467,80.9462,28.748613,Low
Madurai,9.9252,78.1198,28.015676,Low
Sundargarh,22.1167,84.0333,8.301135,Low
Coimbatore,11.0168,76.9558,13.067725,Low
Gautam Buddha Nagar,28.5355,77.391,91.325386,Critical
Puri,19.8135,85.8312,74.527214,High
Belagavi,15.8497,74.4977,88.57406,Critical
Thane,19.2183,72.9781,83.55848,Critical
Lucknow,26.8467,80.9462,28.6328,Low
Nagpur,21.1458,79.0882,15.578127,Low
Thane,19.2183,72.9781,20.423178,Low
Surat,21.1702,72.8311,28.19031,Low
Raigad,18.5158,73.1822,18.932888,Low
Raigad,18.5158,73.1822,8.413378,Low
Khordha,20.1734,85.6745,54.79014,Medium
Meerut,28.9845,77.7064,13.521598,Low
Pune,18.5204,73.8567,20.0215,Low
Puri,19.8135,85.8312,33.214138,Low
Kanpur Nagar,26.4499,80.3319,18.363539,Low
Lucknow,26.8467,80.9462,6.280352,Low
Lucknow,26.8467,80.9462,64.948875,Medium
Gautam Buddha Nagar,28.5355,77.391,92.723045,Critical
Gandhinagar,23.2156,72.6369,15.430236,Low
Gautam Buddha Nagar,28.5355,77.391,38.358414,Low
Nashik,19.9975,73.7898,62.71518,Medium
Madurai,9.9252,78.1198,93.23789,Critical
Kanchipuram,12.8342,79.7036,18.558342,Low
Meerut,28.9845,77.7064,90.80954,Critical
Aurangabad,19.8762,75.3433,73.50969,High
Gandhinagar,23.2156,72.6369,14.396662,Low
Dharwad,15.4589,75.0078,22.988523,Low
Tumakuru,13.3409,77.101,83.93894,Critical
Gautam Buddha Nagar,28.5355,77.391,14.17054,Low
Meerut,28.9845,77.7064,9.972826,Low
Nashik,19.9975,73.7898,5.514607,Low
Madurai,9.9252,78.1198,20.180042,Low
Chennai,13.0827,80.2707,29.310465,Low
Lucknow,26.8467,80.9462,13.409177,Low
Rajkot,22.3039,70.8022,20.529974,Low
Agra,27.1767,78.0081,69.89873,High
Sundargarh,22.1167,84.0333,14.237982,Low
Coimbatore,11.0168,76.9558,39.89009,Low
Ahmedabad,23.0225,72.5714,15.928498,Low
Meerut,28.9845,77.7064,21.462646,Low
Vadodara,22.3072,73.1812,37.608604,Low
Nashik,19.9975,73.7898,54.15398,Medium
Mysuru,12.2958,76.6394,68.17029,High
Thane,19.2183,72.9781,21.569344,Low
Salem,11.6643,78.146,92.54501,Critical
Nashik,19.9975,73.7898,19.740286,Low
Meerut,28.9845,77.7064,27.788326,Low
Raigad,18.5158,73.1822,30.802769,Low
Lucknow,26.8467,80.9462,3.201703,Low
Thane,19.2183,72.9781,74.82555,High
Ganjam,19.3871,84.7919,27.136204,Low
Agra,27.1767,78.0081,23.728275,Low
Gautam Buddha Nagar,28.5355,77.391,37.604443,Low
Gautam Buddha Nagar,28.5355,77.391,14.1250925,Low
Kanpur Nagar,26.4499,80.3319,22.714237,Low
Kanchipuram,12.8342,79.7036,21.727327,Low
Chennai,13.0827,80.2707,47.326855,Medium
Varanasi,25.3176,82.9739,81.23863,Critical
Tumakuru,13.3409,77.101,29.094759,Low
Mysuru,12.2958,76.6394,40.459198,Low
Salem,11.6643,78.146,76.377716,High
Raigad,18.5158,73.1822,70.466805,High
Nagpur,21.1458,79.0882,95.3447,Critical
Ahmedabad,23.0225,72.5714,19.350533,Low
Madurai,9.9252,78.1198,8.621162,Low
Mysuru,12.2958,76.6394,37.691967,Low
Gandhinagar,23.2156,72.6369,25.13655,Low
Thane,19.2183,72.9781,40.849174,Low
Bengaluru Urban,12.9716,77.5946,17.868542,Low
Madurai,9.9252,78.1198,11.631738,Low
Aurangabad,19.8762,75.3433,15.041466,Low
Puri,19.8135,85.8312,19.72227,Low
Thane,19.2183,72.9781,92.56411,Critical
Surat,21.1702,72.8311,4.569163,Low
Surat,21.1702,72.8311,34.62005,Low
Bengaluru Urban,12.9716,77.5946,12.117204,Low
Chennai,13.0827,80.2707,17.503557,Low
Ahmedabad,23.0225,72.5714,15.232264,Low
Thane,19.2183,72.9781,15.975867,Low
Pune,18.5204,73.8567,55.65888,Medium
Varanasi,25.3176,82.9739,11.030773,Low
Raigad,18.5158,73.1822,12.160592,Low
Kanpur Nagar,26.4499,80.3319,35.1564,Low
Thane,19.2183,72.9781,78.75342,High
Gautam Buddha Nagar,28.5355,77.391,67.10961,High
Nashik,19.9975,73.7898,26.555029,Low
Mangaluru,12.9141,74.856,14.533899,Low
Nashik,19.9975,73.7898,56.093605,Medium
Balasore,21.4942,86.9317,43.95796,Low
Tiruchirappalli,10.7905,78.7047,16.595879,Low
Surat,21.1702,72.8311,47.428658,Medium
Gautam Buddha Nagar,28.5355,77.391,65.58965,High
Pune,18.5204,73.8567,22.752623,Low
Cuttack,20.4625,85.883,48.7955,Medium
Surat,21.1702,72.8311,6.050068,Low
Varanasi,25.3176,82.9739,56.266357,Medium
Rajkot,22.3039,70.8022,47.35168,Medium
Vadodara,22.3072,73.1812,9.891355,Low
Aurangabad,19.8762,75.3433,42.705364,Low
Balasore,21.4942,86.9317,16.563913,Low
Kanpur Nagar,26.4499,80.3319,26.937103,Low
Raigad,18.5158,73.1822,11.4253435,Low
Tumakuru,13.3409,77.101,27.263025,Low
Aurangabad,19.8762,75.3433,16.243341,Low
Puri,19.8135,85.8312,21.269773,Low
Nagpur,21.1458,79.0882,13.048884,Low
Pune,18.5204,73.8567,75.86977,High
Chennai,13.0827,80.2707,17.648464,Low
Raigad,18.5158,73.1822,65.66674,High
Lucknow,26.8467,80.9462,78.65723,High
Kanchipuram,12.8342,79.7036,8.914923,Low
Belagavi,15.8497,74.4977,65.60902,High
Puri,19.8135,85.8312,19.451172,Low
Meerut,28.9845,77.7064,54.114765,Medium
Meerut,28.9845,77.7064,48.156235,Medium
Ganjam,19.3871,84.7919,41.873913,Low
Agra,27.1767,78.0081,20.540411,Low
Lucknow,26.8467,80.9462,30.469236,Low
Bengaluru Urban,12.9716,77.5946,61.02936,Medium
Raigad,18.5158,73.1822,25.915892,Low
Meerut,28.9845,77.7064,26.962597,Low
Varanasi,25.3176,82.9739,13.53479,Low
Ahmedabad,23.0225,72.5714,92.290504,Critical
Balasore,21.4942,86.9317,20.651081,Low
Coimbatore,11.0168,76.9558,75.813065,High
Varanasi,25.3176,82.9739,34.756996,Low
Varanasi,25.3176,82.9739,42.49438,Low
Ahmedabad,23.0225,72.5714,26.233942,Low
Pune,18.5204,73.8567,59.273453,Medium
Ahmedabad,23.0225,72.5714,84.18501,Critical
Kanchipuram,12.8342,79.7036,18.3692,Low
Kutch,23.7337,69.8597,28.852398,Low
Nashik,19.9975,73.7898,18.677279,Low
Madurai,9.9252,78.1198,50.412483,Medium
Agra,27.1767,78.0081,80.0243,Critical
Madurai,9.9252,78.1198,37.89603,Low
Rajkot,22.3039,70.8022,12.824878,Low
Vadodara,22.3072,73.1812,43.166126,Low
Salem,11.6643,78.146,19.104082,Low
Vadodara,22.3072,73.1812,17.79326,Low
Rajkot,22.3039,70.8022,15.814882,Low
Raigad,18.5158,73.1822,80.51525,Critical
Cuttack,20.4625,85.883,32.366226,Low
Ahmedabad,23.0225,72.5714,18.877155,Low
Varanasi,25.3176,82.9739,39.207233,Low
Bengaluru Urban,12.9716,77.5946,12.276246,Low
Cuttack,20.4625,85.883,16.4717,Low
Aurangabad,19.8762,75.3433,70.20743,High
Agra,27.1767,78.0081,16.711018,Low
Rajkot,22.3039,70.8022,12.39838,Low
Kanpur Nagar,26.4499,80.3319,18.42118,Low
Gautam Buddha Nagar,28.5355,77.391,87.279106,Critical
Vadodara,22.3072,73.1812,37.542114,Low
Gautam Buddha Nagar,28.5355,77.391,79.172554,High
Nashik,19.9975,73.7898,84.461235,Critical
Cuttack,20.4625,85.883,32.382534,Low
Raigad,18.5158,73.1822,17.931025,Low
Coimbatore,11.0168,76.9558,8.774207,Low
Coimbatore,11.0168,76.9558,35.942905,Low
Khordha,20.1734,85.6745,18.730059,Low
Chennai,13.0827,80.2707,79.14395,High
Coimbatore,11.0168,76.9558,40.500435,Low
Nagpur,21.1458,79.0882,17.18245,Low
Belagavi,15.8497,74.4977,31.202135,Low
Meerut,28.9845,77.7064,13.525024,Low
Ganjam,19.3871,84.7919,13.01094,Low
Kutch,23.7337,69.8597,74.0946,High
Meerut,28.9845,77.7064,84.202995,Critical
Nashik,19.9975,73.7898,36.91145,Low
Madurai,9.9252,78.1198,77.42224,High
Thane,19.2183,72.9781,24.633282,Low
Lucknow,26.8467,80.9462,8.914124,Low
Varanasi,25.3176,82.9739,44.184612,Low
Kutch,23.7337,69.8597,82.16946,Critical
Mysuru,12.2958,76.6394,83.82017,Critical
Belagavi,15.8497,74.4977,86.00189,Critical
Kutch,23.7337,69.8597,18.936155,Low
Varanasi,25.3176,82.9739,38.147266,Low
Agra,27.1767,78.0081,65.224724,High
Surat,21.1702,72.8311,54.054344,Medium
Mysuru,12.2958,76.6394,67.83824,High
Mysuru,12.2958,76.6394,25.578451,Low
Aurangabad,19.8762,75.3433,83.78087,Critical
Sundargarh,22.1167,84.0333,9.951425,Low
Surat,21.1702,72.8311,94.82503,Critical
Rajkot,22.3039,70.8022,30.21662,Low
Gandhinagar,23.2156,72.6369,23.62766,Low
Khordha,20.1734,85.6745,77.02089,High
Ahmedabad,23.0225,72.5714,73.61149,High
Kanchipuram,12.8342,79.7036,19.621584,Low
Aurangabad,19.8762,75.3433,16.31583,Low
Varanasi,25.3176,82.9739,21.933357,Low
Meerut,28.9845,77.7064,9.783756,Low
Rajkot,22.3039,70.8022,33.22677,Low
Rajkot,22.3039,70.8022,68.132324,High
Surat,21.1702,72.8311,68.538734,High
Belagavi,15.8497,74.4977,30.88717,Low
Aurangabad,19.8762,75.3433,17.927603,Low
Cuttack,20.4625,85.883,17.689747,Low
Belagavi,15.8497,74.4977,15.735777,Low
Aurangabad,19.8762,75.3433,24.238731,Low
Pune,18.5204,73.8567,60.62454,Medium
Gautam Buddha Nagar,28.5355,77.391,84.78216,Critical
Thane,19.2183,72.9781,5.0969057,Low
Dharwad,15.4589,75.0078,9.754463,Low
Salem,11.6643,78.146,10.901145,Low
Puri,19.8135,85.8312,14.605667,Low
Raigad,18.5158,73.1822,90.02313,Critical
Puri,19.8135,85.8312,43.79771,Low
Mysuru,12.2958,76.6394,86.42934,Critical
Pune,18.5204,73.8567,48.95897,Medium
Mangaluru,12.9141,74.856,90.02536,Critical
Kanpur Nagar,26.4499,80.3319,19.862791,Low
Agra,27.1767,78.0081,93.59885,Critical
Lucknow,26.8467,80.9462,71.525696,High
Gautam Buddha Nagar,28.5355,77.391,12.86701,Low
Chennai,13.0827,80.2707,8.3210335,Low
Pune,18.5204,73.8567,34.133923,Low
Thane,19.2183,72.9781,83.23719,Critical
Nagpur,21.1458,79.0882,61.217922,Medium
Pune,18.5204,73.8567,16.53976,Low
Nagpur,21.1458,79.0882,21.438217,Low
Kanpur Nagar,26.4499,80.3319,82.4437,Critical
Puri,19.8135,85.8312,82.67771,Critical
Gautam Buddha Nagar,28.5355,77.391,15.097183,Low
Belagavi,15.8497,74.4977,11.104239,Low
Agra,27.1767,78.0081,27.209633,Low
Mysuru,12.2958,76.6394,15.352462,Low
Belagavi,15.8497,74.4977,26.206001,Low
Meerut,28.9845,77.7064,80.842384,Critical
Varanasi,25.3176,82.9739,9.350671,Low
Chennai,13.0827,80.2707,94.76785,Critical
Surat,21.1702,72.8311,10.903299,Low
Sundargarh,22.1167,84.0333,14.357014,Low
Meerut,28.9845,77.7064,25.215832,Low
Raigad,18.5158,73.1822,11.057036,Low
Kutch,23.7337,69.8597,6.4780817,Low
Tiruchirappalli,10.7905,78.7047,22.208174,Low
Thane,19.2183,72.9781,12.775056,Low
Dharwad,15.4589,75.0078,18.578352,Low
Balasore,21.4942,86.9317,14.206516,Low
Kanpur Nagar,26.4499,80.3319,51.671326,Medium
Thane,19.2183,72.9781,14.677206,Low
Gautam Buddha Nagar,28.5355,77.391,10.324507,Low
Kutch,23.7337,69.8597,34.66657,Low
Khordha,20.1734,85.6745,17.911228,Low
Vadodara,22.3072,73.1812,6.4699874,Low
Nashik,19.9975,73.7898,21.771515,Low
Ganjam,19.3871,84.7919,13.006085,Low
Khordha,20.1734,85.6745,71.39294,High
Vadodara,22.3072,73.1812,88.37391,Critical
Vadodara,22.3072,73.1812,14.211026,Low
Gautam Buddha Nagar,28.5355,77.391,4.7878146,Low
Cuttack,20.4625,85.883,63.93087,Medium
Nashik,19.9975,73.7898,25.918377,Low
Raigad,18.5158,73.1822,18.077616,Low
Agra,27.1767,78.0081,24.157494,Low
Ganjam,19.3871,84.7919,17.712805,Low
Balasore,21.4942,86.9317,19.246817,Low
Aurangabad,19.8762,75.3433,77.25151,High
Kanchipuram,12.8342,79.7036,13.003759,Low
Belagavi,15.8497,74.4977,44.706585,Low
Kanpur Nagar,26.4499,80.3319,35.918316,Low
Khordha,20.1734,85.6745,8.483352,Low
Aurangabad,19.8762,75.3433,84.10829,Critical
Chennai,13.0827,80.2707,84.89141,Critical
Kanpur Nagar,26.4499,80.3319,2.9409635,Low
Thane,19.2183,72.9781,17.56907,Low
Gandhinagar,23.2156,72.6369,69.2406,High
Thane,19.2183,72.9781,75.9317,High
Puri,19.8135,85.8312,26.316505,Low
Vadodara,22.3072,73.1812,77.53117,High
Varanasi,25.3176,82.9739,26.582169,Low
Vadodara,22.3072,73.1812,46.887695,Medium
Madurai,9.9252,78.1198,78.46196,High
Tumakuru,13.3409,77.101,55.71109,Medium
Rajkot,22.3039,70.8022,9.9461155,Low
Nagpur,21.1458,79.0882,70.97242,High
Varanasi,25.3176,82.9739,49.43342,Medium
Coimbatore,11.0168,76.9558,13.391211,Low
Mysuru,12.2958,76.6394,67.01511,High
Vadodara,22.3072,73.1812,74.880585,High
Chennai,13.0827,80.2707,22.896477,Low
Varanasi,25.3176,82.9739,3.280716,Low
Balasore,21.4942,86.9317,88.28762,Critical
Meerut,28.9845,77.7064,37.917168,Low
Lucknow,26.8467,80.9462,8.332534,Low
Rajkot,22.3039,70.8022,34.618744,Low
Thane,19.2183,72.9781,95.65809,Critical
Tiruchirappalli,10.7905,78.7047,90.24846,Critical
Thane,19.2183,72.9781,3.8582366,Low
Belagavi,15.8497,74.4977,12.115027,Low
Mangaluru,12.9141,74.856,78.135414,High
Khordha,20.1734,85.6745,16.806534,Low
Madurai,9.9252,78.1198,73.172485,High
Thane,19.2183,72.9781,9.965472,Low
Thane,19.2183,72.9781,60.12905,Medium
Agra,27.1767,78.0081,61.882065,Medium
Nagpur,21.1458,79.0882,24.349031,Low
Salem,11.6643,78.146,6.918808,Low
Gandhinagar,23.2156,72.6369,93.69455,Critical
Pune,18.5204,73.8567,11.786398,Low
Varanasi,25.3176,82.9739,21.724669,Low
Kutch,23.7337,69.8597,5.558667,Low
Dharwad,15.4589,75.0078,5.8141737,Low
Raigad,18.5158,73.1822,71.83665,High
Tumakuru,13.3409,77.101,6.498937,Low
Khordha,20.1734,85.6745,44.449146,Low
Belagavi,15.8497,74.4977,76.32069,High
Nagpur,21.1458,79.0882,92.14824,Critical
Khordha,20.1734,85.6745,76.44069,High
Lucknow,26.8467,80.9462,6.7011724,Low
Raigad,18.5158,73.1822,60.51157,Medium
Belagavi,15.8497,74.4977,28.843245,Low
Cuttack,20.4625,85.883,56.19427,Medium
Varanasi,25.3176,82.9739,8.948826,Low
Madurai,9.9252,78.1198,39.756844,Low
Lucknow,26.8467,80.9462,80.44605,Critical
Ganjam,19.3871,84.7919,79.90703,High
Tiruchirappalli,10.7905,78.7047,18.083725,Low
Vadodara,22.3072,73.1812,22.09243,Low
Tumakuru,13.3409,77.101,6.346365,Low
Balasore,21.4942,86.9317,82.32936,Critical
Tumakuru,13.3409,77.101,28.780764,Low
Puri,19.8135,85.8312,75.252655,High
Puri,19.8135,85.8312,8.14655,Low
Agra,27.1767,78.0081,96.72425,Critical
Dharwad,15.4589,75.0078,52.828033,Medium
Gautam Buddha Nagar,28.5355,77.391,82.82774,Critical
Madurai,9.9252,78.1198,59.431087,Medium
Agra,27.1767,78.0081,20.446066,Low
Lucknow,26.8467,80.9462,32.078857,Low
Madurai,9.9252,78.1198,47.297836,Medium
Nashik,19.9975,73.7898,6.4296656,Low
Nashik,19.9975,73.7898,12.237142,Low
Mangaluru,12.9141,74.856,44.64591,Low
Varanasi,25.3176,82.9739,12.310891,Low
Varanasi,25.3176,82.9739,12.277375,Low
Surat,21.1702,72.8311,5.8019276,Low
Raigad,18.5158,73.1822,59.28277,Medium
Gautam Buddha Nagar,28.5355,77.391,18.96663,Low
Varanasi,25.3176,82.9739,78.84915,High
Nagpur,21.1458,79.0882,10.699767,Low
Aurangabad,19.8762,75.3433,27.558283,Low
Agra,27.1767,78.0081,66.82578,High
Cuttack,20.4625,85.883,22.696186,Low
Khordha,20.1734,85.6745,54.95757,Medium
Kanpur Nagar,26.4499,80.3319,10.957627,Low
Nashik,19.9975,73.7898,88.32973,Critical
Coimbatore,11.0168,76.9558,24.086813,Low
Ganjam,19.3871,84.7919,51.19847,Medium
Pune,18.5204,73.8567,33.509556,Low
Vadodara,22.3072,73.1812,9.929864,Low
Gautam Buddha Nagar,28.5355,77.391,20.974905,Low
Bengaluru Urban,12.9716,77.5946,33.877083,Low
Chennai,13.0827,80.2707,18.753042,Low
Coimbatore,11.0168,76.9558,23.814383,Low
Meerut,28.9845,77.7064,8.721404,Low
Nashik,19.9975,73.7898,4.7081304,Low
Meerut,28.9845,77.7064,14.58522,Low
Nagpur,21.1458,79.0882,33.113396,Low
Aurangabad,19.8762,75.3433,22.527842,Low
Khordha,20.1734,85.6745,64.32328,Medium
Gautam Buddha Nagar,28.5355,77.391,60.2336,Medium
Chennai,13.0827,80.2707,13.203269,Low
Meerut,28.9845,77.7064,20.136047,Low
Kanpur Nagar,26.4499,80.3319,86.53092,Critical
Tiruchirappalli,10.7905,78.7047,88.789505,Critical
Mangaluru,12.9141,74.856,14.684442,Low
Nagpur,21.1458,79.0882,62.475883,Medium
Balasore,21.4942,86.9317,78.32242,High
Varanasi,25.3176,82.9739,3.3940792,Low
Varanasi,25.3176,82.9739,10.055683,Low
Rajkot,22.3039,70.8022,30.285898,Low
Nashik,19.9975,73.7898,17.911688,Low
Khordha,20.1734,85.6745,48.484623,Medium
Ahmedabad,23.0225,72.5714,8.343727,Low
Kanpur Nagar,26.4499,80.3319,44.14032,Low
Kutch,23.7337,69.8597,52.210724,Medium
Tumakuru,13.3409,77.101,8.344331,Low
Pune,18.5204,73.8567,96.537125,Critical
Nagpur,21.1458,79.0882,12.680372,Low
Puri,19.8135,85.8312,96.15638,Critical
Bengaluru Urban,12.9716,77.5946,69.77618,High
Surat,21.1702,72.8311,13.606009,Low
Vadodara,22.3072,73.1812,94.23949,Critical
Salem,11.6643,78.146,5.544904,Low
Rajkot,22.3039,70.8022,97.76509,Critical
Salem,11.6643,78.146,89.55149,Critical
Nagpur,21.1458,79.0882,94.30413,Critical
Gautam Buddha Nagar,28.5355,77.391,95.64308,Critical
Thane,19.2183,72.9781,83.62335,Critical
Balasore,21.4942,86.9317,94.75298,Critical
Meerut,28.9845,77.7064,92.076096,Critical
Salem,11.6643,78.146,94.488106,Critical
Mysuru,12.2958,76.6394,96.39755,Critical
Khordha,20.1734,85.6745,9.219472,Low
Nashik,19.9975,73.7898,12.059528,Low
Agra,27.1767,78.0081,6.646375,Low
Khordha,20.1734,85.6745,4.7107687,Low
Khordha,20.1734,85.6745,95.78014,Critical
Nashik,19.9975,73.7898,97.417465,Critical
Madurai,9.9252,78.1198,93.284805,Critical
Madurai,9.9252,78.1198,8.117612,Low
Madurai,9.9252,78.1198,92.35197,Critical
Vadodara,22.3072,73.1812,95.73908,Critical
Rajkot,22.3039,70.8022,96.37695,Critical
Thane,19.2183,72.9781,90.27141,Critical
Vadodara,22.3072,73.1812,90.243225,Critical
Belagavi,15.8497,74.4977,29.102785,Low
Madurai,9.9252,78.1198,17.063908,Low
Surat,21.1702,72.8311,96.38249,Critical
Kanpur Nagar,26.4499,80.3319,86.773056,Critical
Tiruchirappalli,10.7905,78.7047,90.38507,Critical
Tumakuru,13.3409,77.101,25.399977,Low
Bengaluru Urban,12.9716,77.5946,4.8862853,Low
Khordha,20.1734,85.6745,22.132757,Low
Belagavi,15.8497,74.4977,89.70565,Critical
Surat,21.1702,72.8311,13.636391,Low
Mysuru,12.2958,76.6394,58.755135,Medium
Madurai,9.9252,78.1198,92.56942,Critical
Kanpur Nagar,26.4499,80.3319,11.787787,Low
Vadodara,22.3072,73.1812,94.0931,Critical
Cuttack,20.4625,85.883,16.092789,Low
Varanasi,25.3176,82.9739,84.68,Critical
Agra,27.1767,78.0081,97.98882,Critical
Surat,21.1702,72.8311,5.791736,Low
Nashik,19.9975,73.7898,88.9258,Critical
Nashik,19.9975,73.7898,32.518547,Low
Surat,21.1702,72.8311,10.461865,Low
Balasore,21.4942,86.9317,47.450794,Medium
Aurangabad,19.8762,75.3433,7.7894697,Low
Nashik,19.9975,73.7898,6.4719343,Low
Tiruchirappalli,10.7905,78.7047,89.540924,Critical
Meerut,28.9845,77.7064,87.71922,Critical
Meerut,28.9845,77.7064,83.34095,Critical
Varanasi,25.3176,82.9739,93.84637,Critical
Ahmedabad,23.0225,72.5714,94.35688,Critical
Ahmedabad,23.0225,72.5714,8.14044,Low
Thane,19.2183,72.9781,91.9358,Critical
Surat,21.1702,72.8311,93.58522,Critical
Nagpur,21.1458,79.0882,95.9947,Critical
Aurangabad,19.8762,75.3433,3.837451,Low
Cuttack,20.4625,85.883,27.621511,Low
Varanasi,25.3176,82.9739,94.21657,Critical
Thane,19.2183,72.9781,10.36329,Low
Varanasi,25.3176,82.9739,28.871355,Low
Salem,11.6643,78.146,96.39487,Critical
Tiruchirappalli,10.7905,78.7047,84.62338,Critical
Puri,19.8135,85.8312,92.971695,Critical
Agra,27.1767,78.0081,93.36056,Critical
Thane,19.2183,72.9781,7.807079,Low
Nashik,19.9975,73.7898,16.87886,Low
Aurangabad,19.8762,75.3433,17.521074,Low
Lucknow,26.8467,80.9462,77.05171,High
Gandhinagar,23.2156,72.6369,40.004852,Low
Mangaluru,12.9141,74.856,6.247499,Low
Pune,18.5204,73.8567,4.024964,Low
Madurai,9.9252,78.1198,7.608897,Low
Aurangabad,19.8762,75.3433,11.43503,Low
Agra,27.1767,78.0081,11.691596,Low
Kutch,23.7337,69.8597,92.98203,Critical
Nashik,19.9975,73.7898,12.040077,Low
Tiruchirappalli,10.7905,78.7047,94.004845,Critical
Khordha,20.1734,85.6745,93.994835,Critical
Belagavi,15.8497,74.4977,69.71305,High
Balasore,21.4942,86.9317,12.761076,Low
Ahmedabad,23.0225,72.5714,7.6862864,Low
Tumakuru,13.3409,77.101,7.5235686,Low
Agra,27.1767,78.0081,94.40208,Critical
Belagavi,15.8497,74.4977,7.915727,Low
Lucknow,26.8467,80.9462,12.931043,Low
Mangaluru,12.9141,74.856,96.18014,Critical
Balasore,21.4942,86.9317,86.02115,Critical
Nagpur,21.1458,79.0882,97.39303,Critical
Tumakuru,13.3409,77.101,5.135014,Low
Aurangabad,19.8762,75.3433,32.288918,Low
Thane,19.2183,72.9781,4.873343,Low
Mysuru,12.2958,76.6394,5.3704357,Low
Rajkot,22.3039,70.8022,83.338264,Critical
Chennai,13.0827,80.2707,10.066301,Low
Kutch,23.7337,69.8597,12.96064,Low
Salem,11.6643,78.146,16.790565,Low
Tiruchirappalli,10.7905,78.7047,96.4185,Critical
Sundargarh,22.1167,84.0333,22.3981,Low
Kanpur Nagar,26.4499,80.3319,9.802222,Low
Gandhinagar,23.2156,72.6369,76.013626,High
Chennai,13.0827,80.2707,6.3017077,Low
Nagpur,21.1458,79.0882,91.1694,Critical
Surat,21.1702,72.8311,97.59355,Critical
Rajkot,22.3039,70.8022,4.003038,Low
Ahmedabad,23.0225,72.5714,85.058846,Critical
Rajkot,22.3039,70.8022,7.8433537,Low
Bengaluru Urban,12.9716,77.5946,70.94263,High
Aurangabad,19.8762,75.3433,81.41095,Critical
Lucknow,26.8467,80.9462,5.9068127,Low
Surat,21.1702,72.8311,69.24558,High
Mangaluru,12.9141,74.856,97.33709,Critical
Nashik,19.9975,73.7898,91.00344,Critical
Salem,11.6643,78.146,97.46085,Critical
Mangaluru,12.9141,74.856,7.4565744,Low
Ahmedabad,23.0225,72.5714,61.968525,Medium
Thane,19.2183,72.9781,6.0819197,Low
Vadodara,22.3072,73.1812,2.5547812,Low
Pune,18.5204,73.8567,4.9401226,Low
Meerut,28.9845,77.7064,14.594531,Low
Thane,19.2183,72.9781,2.8856256,Low
Tiruchirappalli,10.7905,78.7047,96.52155,Critical
Aurangabad,19.8762,75.3433,96.64737,Critical
Vadodara,22.3072,73.1812,98.609436,Critical
Dharwad,15.4589,75.0078,98.462906,Critical
Vadodara,22.3072,73.1812,11.829164,Low
Balasore,21.4942,86.9317,42.1604,Low
Nashik,19.9975,73.7898,4.1951675,Low
Chennai,13.0827,80.2707,5.1000953,Low
Varanasi,25.3176,82.9739,89.97856,Critical
Balasore,21.4942,86.9317,11.319847,Low
Balasore,21.4942,86.9317,5.1742325,Low
Sundargarh,22.1167,84.0333,91.09828,Critical
Kanpur Nagar,26.4499,80.3319,10.449281,Low
Lucknow,26.8467,80.9462,60.59176,Medium
Chennai,13.0827,80.2707,96.09339,Critical
Ganjam,19.3871,84.7919,90.390236,Critical
Gautam Buddha Nagar,28.5355,77.391,97.42089,Critical
Coimbatore,11.0168,76.9558,95.15473,Critical
Varanasi,25.3176,82.9739,91.435486,Critical
Tumakuru,13.3409,77.101,14.87385,Low
Vadodara,22.3072,73.1812,95.33982,Critical
Meerut,28.9845,77.7064,73.75879,High
Tiruchirappalli,10.7905,78.7047,94.75644,Critical
Sundargarh,22.1167,84.0333,13.421373,Low
Bengaluru Urban,12.9716,77.5946,63.601517,Medium
Pune,18.5204,73.8567,16.150688,Low
Balasore,21.4942,86.9317,93.83988,Critical
Agra,27.1767,78.0081,58.055504,Medium
Tumakuru,13.3409,77.101,93.587425,Critical
Kanpur Nagar,26.4499,80.3319,9.1985655,Low
Agra,27.1767,78.0081,70.75083,High
Madurai,9.9252,78.1198,67.575745,High
Salem,11.6643,78.146,47.630806,Medium
Sundargarh,22.1167,84.0333,5.0198493,Low
Thane,19.2183,72.9781,95.12473,Critical
Vadodara,22.3072,73.1812,65.22224,High
Nagpur,21.1458,79.0882,59.42562,Medium
Thane,19.2183,72.9781,11.913852,Low
Madurai,9.9252,78.1198,92.733055,Critical
Khordha,20.1734,85.6745,96.45596,Critical
Chennai,13.0827,80.2707,7.862831,Low
Surat,21.1702,72.8311,28.061596,Low
Tumakuru,13.3409,77.101,45.57553,Medium
Pune,18.5204,73.8567,22.408148,Low
Coimbatore,11.0168,76.9558,95.2803,Critical
Pune,18.5204,73.8567,37.94293,Low
Salem,11.6643,78.146,8.423289,Low
Tumakuru,13.3409,77.101,8.150784,Low
Tiruchirappalli,10.7905,78.7047,48.88775,Medium
Puri,19.8135,85.8312,90.71178,Critical
Varanasi,25.3176,82.9739,11.5254965,Low
Cuttack,20.4625,85.883,97.185104,Critical
Salem,11.6643,78.146,97.547516,Critical
Rajkot,22.3039,70.8022,37.793777,Low
Balasore,21.4942,86.9317,6.23881,Low
Pune,18.5204,73.8567,49.89257,Medium
Chennai,13.0827,80.2707,53.164665,Medium
Cuttack,20.4625,85.883,89.59903,Critical
Tumakuru,13.3409,77.101,8.474043,Low
Pune,18.5204,73.8567,61.704624,Medium
Sundargarh,22.1167,84.0333,3.24075,Low
Tiruchirappalli,10.7905,78.7047,4.373507,Low
Tumakuru,13.3409,77.101,88.268005,Critical
Tumakuru,13.3409,77.101,8.120413,Low
Tumakuru,13.3409,77.101,4.9063435,Low
Agra,27.1767,78.0081,89.39221,Critical
Pune,18.5204,73.8567,93.9748,Critical
Khordha,20.1734,85.6745,45.1053,Medium
Belagavi,15.8497,74.4977,90.44171,Critical
Thane,19.2183,72.9781,93.46142,Critical
Vadodara,22.3072,73.1812,93.11304,Critical
Tumakuru,13.3409,77.101,36.979706,Low
Ganjam,19.3871,84.7919,97.064545,Critical
Tumakuru,13.3409,77.101,94.454994,Critical
Nagpur,21.1458,79.0882,5.830865,Low
Cuttack,20.4625,85.883,7.904555,Low
Varanasi,25.3176,82.9739,96.0712,Critical
Puri,19.8135,85.8312,86.80113,Critical
Mysuru,12.2958,76.6394,85.70444,Critical
Gautam Buddha Nagar,28.5355,77.391,94.68202,Critical
Sundargarh,22.1167,84.0333,81.82584,Critical
Nagpur,21.1458,79.0882,95.606804,Critical
Sundargarh,22.1167,84.0333,36.9008,Low
Gandhinagar,23.2156,72.6369,90.914955,Critical
Pune,18.5204,73.8567,23.901299,Low
Gandhinagar,23.2156,72.6369,26.134357,Low
Pune,18.5204,73.8567,5.747398,Low
Gautam Buddha Nagar,28.5355,77.391,95.80457,Critical
Balasore,21.4942,86.9317,94.35479,Critical
Puri,19.8135,85.8312,97.483185,Critical
Coimbatore,11.0168,76.9558,97.11149,Critical
Mysuru,12.2958,76.6394,3.0868862,Low
Nagpur,21.1458,79.0882,4.275936,Low
Nashik,19.9975,73.7898,24.707304,Low
Nashik,19.9975,73.7898,97.98734,Critical
Chennai,13.0827,80.2707,5.7700453,Low
Tumakuru,13.3409,77.101,82.95684,Critical
Varanasi,25.3176,82.9739,6.6627316,Low
Surat,21.1702,72.8311,3.9526389,Low
Agra,27.1767,78.0081,11.943329,Low
Ahmedabad,23.0225,72.5714,10.973045,Low
Khordha,20.1734,85.6745,11.0169,Low
Varanasi,25.3176,82.9739,98.48086,Critical
Aurangabad,19.8762,75.3433,6.0194755,Low
Nagpur,21.1458,79.0882,26.999048,Low
Gautam Buddha Nagar,28.5355,77.391,14.736669,Low
Vadodara,22.3072,73.1812,87.55113,Critical
Mysuru,12.2958,76.6394,78.41481,High
Dharwad,15.4589,75.0078,97.82021,Critical
Chennai,13.0827,80.2707,97.89818,Critical
Madurai,9.9252,78.1198,95.066574,Critical
Dharwad,15.4589,75.0078,10.343115,Low
Gandhinagar,23.2156,72.6369,4.933757,Low
Tiruchirappalli,10.7905,78.7047,57.80961,Medium
Coimbatore,11.0168,76.9558,97.72727,Critical
Nashik,19.9975,73.7898,87.65846,Critical
Mangaluru,12.9141,74.856,6.005516,Low
Dharwad,15.4589,75.0078,66.98667,High
Mysuru,12.2958,76.6394,3.3262193,Low
Nashik,19.9975,73.7898,40.69188,Low
Varanasi,25.3176,82.9739,1.4666797,Low
Surat,21.1702,72.8311,33.542,Low
Pune,18.5204,73.8567,95.52782,Critical
Mangaluru,12.9141,74.856,12.930831,Low
Cuttack,20.4625,85.883,8.0148,Low
Tiruchirappalli,10.7905,78.7047,96.11194,Critical
Dharwad,15.4589,75.0078,8.758586,Low
Mangaluru,12.9141,74.856,93.73198,Critical
Ahmedabad,23.0225,72.5714,11.466559,Low
Chennai,13.0827,80.2707,15.41404,Low
Thane,19.2183,72.9781,96.02099,Critical
Puri,19.8135,85.8312,15.179189,Low
Gautam Buddha Nagar,28.5355,77.391,90.60169,Critical
Khordha,20.1734,85.6745,95.15786,Critical
Surat,21.1702,72.8311,7.2624674,Low
Gautam Buddha Nagar,28.5355,77.391,95.21942,Critical
Nagpur,21.1458,79.0882,4.1907496,Low
Nashik,19.9975,73.7898,10.504002,Low
Kutch,23.7337,69.8597,89.72323,Critical
Nagpur,21.1458,79.0882,64.9687,Medium
Meerut,28.9845,77.7064,95.33089,Critical
Bengaluru Urban,12.9716,77.5946,14.047252,Low
Nagpur,21.1458,79.0882,22.442263,Low
Nagpur,21.1458,79.0882,46.070263,Medium
Rajkot,22.3039,70.8022,90.87916,Critical
Pune,18.5204,73.8567,97.94411,Critical
Kanpur Nagar,26.4499,80.3319,95.39857,Critical
Ganjam,19.3871,84.7919,21.455408,Low
Lucknow,26.8467,80.9462,14.908999,Low
Gautam Buddha Nagar,28.5355,77.391,8.886305,Low
Sundargarh,22.1167,84.0333,73.05387,High
Agra,27.1767,78.0081,5.3900895,Low
Gautam Buddha Nagar,28.5355,77.391,5.15451,Low
Mysuru,12.2958,76.6394,13.34188,Low
Mangaluru,12.9141,74.856,95.641365,Critical
Varanasi,25.3176,82.9739,13.373895,Low
Meerut,28.9845,77.7064,17.04869,Low
Meerut,28.9845,77.7064,8.121479,Low
Ahmedabad,23.0225,72.5714,92.075195,Critical
Madurai,9.9252,78.1198,35.96247,Low
Lucknow,26.8467,80.9462,28.204721,Low
Ganjam,19.3871,84.7919,89.11857,Critical
Rajkot,22.3039,70.8022,94.44936,Critical
Chennai,13.0827,80.2707,88.35653,Critical
Pune,18.5204,73.8567,47.844025,Medium
Ganjam,19.3871,84.7919,96.76889,Critical
Chennai,13.0827,80.2707,6.6695266,Low
Dharwad,15.4589,75.0078,91.30185,Critical
Pune,18.5204,73.8567,47.2453,Medium
Bengaluru Urban,12.9716,77.5946,94.980736,Critical
Khordha,20.1734,85.6745,98.14395,Critical
Lucknow,26.8467,80.9462,19.598871,Low
Aurangabad,19.8762,75.3433,12.728747,Low
Belagavi,15.8497,74.4977,15.914613,Low
Puri,19.8135,85.8312,80.61184,Critical
Mysuru,12.2958,76.6394,6.706704,Low
Balasore,21.4942,86.9317,12.242537,Low
Gautam Buddha Nagar,28.5355,77.391,97.24662,Critical
Nashik,19.9975,73.7898,5.28507,Low
Khordha,20.1734,85.6745,75.37674,High
Gandhinagar,23.2156,72.6369,93.724945,Critical
Pune,18.5204,73.8567,69.98639,High
Tiruchirappalli,10.7905,78.7047,94.44145,Critical
Madurai,9.9252,78.1198,15.656583,Low
Aurangabad,19.8762,75.3433,15.468222,Low
Puri,19.8135,85.8312,97.52449,Critical
Ahmedabad,23.0225,72.5714,10.756413,Low
Puri,19.8135,85.8312,43.856396,Low
Chennai,13.0827,80.2707,94.02694,Critical
Bengaluru Urban,12.9716,77.5946,96.88279,Critical
Puri,19.8135,85.8312,5.228254,Low
Nagpur,21.1458,79.0882,98.77975,Critical
Nashik,19.9975,73.7898,10.657776,Low
Ahmedabad,23.0225,72.5714,96.040726,Critical
Puri,19.8135,85.8312,66.88912,High
Kanpur Nagar,26.4499,80.3319,9.99483,Low
Vadodara,22.3072,73.1812,10.699685,Low
Tiruchirappalli,10.7905,78.7047,7.9834156,Low
Varanasi,25.3176,82.9739,90.96369,Critical
Kutch,23.7337,69.8597,77.14005,High
Gandhinagar,23.2156,72.6369,75.89566,High
Bengaluru Urban,12.9716,77.5946,14.6898155,Low
Thane,19.2183,72.9781,68.34842,High
Pune,18.5204,73.8567,57.703896,Medium
Thane,19.2183,72.9781,18.221586,Low
Agra,27.1767,78.0081,6.083797,Low
Chennai,13.0827,80.2707,94.29685,Critical
Bengaluru Urban,12.9716,77.5946,93.309944,Critical
Ganjam,19.3871,84.7919,95.427444,Critical
Bengaluru Urban,12.9716,77.5946,5.1587586,Low
Cuttack,20.4625,85.883,94.980354,Critical
Gandhinagar,23.2156,72.6369,94.27652,Critical
Mangaluru,12.9141,74.856,81.14581,Critical
Puri,19.8135,85.8312,94.97846,Critical
Vadodara,22.3072,73.1812,93.50039,Critical
Salem,11.6643,78.146,91.57834,Critical
Dharwad,15.4589,75.0078,84.29899,Critical
Varanasi,25.3176,82.9739,2.2226524,Low
Nagpur,21.1458,79.0882,9.51436,Low
Cuttack,20.4625,85.883,15.553792,Low
Ahmedabad,23.0225,72.5714,61.076885,Medium
Aurangabad,19.8762,75.3433,93.682236,Critical
Belagavi,15.8497,74.4977,78.459816,High
Kanpur Nagar,26.4499,80.3319,24.709728,Low
Lucknow,26.8467,80.9462,96.28267,Critical
Lucknow,26.8467,80.9462,93.69097,Critical
Vadodara,22.3072,73.1812,86.41558,Critical
Sundargarh,22.1167,84.0333,93.260025,Critical
Aurangabad,19.8762,75.3433,95.665695,Critical
Mangaluru,12.9141,74.856,84.03387,Critical
Belagavi,15.8497,74.4977,28.66559,Low
Balasore,21.4942,86.9317,2.6109583,Low
Nagpur,21.1458,79.0882,89.19222,Critical
Rajkot,22.3039,70.8022,85.69402,Critical
Nagpur,21.1458,79.0882,28.465498,Low
Chennai,13.0827,80.2707,95.09937,Critical
Aurangabad,19.8762,75.3433,87.08238,Critical
Gautam Buddha Nagar,28.5355,77.391,7.0014224,Low
Surat,21.1702,72.8311,92.793625,Critical
Belagavi,15.8497,74.4977,17.413883,Low
Nagpur,21.1458,79.0882,5.6093554,Low
Cuttack,20.4625,85.883,84.59525,Critical
Vadodara,22.3072,73.1812,10.178075,Low
Pune,18.5204,73.8567,39.08944,Low
Nashik,19.9975,73.7898,20.499294,Low
Nagpur,21.1458,79.0882,3.2025568,Low
Rajkot,22.3039,70.8022,17.90518,Low
Salem,11.6643,78.146,7.982198,Low
Ganjam,19.3871,84.7919,96.80969,Critical
Balasore,21.4942,86.9317,94.279655,Critical
Ahmedabad,23.0225,72.5714,13.815432,Low
Madurai,9.9252,78.1198,25.1681,Low
Balasore,21.4942,86.9317,41.08741,Low
Kanpur Nagar,26.4499,80.3319,11.869177,Low
Sundargarh,22.1167,84.0333,85.11867,Critical
Thane,19.2183,72.9781,98.104225,Critical
Varanasi,25.3176,82.9739,94.65631,Critical
Puri,19.8135,85.8312,91.57216,Critical
Tiruchirappalli,10.7905,78.7047,16.938648,Low
Cuttack,20.4625,85.883,94.58535,Critical
Ahmedabad,23.0225,72.5714,17.335585,Low
Khordha,20.1734,85.6745,96.32483,Critical
Pune,18.5204,73.8567,44.67851,Low
Gautam Buddha Nagar,28.5355,77.391,68.18915,High
Khordha,20.1734,85.6745,14.627629,Low
Tumakuru,13.3409,77.101,13.009216,Low
Kutch,23.7337,69.8597,57.499283,Medium
Tiruchirappalli,10.7905,78.7047,35.823914,Low
Vadodara,22.3072,73.1812,89.298965,Critical
Chennai,13.0827,80.2707,13.591905,Low
Nashik,19.9975,73.7898,27.047516,Low
Thane,19.2183,72.9781,55.89585,Medium
Varanasi,25.3176,82.9739,97.19534,Critical
Madurai,9.9252,78.1198,5.6973696,Low
Kanpur Nagar,26.4499,80.3319,16.807074,Low
Kutch,23.7337,69.8597,7.6683803,Low
Salem,11.6643,78.146,15.105266,Low
Puri,19.8135,85.8312,63.590195,Medium
Khordha,20.1734,85.6745,16.307045,Low
Chennai,13.0827,80.2707,14.7068205,Low
Khordha,20.1734,85.6745,89.018234,Critical
Kutch,23.7337,69.8597,31.680805,Low
Surat,21.1702,72.8311,9.91159,Low
Nashik,19.9975,73.7898,97.03338,Critical
Pune,18.5204,73.8567,88.82152,Critical
Aurangabad,19.8762,75.3433,61.796074,Medium
Tiruchirappalli,10.7905,78.7047,5.9479637,Low
Madurai,9.9252,78.1198,92.1835,Critical
Coimbatore,11.0168,76.9558,90.53732,Critical
Mysuru,12.2958,76.6394,16.438921,Low
Pune,18.5204,73.8567,90.91093,Critical
Ganjam,19.3871,84.7919,97.47649,Critical
Puri,19.8135,85.8312,51.175053,Medium
Gandhinagar,23.2156,72.6369,3.108386,Low
Cuttack,20.4625,85.883,3.2880917,Low
Mysuru,12.2958,76.6394,38.083424,Low
Mangaluru,12.9141,74.856,29.93172,Low
Surat,21.1702,72.8311,7.266427,Low
Gautam Buddha Nagar,28.5355,77.391,96.43581,Critical
Khordha,20.1734,85.6745,57.021862,Medium
Dharwad,15.4589,75.0078,81.24441,Critical
Coimbatore,11.0168,76.9558,98.25427,Critical
Nagpur,21.1458,79.0882,5.156649,Low
Puri,19.8135,85.8312,96.82738,Critical
Cuttack,20.4625,85.883,89.482475,Critical
Puri,19.8135,85.8312,21.814093,Low
Coimbatore,11.0168,76.9558,60.656666,Medium
Sundargarh,22.1167,84.0333,95.14804,Critical
Salem,11.6643,78.146,17.574615,Low
Kutch,23.7337,69.8597,92.046715,Critical
Vadodara,22.3072,73.1812,97.99318,Critical
Kutch,23.7337,69.8597,10.363839,Low
Coimbatore,11.0168,76.9558,10.33977,Low
Madurai,9.9252,78.1198,92.99786,Critical
Belagavi,15.8497,74.4977,19.754354,Low
Coimbatore,11.0168,76.9558,9.533826,Low
Rajkot,22.3039,70.8022,79.73026,High
Varanasi,25.3176,82.9739,96.354034,Critical
Mysuru,12.2958,76.6394,95.399574,Critical
Lucknow,26.8467,80.9462,49.73934,Medium
Mysuru,12.2958,76.6394,3.1166542,Low
Puri,19.8135,85.8312,8.021235,Low
Kanpur Nagar,26.4499,80.3319,9.66824,Low
Mysuru,12.2958,76.6394,41.104507,Low
Nagpur,21.1458,79.0882,98.357475,Critical
Ahmedabad,23.0225,72.5714,8.346846,Low
Aurangabad,19.8762,75.3433,90.94643,Critical
Mysuru,12.2958,76.6394,89.162056,Critical
Mangaluru,12.9141,74.856,96.805725,Critical
Lucknow,26.8467,80.9462,92.38705,Critical
Pune,18.5204,73.8567,8.778512,Low
Mysuru,12.2958,76.6394,6.4731545,Low
Pune,18.5204,73.8567,10.920443,Low
Bengaluru Urban,12.9716,77.5946,90.16415,Critical
Meerut,28.9845,77.7064,82.50115,Critical
Nagpur,21.1458,79.0882,22.397427,Low
Mangaluru,12.9141,74.856,96.8509,Critical
Aurangabad,19.8762,75.3433,92.12773,Critical
Gandhinagar,23.2156,72.6369,8.3327465,Low
Surat,21.1702,72.8311,12.316459,Low
Puri,19.8135,85.8312,55.092293,Medium
Belagavi,15.8497,74.4977,89.054985,Critical
Belagavi,15.8497,74.4977,68.47758,High
Puri,19.8135,85.8312,89.26553,Critical
Kanpur Nagar,26.4499,80.3319,90.93331,Critical
Tumakuru,13.3409,77.101,85.022125,Critical
Dharwad,15.4589,75.0078,9.197779,Low
Thane,19.2183,72.9781,69.51691,High
Varanasi,25.3176,82.9739,96.227486,Critical
Mysuru,12.2958,76.6394,21.659643,Low
Tiruchirappalli,10.7905,78.7047,95.606705,Critical
Kutch,23.7337,69.8597,18.200861,Low
Khordha,20.1734,85.6745,25.788107,Low
Coimbatore,11.0168,76.9558,2.1560376,Low
Cuttack,20.4625,85.883,91.93164,Critical
Mangaluru,12.9141,74.856,10.221366,Low
Madurai,9.9252,78.1198,95.08072,Critical
Agra,27.1767,78.0081,86.84032,Critical
Madurai,9.9252,78.1198,5.940822,Low
Vadodara,22.3072,73.1812,98.1941,Critical
Surat,21.1702,72.8311,95.044395,Critical
Mysuru,12.2958,76.6394,95.65245,Critical
Madurai,9.9252,78.1198,94.262115,Critical
Sundargarh,22.1167,84.0333,7.64724,Low
Gautam Buddha Nagar,28.5355,77.391,16.962486,Low
Aurangabad,19.8762,75.3433,12.567865,Low
Kanpur Nagar,26.4499,80.3319,89.91021,Critical
Chennai,13.0827,80.2707,87.85958,Critical
Kanpur Nagar,26.4499,80.3319,92.69533,Critical
Puri,19.8135,85.8312,99.03547,Critical
Nashik,19.9975,73.7898,4.556269,Low
Puri,19.8135,85.8312,82.926384,Critical
Mysuru,12.2958,76.6394,89.961426,Critical
Ahmedabad,23.0225,72.5714,3.8807955,Low
Ahmedabad,23.0225,72.5714,93.93301,Critical
Madurai,9.9252,78.1198,91.919174,Critical
Coimbatore,11.0168,76.9558,97.585945,Critical
Sundargarh,22.1167,84.0333,97.33776,Critical
Sundargarh,22.1167,84.0333,96.77507,Critical
Vadodara,22.3072,73.1812,7.260846,Low
Puri,19.8135,85.8312,97.246666,Critical
Coimbatore,11.0168,76.9558,85.28971,Critical
Coimbatore,11.0168,76.9558,80.44453,Critical
Tiruchirappalli,10.7905,78.7047,20.184576,Low
Sundargarh,22.1167,84.0333,98.24806,Critical
Gautam Buddha Nagar,28.5355,77.391,15.021078,Low
Cuttack,20.4625,85.883,4.550918,Low
Dharwad,15.4589,75.0078,95.90804,Critical
Salem,11.6643,78.146,3.557676,Low
Tiruchirappalli,10.7905,78.7047,95.574814,Critical
Lucknow,26.8467,80.9462,97.119316,Critical
Nagpur,21.1458,79.0882,89.442154,Critical
Balasore,21.4942,86.9317,97.88593,Critical
Bengaluru Urban,12.9716,77.5946,95.24235,Critical
Belagavi,15.8497,74.4977,94.46213,Critical
Mangaluru,12.9141,74.856,94.527855,Critical
Thane,19.2183,72.9781,97.845375,Critical
Cuttack,20.4625,85.883,10.459162,Low
Puri,19.8135,85.8312,92.79341,Critical
Meerut,28.9845,77.7064,85.00706,Critical
Dharwad,15.4589,75.0078,94.76951,Critical
Thane,19.2183,72.9781,12.848232,Low
Varanasi,25.3176,82.9739,61.271072,Medium
Madurai,9.9252,78.1198,52.67651,Medium
Mysuru,12.2958,76.6394,8.619274,Low
Nashik,19.9975,73.7898,97.47586,Critical
Madurai,9.9252,78.1198,77.543274,High
Kutch,23.7337,69.8597,93.6929,Critical
Pune,18.5204,73.8567,93.5795,Critical
Rajkot,22.3039,70.8022,83.567604,Critical
Nashik,19.9975,73.7898,93.78985,Critical
Meerut,28.9845,77.7064,86.88519,Critical
Mangaluru,12.9141,74.856,96.94146,Critical
Meerut,28.9845,77.7064,13.576986,Low
Agra,27.1767,78.0081,69.81821,High
Meerut,28.9845,77.7064,40.858116,Low
Chennai,13.0827,80.2707,90.63027,Critical
Kutch,23.7337,69.8597,25.174957,Low
Nagpur,21.1458,79.0882,8.560074,Low
Kanpur Nagar,26.4499,80.3319,89.6415,Critical
Cuttack,20.4625,85.883,7.0832567,Low
Gandhinagar,23.2156,72.6369,8.112218,Low
Gandhinagar,23.2156,72.6369,2.8124645,Low
Mangaluru,12.9141,74.856,84.2554,Critical
Agra,27.1767,78.0081,15.003165,Low
Tumakuru,13.3409,77.101,95.78573,Critical
Chennai,13.0827,80.2707,6.851852,Low
Cuttack,20.4625,85.883,64.223175,Medium
Meerut,28.9845,77.7064,46.6175,Medium
Surat,21.1702,72.8311,95.12421,Critical
Gautam Buddha Nagar,28.5355,77.391,96.20718,Critical
Gandhinagar,23.2156,72.6369,16.174002,Low
Meerut,28.9845,77.7064,3.7680852,Low
Nagpur,21.1458,79.0882,95.15897,Critical
Salem,11.6643,78.146,95.32309,Critical
Balasore,21.4942,86.9317,95.336784,Critical
Chennai,13.0827,80.2707,82.85771,Critical
Tiruchirappalli,10.7905,78.7047,96.63316,Critical
Coimbatore,11.0168,76.9558,15.268556,Low
Kutch,23.7337,69.8597,87.01454,Critical
Surat,21.1702,72.8311,94.419846,Critical
Gandhinagar,23.2156,72.6369,10.332975,Low
Thane,19.2183,72.9781,18.67978,Low
Meerut,28.9845,77.7064,23.253956,Low
Ganjam,19.3871,84.7919,80.946526,Critical
Madurai,9.9252,78.1198,98.24745,Critical
Tumakuru,13.3409,77.101,18.843632,Low
Nagpur,21.1458,79.0882,96.496956,Critical
Aurangabad,19.8762,75.3433,97.2334,Critical
Mysuru,12.2958,76.6394,6.0658116,Low
Sundargarh,22.1167,84.0333,33.1126,Low
Nagpur,21.1458,79.0882,10.494763,Low
Madurai,9.9252,78.1198,96.864944,Critical
Belagavi,15.8497,74.4977,5.4482617,Low
Sundargarh,22.1167,84.0333,6.0888243,Low
Kanpur Nagar,26.4499,80.3319,5.8278522,Low
Meerut,28.9845,77.7064,5.7508163,Low
Lucknow,26.8467,80.9462,62.97428,Medium
Tumakuru,13.3409,77.101,8.98983,Low
Nagpur,21.1458,79.0882,97.03948,Critical
Ganjam,19.3871,84.7919,9.706009,Low
Kanpur Nagar,26.4499,80.3319,9.473767,Low
Cuttack,20.4625,85.883,91.86918,Critical
Kutch,23.7337,69.8597,96.76464,Critical
Khordha,20.1734,85.6745,20.472843,Low
Tiruchirappalli,10.7905,78.7047,7.0811877,Low
Agra,27.1767,78.0081,89.981865,Critical
Aurangabad,19.8762,75.3433,96.392235,Critical
Mysuru,12.2958,76.6394,96.44886,Critical
Rajkot,22.3039,70.8022,6.876748,Low
Thane,19.2183,72.9781,94.02907,Critical
Madurai,9.9252,78.1198,98.64796,Critical
Aurangabad,19.8762,75.3433,37.813896,Low
Puri,19.8135,85.8312,97.21338,Critical
Mysuru,12.2958,76.6394,90.546104,Critical
Chennai,13.0827,80.2707,95.89034,Critical
Mysuru,12.2958,76.6394,93.34395,Critical
Surat,21.1702,72.8311,5.0070004,Low
Kutch,23.7337,69.8597,2.1012995,Low
Nagpur,21.1458,79.0882,6.5713263,Low
Gautam Buddha Nagar,28.5355,77.391,96.980995,Critical
Ahmedabad,23.0225,72.5714,95.997765,Critical
Aurangabad,19.8762,75.3433,96.71719,Critical
Rajkot,22.3039,70.8022,20.025143,Low
Aurangabad,19.8762,75.3433,96.21385,Critical
Tumakuru,13.3409,77.101,87.154655,Critical
Bengaluru Urban,12.9716,77.5946,84.72236,Critical
Pune,18.5204,73.8567,92.46233,Critical
Ganjam,19.3871,84.7919,91.77146,Critical
Ganjam,19.3871,84.7919,4.9254847,Low
Kanpur Nagar,26.4499,80.3319,36.25779,Low
Ahmedabad,23.0225,72.5714,97.27983,Critical
Ganjam,19.3871,84.7919,93.36695,Critical
Kanpur Nagar,26.4499,80.3319,95.15536,Critical
Puri,19.8135,85.8312,92.369064,Critical
Belagavi,15.8497,74.4977,91.77749,Critical
Bengaluru Urban,12.9716,77.5946,89.01413,Critical
Aurangabad,19.8762,75.3433,98.64993,Critical
Balasore,21.4942,86.9317,95.118576,Critical
Kanpur Nagar,26.4499,80.3319,15.636091,Low
Cuttack,20.4625,85.883,89.789856,Critical
Pune,18.5204,73.8567,12.500305,Low
Dharwad,15.4589,75.0078,23.143301,Low
Gautam Buddha Nagar,28.5355,77.391,8.234933,Low
Salem,11.6643,78.146,91.683624,Critical
Dharwad,15.4589,75.0078,98.452255,Critical
Gandhinagar,23.2156,72.6369,6.3418207,Low
Agra,27.1767,78.0081,1.9430261,Low
Vadodara,22.3072,73.1812,2.2424316,Low
Puri,19.8135,85.8312,98.09905,Critical
Khordha,20.1734,85.6745,94.75625,Critical
Madurai,9.9252,78.1198,48.590527,Medium
Nashik,19.9975,73.7898,92.28497,Critical
Ganjam,19.3871,84.7919,9.462783,Low
Cuttack,20.4625,85.883,2.6591372,Low
Tumakuru,13.3409,77.101,91.678055,Critical
Thane,19.2183,72.9781,8.29854,Low
Gandhinagar,23.2156,72.6369,9.098599,Low
Salem,11.6643,78.146,5.6409817,Low
Kanpur Nagar,26.4499,80.3319,4.6726747,Low
Mysuru,12.2958,76.6394,3.513568,Low
Tumakuru,13.3409,77.101,19.591034,Low
Chennai,13.0827,80.2707,42.03695,Low
Nashik,19.9975,73.7898,25.818296,Low
Aurangabad,19.8762,75.3433,34.192623,Low
Tiruchirappalli,10.7905,78.7047,26.318243,Low
Tiruchirappalli,10.7905,78.7047,17.341309,Low
Dharwad,15.4589,75.0078,11.91219,Low
Tiruchirappalli,10.7905,78.7047,86.44626,Critical
Puri,19.8135,85.8312,65.96591,High
Nashik,19.9975,73.7898,35.071754,Low
Pune,18.5204,73.8567,92.573616,Critical
Belagavi,15.8497,74.4977,94.4076,Critical
Madurai,9.9252,78.1198,98.97884,Critical
Surat,21.1702,72.8311,96.034515,Critical
Tiruchirappalli,10.7905,78.7047,5.545187,Low
Balasore,21.4942,86.9317,7.5577445,Low
Vadodara,22.3072,73.1812,4.7755423,Low
Vadodara,22.3072,73.1812,9.048586,Low
Madurai,9.9252,78.1198,80.56373,Critical
Dharwad,15.4589,75.0078,98.26508,Critical
Balasore,21.4942,86.9317,86.63712,Critical
Varanasi,25.3176,82.9739,6.6009464,Low
Dharwad,15.4589,75.0078,8.810054,Low
Madurai,9.9252,78.1198,25.374365,Low
Mysuru,12.2958,76.6394,64.8904,Medium
Varanasi,25.3176,82.9739,12.512761,Low
Dharwad,15.4589,75.0078,10.215412,Low
Gautam Buddha Nagar,28.5355,77.391,97.45851,Critical
Mysuru,12.2958,76.6394,95.97833,Critical
Nashik,19.9975,73.7898,90.92925,Critical
Coimbatore,11.0168,76.9558,98.19019,Critical
Agra,27.1767,78.0081,13.55582,Low
Gandhinagar,23.2156,72.6369,5.038305,Low
Salem,11.6643,78.146,86.86848,Critical
Mangaluru,12.9141,74.856,93.311485,Critical
Ahmedabad,23.0225,72.5714,33.406757,Low
Ahmedabad,23.0225,72.5714,95.36077,Critical
Belagavi,15.8497,74.4977,84.89254,Critical
Khordha,20.1734,85.6745,54.04109,Medium
Salem,11.6643,78.146,91.15539,Critical
Khordha,20.1734,85.6745,13.990113,Low
Nashik,19.9975,73.7898,93.68652,Critical
Chennai,13.0827,80.2707,10.426441,Low
Aurangabad,19.8762,75.3433,95.14989,Critical
Gautam Buddha Nagar,28.5355,77.391,16.520342,Low
Kanpur Nagar,26.4499,80.3319,4.6581697,Low
Khordha,20.1734,85.6745,97.6349,Critical
Dharwad,15.4589,75.0078,98.33379,Critical
Tiruchirappalli,10.7905,78.7047,95.31716,Critical
Surat,21.1702,72.8311,94.11375,Critical
Coimbatore,11.0168,76.9558,5.2027645,Low
Bengaluru Urban,12.9716,77.5946,95.709236,Critical
Meerut,28.9845,77.7064,74.69835,High
Coimbatore,11.0168,76.9558,94.55042,Critical
Surat,21.1702,72.8311,48.292717,Medium
Aurangabad,19.8762,75.3433,97.62754,Critical
Rajkot,22.3039,70.8022,10.497313,Low
Ahmedabad,23.0225,72.5714,15.282254,Low
Agra,27.1767,78.0081,17.216465,Low
Kanpur Nagar,26.4499,80.3319,95.63012,Critical
Puri,19.8135,85.8312,96.150314,Critical
Kutch,23.7337,69.8597,23.155863,Low
Ahmedabad,23.0225,72.5714,92.99601,Critical
Nashik,19.9975,73.7898,60.13175,Medium
Kanpur Nagar,26.4499,80.3319,95.34394,Critical
Ahmedabad,23.0225,72.5714,89.19851,Critical
Vadodara,22.3072,73.1812,4.062146,Low
Belagavi,15.8497,74.4977,92.37923,Critical
Kutch,23.7337,69.8597,97.59645,Critical
Meerut,28.9845,77.7064,93.73611,Critical
Pune,18.5204,73.8567,58.949543,Medium
Salem,11.6643,78.146,75.580574,High
Belagavi,15.8497,74.4977,8.481284,Low
Kutch,23.7337,69.8597,9.848818,Low
Kutch,23.7337,69.8597,97.11896,Critical
Rajkot,22.3039,70.8022,4.5438404,Low
Agra,27.1767,78.0081,12.168297,Low
Vadodara,22.3072,73.1812,12.488778,Low
Tiruchirappalli,10.7905,78.7047,71.93043,High
Ganjam,19.3871,84.7919,95.43296,Critical
Belagavi,15.8497,74.4977,15.213243,Low
Madurai,9.9252,78.1198,81.687065,Critical
Kanpur Nagar,26.4499,80.3319,70.58979,High
Salem,11.6643,78.146,97.05139,Critical
Nashik,19.9975,73.7898,68.07372,High
Gautam Buddha Nagar,28.5355,77.391,92.090515,Critical
Nashik,19.9975,73.7898,91.43782,Critical
Kanpur Nagar,26.4499,80.3319,11.19308,Low
Belagavi,15.8497,74.4977,91.94059,Critical
Tiruchirappalli,10.7905,78.7047,95.31032,Critical
Aurangabad,19.8762,75.3433,18.50899,Low
Gandhinagar,23.2156,72.6369,91.9648,Critical
Gandhinagar,23.2156,72.6369,10.23975,Low
Cuttack,20.4625,85.883,9.018059,Low
Madurai,9.9252,78.1198,11.01723,Low
Chennai,13.0827,80.2707,94.64326,Critical
Kutch,23.7337,69.8597,95.713554,Critical
Cuttack,20.4625,85.883,16.191814,Low
Khordha,20.1734,85.6745,98.33761,Critical
Gautam Buddha Nagar,28.5355,77.391,91.80952,Critical
Thane,19.2183,72.9781,93.806984,Critical
Meerut,28.9845,77.7064,27.879206,Low
Varanasi,25.3176,82.9739,2.5827305,Low
Coimbatore,11.0168,76.9558,86.983345,Critical
Cuttack,20.4625,85.883,91.946556,Critical
Agra,27.1767,78.0081,82.74523,Critical
Madurai,9.9252,78.1198,62.88679,Medium
Meerut,28.9845,77.7064,4.527297,Low
Tiruchirappalli,10.7905,78.7047,96.87147,Critical
Meerut,28.9845,77.7064,7.2597146,Low
Bengaluru Urban,12.9716,77.5946,55.781002,Medium
Thane,19.2183,72.9781,83.04447,Critical
Vadodara,22.3072,73.1812,79.54923,High
Tumakuru,13.3409,77.101,93.26744,Critical
Puri,19.8135,85.8312,81.194046,Critical
Tumakuru,13.3409,77.101,98.135765,Critical
Khordha,20.1734,85.6745,96.20229,Critical
Vadodara,22.3072,73.1812,11.641843,Low
Tiruchirappalli,10.7905,78.7047,3.568085,Low
Cuttack,20.4625,85.883,97.406235,Critical
Sundargarh,22.1167,84.0333,97.255394,Critical
Madurai,9.9252,78.1198,16.161497,Low
Pune,18.5204,73.8567,93.33259,Critical
Varanasi,25.3176,82.9739,94.59548,Critical
Rajkot,22.3039,70.8022,89.59857,Critical
Ganjam,19.3871,84.7919,81.27186,Critical
Vadodara,22.3072,73.1812,11.3323965,Low
Salem,11.6643,78.146,11.315606,Low
Ahmedabad,23.0225,72.5714,15.684998,Low
Tiruchirappalli,10.7905,78.7047,96.29307,Critical
Ganjam,19.3871,84.7919,92.346535,Critical
Aurangabad,19.8762,75.3433,63.52597,Medium
Aurangabad,19.8762,75.3433,3.157213,Low
Vadodara,22.3072,73.1812,14.027594,Low
Nashik,19.9975,73.7898,39.622433,Low
Chennai,13.0827,80.2707,6.7105465,Low
Mysuru,12.2958,76.6394,91.22617,Critical
Nashik,19.9975,73.7898,77.578354,High
Chennai,13.0827,80.2707,95.863495,Critical
Mangaluru,12.9141,74.856,96.586426,Critical
Madurai,9.9252,78.1198,91.95602,Critical
Mysuru,12.2958,76.6394,81.76,Critical
Meerut,28.9845,77.7064,93.58614,Critical
Bengaluru Urban,12.9716,77.5946,6.0041547,Low
Dharwad,15.4589,75.0078,95.51016,Critical
Ganjam,19.3871,84.7919,13.484791,Low
Gautam Buddha Nagar,28.5355,77.391,8.782492,Low
Rajkot,22.3039,70.8022,91.56937,Critical
Balasore,21.4942,86.9317,12.525436,Low
Coimbatore,11.0168,76.9558,3.728471,Low
Ganjam,19.3871,84.7919,95.1569,Critical
Tumakuru,13.3409,77.101,11.35493,Low
Coimbatore,11.0168,76.9558,86.447914,Critical
Rajkot,22.3039,70.8022,95.9064,Critical
Surat,21.1702,72.8311,98.58709,Critical
Madurai,9.9252,78.1198,90.146805,Critical
Cuttack,20.4625,85.883,96.64878,Critical
Mysuru,12.2958,76.6394,27.415907,Low
Bengaluru Urban,12.9716,77.5946,93.77021,Critical
Meerut,28.9845,77.7064,94.87407,Critical
Aurangabad,19.8762,75.3433,95.68755,Critical
Meerut,28.9845,77.7064,14.956834,Low
Thane,19.2183,72.9781,37.628876,Low
Sundargarh,22.1167,84.0333,5.285647,Low
Rajkot,22.3039,70.8022,97.46522,Critical
Nagpur,21.1458,79.0882,94.406624,Critical
Gandhinagar,23.2156,72.6369,95.665184,Critical
Dharwad,15.4589,75.0078,4.4067187,Low
Gautam Buddha Nagar,28.5355,77.391,19.614525,Low
Nashik,19.9975,73.7898,18.615265,Low
Dharwad,15.4589,75.0078,92.1437,Critical
Surat,21.1702,72.8311,96.571045,Critical
Kutch,23.7337,69.8597,28.901083,Low
Nagpur,21.1458,79.0882,28.858969,Low
Pune,18.5204,73.8567,94.884544,Critical
Pune,18.5204,73.8567,84.53528,Critical
Vadodara,22.3072,73.1812,3.7905529,Low
Varanasi,25.3176,82.9739,9.078625,Low
Cuttack,20.4625,85.883,15.675658,Low
Salem,11.6643,78.146,77.31126,High
Gandhinagar,23.2156,72.6369,48.04067,Medium
Madurai,9.9252,78.1198,91.19395,Critical
Sundargarh,22.1167,84.0333,91.37563,Critical
Chennai,13.0827,80.2707,95.92853,Critical
Coimbatore,11.0168,76.9558,28.137001,Low
Chennai,13.0827,80.2707,23.3399,Low
Chennai,13.0827,80.2707,13.100323,Low
Nashik,19.9975,73.7898,45.337017,Medium
Thane,19.2183,72.9781,10.678165,Low
Khordha,20.1734,85.6745,83.348526,Critical
Cuttack,20.4625,85.883,93.83343,Critical
Agra,27.1767,78.0081,94.09428,Critical
Khordha,20.1734,85.6745,29.625118,Low
Madurai,9.9252,78.1198,83.33303,Critical
Lucknow,26.8467,80.9462,3.4773767,Low
Kutch,23.7337,69.8597,90.49087,Critical
Kutch,23.7337,69.8597,89.02917,Critical
Puri,19.8135,85.8312,93.2979,Critical
Kutch,23.7337,69.8597,94.7815,Critical
Nagpur,21.1458,79.0882,11.932969,Low
Agra,27.1767,78.0081,26.947447,Low
Belagavi,15.8497,74.4977,94.02229,Critical
Thane,19.2183,72.9781,11.795834,Low
Nagpur,21.1458,79.0882,96.364235,Critical
Mangaluru,12.9141,74.856,93.05651,Critical
Varanasi,25.3176,82.9739,36.219467,Low
Sundargarh,22.1167,84.0333,96.29743,Critical
Coimbatore,11.0168,76.9558,96.95657,Critical
Cuttack,20.4625,85.883,83.57337,Critical
Balasore,21.4942,86.9317,18.189058,Low
Madurai,9.9252,78.1198,21.133728,Low
Kanpur Nagar,26.4499,80.3319,6.602466,Low
Agra,27.1767,78.0081,89.514084,Critical
Mysuru,12.2958,76.6394,7.886649,Low
Pune,18.5204,73.8567,12.076499,Low
Nashik,19.9975,73.7898,94.12286,Critical
Aurangabad,19.8762,75.3433,10.289139,Low
Madurai,9.9252,78.1198,21.055056,Low
Pune,18.5204,73.8567,96.52595,Critical
Tumakuru,13.3409,77.101,97.074905,Critical
Rajkot,22.3039,70.8022,65.52235,High
Meerut,28.9845,77.7064,48.133213,Medium
Mysuru,12.2958,76.6394,86.16867,Critical
Vadodara,22.3072,73.1812,7.067559,Low
Cuttack,20.4625,85.883,97.385475,Critical
Ganjam,19.3871,84.7919,96.962425,Critical
Mysuru,12.2958,76.6394,0.9319804,Low
Tumakuru,13.3409,77.101,15.528391,Low
Agra,27.1767,78.0081,5.663096,Low
Nashik,19.9975,73.7898,7.4437304,Low
Kanpur Nagar,26.4499,80.3319,93.16072,Critical
Madurai,9.9252,78.1198,97.102615,Critical
Aurangabad,19.8762,75.3433,93.434456,Critical
Agra,27.1767,78.0081,8.479249,Low
Kanpur Nagar,26.4499,80.3319,83.40667,Critical
Nashik,19.9975,73.7898,14.110437,Low
Nashik,19.9975,73.7898,32.399323,Low
Rajkot,22.3039,70.8022,92.62143,Critical
Ganjam,19.3871,84.7919,93.18601,Critical
Madurai,9.9252,78.1198,29.971462,Low
Nagpur,21.1458,79.0882,83.78519,Critical
Salem,11.6643,78.146,92.41133,Critical
Khordha,20.1734,85.6745,8.398298,Low
Nagpur,21.1458,79.0882,97.185524,Critical
Coimbatore,11.0168,76.9558,84.16818,Critical
Thane,19.2183,72.9781,8.902225,Low
Cuttack,20.4625,85.883,5.8606496,Low
Balasore,21.4942,86.9317,81.834435,Critical
Vadodara,22.3072,73.1812,36.679657,Low
Nagpur,21.1458,79.0882,97.46378,Critical
Mysuru,12.2958,76.6394,95.0136,Critical
Pune,18.5204,73.8567,9.801594,Low
Mysuru,12.2958,76.6394,9.336936,Low
Khordha,20.1734,85.6745,96.11018,Critical
Tiruchirappalli,10.7905,78.7047,96.983406,Critical
Mangaluru,12.9141,74.856,43.293377,Low
Tiruchirappalli,10.7905,78.7047,3.9029865,Low
Kanpur Nagar,26.4499,80.3319,8.240226,Low
Kanpur Nagar,26.4499,80.3319,92.98841,Critical
Nashik,19.9975,73.7898,10.422964,Low
Pune,18.5204,73.8567,75.75929,High
Madurai,9.9252,78.1198,95.787994,Critical
Khordha,20.1734,85.6745,11.714122,Low
Nagpur,21.1458,79.0882,84.52088,Critical
Chennai,13.0827,80.2707,88.18289,Critical
Surat,21.1702,72.8311,83.02412,Critical
Belagavi,15.8497,74.4977,22.60213,Low
Khordha,20.1734,85.6745,93.97566,Critical
Kutch,23.7337,69.8597,97.37429,Critical
Meerut,28.9845,77.7064,96.42258,Critical
Meerut,28.9845,77.7064,13.707408,Low
Nashik,19.9975,73.7898,97.889984,Critical
Mangaluru,12.9141,74.856,22.870377,Low
Mangaluru,12.9141,74.856,14.81805,Low
Nashik,19.9975,73.7898,94.209015,Critical
Ganjam,19.3871,84.7919,5.910434,Low
Rajkot,22.3039,70.8022,86.24403,Critical
Kanpur Nagar,26.4499,80.3319,15.019281,Low
Pune,18.5204,73.8567,97.509674,Critical
Nashik,19.9975,73.7898,96.309586,Critical
Khordha,20.1734,85.6745,7.66847,Low
Meerut,28.9845,77.7064,14.747121,Low
Aurangabad,19.8762,75.3433,8.868115,Low
Surat,21.1702,72.8311,90.18427,Critical
Mysuru,12.2958,76.6394,4.3200912,Low
Kutch,23.7337,69.8597,27.968508,Low
Varanasi,25.3176,82.9739,13.428309,Low
Vadodara,22.3072,73.1812,13.512005,Low
Thane,19.2183,72.9781,73.5233,High
Kanpur Nagar,26.4499,80.3319,52.442413,Medium
Balasore,21.4942,86.9317,3.581349,Low
Bengaluru Urban,12.9716,77.5946,91.50629,Critical
Tiruchirappalli,10.7905,78.7047,95.963844,Critical
Meerut,28.9845,77.7064,59.033863,Medium
Agra,27.1767,78.0081,10.890559,Low
Tumakuru,13.3409,77.101,91.59275,Critical
Tiruchirappalli,10.7905,78.7047,13.019618,Low
Chennai,13.0827,80.2707,97.9922,Critical
Varanasi,25.3176,82.9739,94.395485,Critical
Agra,27.1767,78.0081,91.303406,Critical
Vadodara,22.3072,73.1812,2.678591,Low
Bengaluru Urban,12.9716,77.5946,86.0112,Critical
Ahmedabad,23.0225,72.5714,94.68694,Critical
Lucknow,26.8467,80.9462,96.8593,Critical
Gandhinagar,23.2156,72.6369,95.75409,Critical
Nashik,19.9975,73.7898,86.853714,Critical
Agra,27.1767,78.0081,35.974693,Low
Tumakuru,13.3409,77.101,90.62307,Critical
Nashik,19.9975,73.7898,9.622135,Low
Pune,18.5204,73.8567,17.24913,Low
Pune,18.5204,73.8567,97.65316,Critical
Sundargarh,22.1167,84.0333,6.3096776,Low
Nashik,19.9975,73.7898,51.282265,Medium
Nagpur,21.1458,79.0882,11.846595,Low
Sundargarh,22.1167,84.0333,12.342726,Low
Surat,21.1702,72.8311,97.49331,Critical
Meerut,28.9845,77.7064,84.86324,Critical
Nashik,19.9975,73.7898,95.97395,Critical
Madurai,9.9252,78.1198,94.016205,Critical
Thane,19.2183,72.9781,97.46237,Critical
Mangaluru,12.9141,74.856,93.9041,Critical
Chennai,13.0827,80.2707,6.5031714,Low
Belagavi,15.8497,74.4977,91.97347,Critical
Nagpur,21.1458,79.0882,9.987849,Low
Khordha,20.1734,85.6745,3.1584017,Low
Salem,11.6643,78.146,87.61582,Critical
Kutch,23.7337,69.8597,90.479034,Critical
Agra,27.1767,78.0081,91.083496,Critical
Salem,11.6643,78.146,99.384285,Critical
Chennai,13.0827,80.2707,91.804436,Critical
Pune,18.5204,73.8567,94.51744,Critical
Kanpur Nagar,26.4499,80.3319,5.2035084,Low
Aurangabad,19.8762,75.3433,22.591736,Low
Belagavi,15.8497,74.4977,10.741432,Low
Belagavi,15.8497,74.4977,93.93835,Critical
Coimbatore,11.0168,76.9558,98.14341,Critical
Mangaluru,12.9141,74.856,96.906815,Critical
Aurangabad,19.8762,75.3433,11.010071,Low
Meerut,28.9845,77.7064,94.83997,Critical
Aurangabad,19.8762,75.3433,3.9596732,Low
Tiruchirappalli,10.7905,78.7047,92.62279,Critical
Rajkot,22.3039,70.8022,27.98768,Low
Surat,21.1702,72.8311,94.451744,Critical
Agra,27.1767,78.0081,94.17624,Critical
Varanasi,25.3176,82.9739,3.582089,Low
Aurangabad,19.8762,75.3433,49.613613,Medium
Salem,11.6643,78.146,34.62137,Low
Coimbatore,11.0168,76.9558,97.44678,Critical
Rajkot,22.3039,70.8022,56.51102,Medium
Varanasi,25.3176,82.9739,8.5708275,Low
Kanpur Nagar,26.4499,80.3319,91.7261,Critical
Kanpur Nagar,26.4499,80.3319,96.2794,Critical
Lucknow,26.8467,80.9462,92.216736,Critical
Sundargarh,22.1167,84.0333,12.80423,Low
Aurangabad,19.8762,75.3433,87.10777,Critical
Sundargarh,22.1167,84.0333,4.3887925,Low
Salem,11.6643,78.146,25.381338,Low
Varanasi,25.3176,82.9739,25.163857,Low
Mysuru,12.2958,76.6394,12.56759,Low
Gautam Buddha Nagar,28.5355,77.391,12.602072,Low
Lucknow,26.8467,80.9462,74.301186,High
Tiruchirappalli,10.7905,78.7047,16.791061,Low
Coimbatore,11.0168,76.9558,72.44691,High
Surat,21.1702,72.8311,96.579994,Critical
Gandhinagar,23.2156,72.6369,3.549429,Low
Salem,11.6643,78.146,21.62592,Low
Madurai,9.9252,78.1198,97.73323,Critical
Khordha,20.1734,85.6745,10.143799,Low
Bengaluru Urban,12.9716,77.5946,90.772354,Critical
Balasore,21.4942,86.9317,87.50057,Critical
Aurangabad,19.8762,75.3433,96.958725,Critical
Rajkot,22.3039,70.8022,80.269554,Critical
Varanasi,25.3176,82.9739,44.12136,Low
Ahmedabad,23.0225,72.5714,83.260155,Critical
Salem,11.6643,78.146,5.8206444,Low
Balasore,21.4942,86.9317,38.76839,Low
Balasore,21.4942,86.9317,7.221313,Low
Mysuru,12.2958,76.6394,5.619427,Low
Nagpur,21.1458,79.0882,78.07274,High
Khordha,20.1734,85.6745,92.35038,Critical
Kanpur Nagar,26.4499,80.3319,96.1654,Critical
Madurai,9.9252,78.1198,57.981586,Medium
Gautam Buddha Nagar,28.5355,77.391,2.4464662,Low
Rajkot,22.3039,70.8022,5.7583323,Low
Kanpur Nagar,26.4499,80.3319,55.8191,Medium
Tumakuru,13.3409,77.101,38.039387,Low
Tiruchirappalli,10.7905,78.7047,74.80271,High
Bengaluru Urban,12.9716,77.5946,63.997692,Medium
Belagavi,15.8497,74.4977,93.40819,Critical
Salem,11.6643,78.146,82.71014,Critical
Dharwad,15.4589,75.0078,97.920975,Critical
Gautam Buddha Nagar,28.5355,77.391,93.53748,Critical
Nashik,19.9975,73.7898,88.735886,Critical
Meerut,28.9845,77.7064,3.381076,Low
Belagavi,15.8497,74.4977,25.177702,Low
Gandhinagar,23.2156,72.6369,8.560956,Low
Dharwad,15.4589,75.0078,4.287674,Low
Ahmedabad,23.0225,72.5714,91.17004,Critical
Bengaluru Urban,12.9716,77.5946,91.45652,Critical
Pune,18.5204,73.8567,91.8741,Critical
Vadodara,22.3072,73.1812,94.76309,Critical
Chennai,13.0827,80.2707,92.920746,Critical
Agra,27.1767,78.0081,15.424479,Low
Agra,27.1767,78.0081,74.969025,High
Ahmedabad,23.0225,72.5714,11.303229,Low
Mangaluru,12.9141,74.856,4.0724134,Low
Thane,19.2183,72.9781,98.17301,Critical
Nagpur,21.1458,79.0882,57.237625,Medium
Tiruchirappalli,10.7905,78.7047,90.67985,Critical
Agra,27.1767,78.0081,10.621155,Low
Balasore,21.4942,86.9317,95.15096,Critical
Puri,19.8135,85.8312,94.83648,Critical
Agra,27.1767,78.0081,13.494913,Low
Varanasi,25.3176,82.9739,93.209724,Critical
Chennai,13.0827,80.2707,94.392815,Critical
Puri,19.8135,85.8312,27.820349,Low
Thane,19.2183,72.9781,13.409734,Low
Nashik,19.9975,73.7898,3.8588212,Low
Khordha,20.1734,85.6745,35.45632,Low
Tiruchirappalli,10.7905,78.7047,17.95705,Low
Pune,18.5204,73.8567,26.464548,Low
Surat,21.1702,72.8311,4.2195835,Low
Coimbatore,11.0168,76.9558,10.492037,Low
Meerut,28.9845,77.7064,95.28982,Critical
Mysuru,12.2958,76.6394,82.17279,Critical
Dharwad,15.4589,75.0078,71.63762,High
Ganjam,19.3871,84.7919,59.076096,Medium
Gandhinagar,23.2156,72.6369,3.7677877,Low
Salem,11.6643,78.146,34.7124,Low
Tiruchirappalli,10.7905,78.7047,33.648125,Low
Balasore,21.4942,86.9317,97.1122,Critical
Tumakuru,13.3409,77.101,8.357752,Low
Madurai,9.9252,78.1198,96.41464,Critical
Varanasi,25.3176,82.9739,89.398384,Critical
Nagpur,21.1458,79.0882,97.32151,Critical
Varanasi,25.3176,82.9739,5.6757507,Low
Nashik,19.9975,73.7898,22.514425,Low
Chennai,13.0827,80.2707,12.2528515,Low
Rajkot,22.3039,70.8022,94.73581,Critical
Tiruchirappalli,10.7905,78.7047,95.42053,Critical
Meerut,28.9845,77.7064,5.2421427,Low
Coimbatore,11.0168,76.9558,3.1594808,Low
Aurangabad,19.8762,75.3433,95.601585,Critical
Surat,21.1702,72.8311,96.24646,Critical
Balasore,21.4942,86.9317,87.11936,Critical
Rajkot,22.3039,70.8022,70.02643,High
Ahmedabad,23.0225,72.5714,2.918871,Low
Dharwad,15.4589,75.0078,28.389927,Low
Mangaluru,12.9141,74.856,84.35154,Critical
Cuttack,20.4625,85.883,79.12839,High
Khordha,20.1734,85.6745,68.847,High
Gandhinagar,23.2156,72.6369,95.127106,Critical
Chennai,13.0827,80.2707,94.224205,Critical
Nashik,19.9975,73.7898,23.546698,Low
Cuttack,20.4625,85.883,4.8141017,Low
Pune,18.5204,73.8567,96.22899,Critical
Tumakuru,13.3409,77.101,8.239707,Low
Rajkot,22.3039,70.8022,7.700622,Low
Salem,11.6643,78.146,11.504262,Low
Pune,18.5204,73.8567,96.60689,Critical
Vadodara,22.3072,73.1812,13.634864,Low
Kanpur Nagar,26.4499,80.3319,88.6513,Critical
Ahmedabad,23.0225,72.5714,7.483461,Low
Belagavi,15.8497,74.4977,86.452126,Critical
Thane,19.2183,72.9781,98.13167,Critical
Vadodara,22.3072,73.1812,88.892426,Critical
Nashik,19.9975,73.7898,8.675912,Low
Vadodara,22.3072,73.1812,40.641575,Low
Khordha,20.1734,85.6745,94.50293,Critical
Nagpur,21.1458,79.0882,96.343956,Critical
Tumakuru,13.3409,77.101,27.168856,Low
Mangaluru,12.9141,74.856,96.75543,Critical
Nagpur,21.1458,79.0882,91.56612,Critical
Balasore,21.4942,86.9317,95.792015,Critical
Varanasi,25.3176,82.9739,93.65618,Critical
Kanpur Nagar,26.4499,80.3319,6.545221,Low
Thane,19.2183,72.9781,25.42952,Low
Tumakuru,13.3409,77.101,29.07282,Low
Coimbatore,11.0168,76.9558,80.12007,Critical
Balasore,21.4942,86.9317,23.283506,Low
Varanasi,25.3176,82.9739,91.22022,Critical
Pune,18.5204,73.8567,19.852247,Low
Balasore,21.4942,86.9317,6.8461537,Low
Meerut,28.9845,77.7064,49.884613,Medium
Aurangabad,19.8762,75.3433,8.326706,Low
Puri,19.8135,85.8312,93.267105,Critical
Sundargarh,22.1167,84.0333,13.601642,Low
Sundargarh,22.1167,84.0333,23.217106,Low
Meerut,28.9845,77.7064,13.123827,Low
Mysuru,12.2958,76.6394,45.335625,Medium
Meerut,28.9845,77.7064,74.926704,High
Agra,27.1767,78.0081,2.3317235,Low
Meerut,28.9845,77.7064,94.779274,Critical
Belagavi,15.8497,74.4977,87.96322,Critical
Salem,11.6643,78.146,19.775604,Low
Mangaluru,12.9141,74.856,95.00855,Critical
Kanpur Nagar,26.4499,80.3319,96.07959,Critical
Meerut,28.9845,77.7064,74.062706,High
Surat,21.1702,72.8311,96.53725,Critical
Salem,11.6643,78.146,90.67695,Critical
Kutch,23.7337,69.8597,92.17204,Critical
Khordha,20.1734,85.6745,91.18266,Critical
Meerut,28.9845,77.7064,93.48647,Critical
Balasore,21.4942,86.9317,91.69487,Critical
Tiruchirappalli,10.7905,78.7047,97.67228,Critical
Khordha,20.1734,85.6745,96.66511,Critical
Chennai,13.0827,80.2707,92.80519,Critical
Gautam Buddha Nagar,28.5355,77.391,97.01974,Critical
Ganjam,19.3871,84.7919,9.007579,Low
Lucknow,26.8467,80.9462,4.5008235,Low
Kanpur Nagar,26.4499,80.3319,2.897933,Low
Belagavi,15.8497,74.4977,91.479645,Critical
Meerut,28.9845,77.7064,96.76753,Critical
Aurangabad,19.8762,75.3433,7.4640965,Low
Tumakuru,13.3409,77.101,7.2678633,Low
Kanpur Nagar,26.4499,80.3319,5.402754,Low
Gandhinagar,23.2156,72.6369,95.98025,Critical
Nashik,19.9975,73.7898,94.979095,Critical
Ganjam,19.3871,84.7919,10.104541,Low
Vadodara,22.3072,73.1812,4.465937,Low
Khordha,20.1734,85.6745,4.243609,Low
Nagpur,21.1458,79.0882,92.34291,Critical
Ganjam,19.3871,84.7919,10.412915,Low
Nagpur,21.1458,79.0882,3.297847,Low
Salem,11.6643,78.146,60.03096,Medium
Aurangabad,19.8762,75.3433,93.15416,Critical
Salem,11.6643,78.146,20.279194,Low
Puri,19.8135,85.8312,90.79109,Critical
Lucknow,26.8467,80.9462,11.653198,Low
Belagavi,15.8497,74.4977,60.90926,Medium
Salem,11.6643,78.146,7.099452,Low
Cuttack,20.4625,85.883,90.09158,Critical
Gautam Buddha Nagar,28.5355,77.391,91.54347,Critical
Ahmedabad,23.0225,72.5714,70.235985,High
Nashik,19.9975,73.7898,48.526447,Medium
Kutch,23.7337,69.8597,8.451445,Low
Varanasi,25.3176,82.9739,12.179228,Low
Rajkot,22.3039,70.8022,8.131477,Low
Tumakuru,13.3409,77.101,93.15303,Critical
Gandhinagar,23.2156,72.6369,86.65287,Critical
Mysuru,12.2958,76.6394,5.3644614,Low
Salem,11.6643,78.146,96.42496,Critical
Aurangabad,19.8762,75.3433,11.975402,Low
Vadodara,22.3072,73.1812,11.699791,Low
Cuttack,20.4625,85.883,6.9470673,Low
Gautam Buddha Nagar,28.5355,77.391,98.215935,Critical
Vadodara,22.3072,73.1812,9.624298,Low
Khordha,20.1734,85.6745,47.51721,Medium
Aurangabad,19.8762,75.3433,35.961548,Low
Dharwad,15.4589,75.0078,69.144196,High
Kanpur Nagar,26.4499,80.3319,6.439159,Low
Khordha,20.1734,85.6745,5.2097783,Low
Agra,27.1767,78.0081,95.17197,Critical
Khordha,20.1734,85.6745,92.77407,Critical
Khordha,20.1734,85.6745,4.170344,Low
Vadodara,22.3072,73.1812,91.38783,Critical
Balasore,21.4942,86.9317,97.3431,Critical
Gautam Buddha Nagar,28.5355,77.391,91.47793,Critical
Kutch,23.7337,69.8597,31.40385,Low
Pune,18.5204,73.8567,85.54152,Critical
Bengaluru Urban,12.9716,77.5946,97.34406,Critical
Lucknow,26.8467,80.9462,23.432163,Low
Gautam Buddha Nagar,28.5355,77.391,90.94819,Critical
Tiruchirappalli,10.7905,78.7047,45.815884,Medium
Kanpur Nagar,26.4499,80.3319,11.730413,Low
Kutch,23.7337,69.8597,4.2011137,Low
Tumakuru,13.3409,77.101,88.842476,Critical
Khordha,20.1734,85.6745,47.567787,Medium
Kutch,23.7337,69.8597,94.6566,Critical
Nashik,19.9975,73.7898,78.98147,High
Kanpur Nagar,26.4499,80.3319,5.692856,Low
Kanpur Nagar,26.4499,80.3319,63.080532,Medium
Surat,21.1702,72.8311,97.63937,Critical
Salem,11.6643,78.146,62.419224,Medium
Mangaluru,12.9141,74.856,91.840485,Critical
Vadodara,22.3072,73.1812,89.89316,Critical
Puri,19.8135,85.8312,9.982588,Low
Sundargarh,22.1167,84.0333,88.46082,Critical
Nagpur,21.1458,79.0882,93.744064,Critical
Pune,18.5204,73.8567,69.31011,High
Meerut,28.9845,77.7064,90.1242,Critical
Tiruchirappalli,10.7905,78.7047,83.12407,Critical
Salem,11.6643,78.146,15.117447,Low
Gautam Buddha Nagar,28.5355,77.391,26.212448,Low
Belagavi,15.8497,74.4977,33.436752,Low
Thane,19.2183,72.9781,94.3725,Critical
Salem,11.6643,78.146,13.853009,Low
Coimbatore,11.0168,76.9558,29.616434,Low
Ahmedabad,23.0225,72.5714,13.204549,Low
Nashik,19.9975,73.7898,23.659275,Low
Vadodara,22.3072,73.1812,13.529785,Low
Kutch,23.7337,69.8597,97.96878,Critical
Cuttack,20.4625,85.883,25.18673,Low
Gautam Buddha Nagar,28.5355,77.391,93.14599,Critical
Tiruchirappalli,10.7905,78.7047,5.3808465,Low
Kutch,23.7337,69.8597,24.219126,Low
Bengaluru Urban,12.9716,77.5946,7.812336,Low
Mangaluru,12.9141,74.856,94.985954,Critical
Chennai,13.0827,80.2707,10.598931,Low
Puri,19.8135,85.8312,96.86191,Critical
Chennai,13.0827,80.2707,11.018643,Low
Gandhinagar,23.2156,72.6369,51.367355,Medium
Thane,19.2183,72.9781,10.6441345,Low
Dharwad,15.4589,75.0078,95.321175,Critical
Belagavi,15.8497,74.4977,20.258512,Low
Nashik,19.9975,73.7898,91.26978,Critical
Tiruchirappalli,10.7905,78.7047,8.382669,Low
Madurai,9.9252,78.1198,95.46726,Critical
Kutch,23.7337,69.8597,89.0848,Critical
Agra,27.1767,78.0081,25.139109,Low
Rajkot,22.3039,70.8022,15.817007,Low
Surat,21.1702,72.8311,88.81768,Critical
Thane,19.2183,72.9781,85.20866,Critical
Ahmedabad,23.0225,72.5714,96.170334,Critical
Khordha,20.1734,85.6745,6.8782554,Low
Surat,21.1702,72.8311,8.57172,Low
Aurangabad,19.8762,75.3433,97.53543,Critical
Kanpur Nagar,26.4499,80.3319,93.128426,Critical
Lucknow,26.8467,80.9462,95.33545,Critical
Sundargarh,22.1167,84.0333,20.654062,Low
Varanasi,25.3176,82.9739,91.727196,Critical
Salem,11.6643,78.146,97.794525,Critical
Thane,19.2183,72.9781,88.93745,Critical
Thane,19.2183,72.9781,36.378883,Low
Kutch,23.7337,69.8597,5.9613185,Low
Tiruchirappalli,10.7905,78.7047,19.57389,Low
Ahmedabad,23.0225,72.5714,6.244174,Low
Khordha,20.1734,85.6745,20.458778,Low
Mysuru,12.2958,76.6394,36.19305,Low
Pune,18.5204,73.8567,27.00988,Low
Pune,18.5204,73.8567,9.282782,Low
Salem,11.6643,78.146,13.511671,Low
Balasore,21.4942,86.9317,87.704605,Critical
Balasore,21.4942,86.9317,10.104302,Low
Tiruchirappalli,10.7905,78.7047,80.64402,Critical
Aurangabad,19.8762,75.3433,18.390339,Low
Khordha,20.1734,85.6745,95.68223,Critical
Coimbatore,11.0168,76.9558,89.73694,Critical
Rajkot,22.3039,70.8022,4.513142,Low
Kutch,23.7337,69.8597,7.0703,Low
Lucknow,26.8467,80.9462,8.887848,Low
Aurangabad,19.8762,75.3433,2.8405895,Low
Mysuru,12.2958,76.6394,31.779,Low
Madurai,9.9252,78.1198,13.841583,Low
Aurangabad,19.8762,75.3433,7.4447145,Low
Ganjam,19.3871,84.7919,5.4333935,Low
Ahmedabad,23.0225,72.5714,60.85664,Medium
Sundargarh,22.1167,84.0333,73.40674,High
Lucknow,26.8467,80.9462,95.33173,Critical
Balasore,21.4942,86.9317,14.7693815,Low
Ganjam,19.3871,84.7919,25.11426,Low
Ganjam,19.3871,84.7919,97.72224,Critical
Kutch,23.7337,69.8597,93.35336,Critical
Tiruchirappalli,10.7905,78.7047,96.794754,Critical
Dharwad,15.4589,75.0078,7.9055214,Low
Puri,19.8135,85.8312,96.51517,Critical
Gautam Buddha Nagar,28.5355,77.391,3.4882069,Low
Nashik,19.9975,73.7898,21.790548,Low
Chennai,13.0827,80.2707,45.94956,Medium
Nashik,19.9975,73.7898,92.03928,Critical
Belagavi,15.8497,74.4977,40.842808,Low
Gautam Buddha Nagar,28.5355,77.391,91.47665,Critical
Varanasi,25.3176,82.9739,9.580766,Low
Kutch,23.7337,69.8597,13.81436,Low
Pune,18.5204,73.8567,91.43177,Critical
Meerut,28.9845,77.7064,97.47509,Critical
Cuttack,20.4625,85.883,93.80846,Critical
Meerut,28.9845,77.7064,16.794296,Low
Pune,18.5204,73.8567,94.03937,Critical
Puri,19.8135,85.8312,95.61292,Critical
Chennai,13.0827,80.2707,44.597435,Low
Rajkot,22.3039,70.8022,94.16971,Critical
Sundargarh,22.1167,84.0333,22.096992,Low
Sundargarh,22.1167,84.0333,78.803406,High
Gautam Buddha Nagar,28.5355,77.391,14.7341175,Low
Ahmedabad,23.0225,72.5714,93.91603,Critical
Balasore,21.4942,86.9317,91.654785,Critical
Ahmedabad,23.0225,72.5714,29.793015,Low
Kanpur Nagar,26.4499,80.3319,91.01618,Critical
Ahmedabad,23.0225,72.5714,26.143915,Low
Mysuru,12.2958,76.6394,12.930057,Low
Gautam Buddha Nagar,28.5355,77.391,19.511574,Low
Nashik,19.9975,73.7898,96.56156,Critical
Salem,11.6643,78.146,94.82888,Critical
Cuttack,20.4625,85.883,13.693699,Low
Thane,19.2183,72.9781,98.05397,Critical
Nagpur,21.1458,79.0882,94.5096,Critical
Kutch,23.7337,69.8597,95.52935,Critical
Mangaluru,12.9141,74.856,15.944378,Low
Nashik,19.9975,73.7898,52.731194,Medium
Aurangabad,19.8762,75.3433,94.01388,Critical
Chennai,13.0827,80.2707,10.21481,Low
Khordha,20.1734,85.6745,94.680916,Critical
Tumakuru,13.3409,77.101,97.71906,Critical
Gandhinagar,23.2156,72.6369,59.997646,Medium
Tiruchirappalli,10.7905,78.7047,97.222984,Critical
Vadodara,22.3072,73.1812,6.2079387,Low
Mangaluru,12.9141,74.856,96.26087,Critical
Aurangabad,19.8762,75.3433,57.87955,Medium
Pune,18.5204,73.8567,4.601764,Low
Dharwad,15.4589,75.0078,37.516644,Low
Nashik,19.9975,73.7898,94.17765,Critical
Khordha,20.1734,85.6745,93.86496,Critical
Khordha,20.1734,85.6745,14.9133625,Low
Tiruchirappalli,10.7905,78.7047,70.54169,High
Kanpur Nagar,26.4499,80.3319,36.894382,Low
Belagavi,15.8497,74.4977,96.00209,Critical
Tumakuru,13.3409,77.101,80.62726,Critical
Surat,21.1702,72.8311,79.77326,High
Tumakuru,13.3409,77.101,89.66127,Critical
Khordha,20.1734,85.6745,94.90772,Critical
Ganjam,19.3871,84.7919,95.19603,Critical
Gautam Buddha Nagar,28.5355,77.391,95.2945,Critical
Dharwad,15.4589,75.0078,22.262589,Low
Tumakuru,13.3409,77.101,7.2660894,Low
Thane,19.2183,72.9781,70.412056,High
Belagavi,15.8497,74.4977,94.65715,Critical
Coimbatore,11.0168,76.9558,93.779335,Critical
Gautam Buddha Nagar,28.5355,77.391,69.4459,High
Balasore,21.4942,86.9317,4.98919,Low
Gautam Buddha Nagar,28.5355,77.391,94.92644,Critical
Chennai,13.0827,80.2707,47.564922,Medium
Ganjam,19.3871,84.7919,21.014002,Low
Varanasi,25.3176,82.9739,83.1287,Critical
Puri,19.8135,85.8312,12.245851,Low
Agra,27.1767,78.0081,16.302595,Low
Mysuru,12.2958,76.6394,92.6805,Critical
Gandhinagar,23.2156,72.6369,96.30955,Critical
Mysuru,12.2958,76.6394,89.32091,Critical
Rajkot,22.3039,70.8022,98.706696,Critical
Belagavi,15.8497,74.4977,38.524525,Low
Coimbatore,11.0168,76.9558,13.637831,Low
Ahmedabad,23.0225,72.5714,37.61893,Low
Dharwad,15.4589,75.0078,34.891575,Low
Lucknow,26.8467,80.9462,71.83757,High
Gautam Buddha Nagar,28.5355,77.391,7.904442,Low
Mysuru,12.2958,76.6394,94.46712,Critical
Pune,18.5204,73.8567,89.9026,Critical
Gautam Buddha Nagar,28.5355,77.391,97.97773,Critical
Khordha,20.1734,85.6745,95.243286,Critical
Gautam Buddha Nagar,28.5355,77.391,96.07826,Critical
Ganjam,19.3871,84.7919,55.439926,Medium
Mangaluru,12.9141,74.856,92.178,Critical
Tumakuru,13.3409,77.101,95.49799,Critical
Kanpur Nagar,26.4499,80.3319,13.223375,Low
Mangaluru,12.9141,74.856,96.507095,Critical
Balasore,21.4942,86.9317,92.11149,Critical
Kutch,23.7337,69.8597,96.71395,Critical
Aurangabad,19.8762,75.3433,11.199959,Low
Mangaluru,12.9141,74.856,11.455017,Low
Lucknow,26.8467,80.9462,2.8383298,Low
Sundargarh,22.1167,84.0333,9.108384,Low
Pune,18.5204,73.8567,94.29869,Critical
Ganjam,19.3871,84.7919,96.263885,Critical
Cuttack,20.4625,85.883,92.65167,Critical
Belagavi,15.8497,74.4977,92.329735,Critical
Nagpur,21.1458,79.0882,18.013756,Low
Balasore,21.4942,86.9317,95.58333,Critical
Cuttack,20.4625,85.883,99.20704,Critical
Coimbatore,11.0168,76.9558,7.734276,Low
Salem,11.6643,78.146,12.47857,Low
Ganjam,19.3871,84.7919,4.6572256,Low
Ganjam,19.3871,84.7919,94.827446,Critical
Belagavi,15.8497,74.4977,97.7186,Critical
Tumakuru,13.3409,77.101,10.103677,Low
Belagavi,15.8497,74.4977,19.09173,Low
Thane,19.2183,72.9781,20.942947,Low
Cuttack,20.4625,85.883,5.0602636,Low
Tiruchirappalli,10.7905,78.7047,31.680506,Low
Mangaluru,12.9141,74.856,7.8285933,Low
Kutch,23.7337,69.8597,7.162061,Low
Gandhinagar,23.2156,72.6369,11.801975,Low
Chennai,13.0827,80.2707,33.983597,Low
Nashik,19.9975,73.7898,19.331186,Low
Vadodara,22.3072,73.1812,78.79343,High
Dharwad,15.4589,75.0078,80.4871,Critical
Gautam Buddha Nagar,28.5355,77.391,7.3754296,Low
Pune,18.5204,73.8567,92.24089,Critical
Mangaluru,12.9141,74.856,5.1010613,Low
Puri,19.8135,85.8312,4.6914587,Low
Pune,18.5204,73.8567,97.675835,Critical
Tiruchirappalli,10.7905,78.7047,92.34279,Critical
Puri,19.8135,85.8312,93.634384,Critical
Lucknow,26.8467,80.9462,97.724075,Critical
Varanasi,25.3176,82.9739,9.600444,Low
Surat,21.1702,72.8311,13.589351,Low
Nashik,19.9975,73.7898,7.0853753,Low
Gautam Buddha Nagar,28.5355,77.391,96.55717,Critical
Nagpur,21.1458,79.0882,80.20171,Critical
Ahmedabad,23.0225,72.5714,7.441438,Low
Kanpur Nagar,26.4499,80.3319,87.49556,Critical
Ahmedabad,23.0225,72.5714,82.437164,Critical
Vadodara,22.3072,73.1812,67.99017,High
Ahmedabad,23.0225,72.5714,7.4541698,Low
Tiruchirappalli,10.7905,78.7047,95.42189,Critical
Bengaluru Urban,12.9716,77.5946,94.18178,Critical
Khordha,20.1734,85.6745,18.642164,Low
Vadodara,22.3072,73.1812,36.59834,Low
Mangaluru,12.9141,74.856,5.8076167,Low
Madurai,9.9252,78.1198,86.558136,Critical
Ganjam,19.3871,84.7919,11.363532,Low
Varanasi,25.3176,82.9739,52.388126,Medium
Vadodara,22.3072,73.1812,16.248924,Low
Tiruchirappalli,10.7905,78.7047,62.304775,Medium
Pune,18.5204,73.8567,12.980318,Low
Cuttack,20.4625,85.883,95.23988,Critical
Madurai,9.9252,78.1198,58.397038,Medium
Varanasi,25.3176,82.9739,3.4636452,Low
Chennai,13.0827,80.2707,98.00185,Critical
Dharwad,15.4589,75.0078,96.68995,Critical
Thane,19.2183,72.9781,95.49161,Critical
Ganjam,19.3871,84.7919,92.767105,Critical
Surat,21.1702,72.8311,96.45739,Critical
Mangaluru,12.9141,74.856,98.483246,Critical
Tumakuru,13.3409,77.101,95.98406,Critical
Nashik,19.9975,73.7898,95.653114,Critical
Kanpur Nagar,26.4499,80.3319,5.0081697,Low
Thane,19.2183,72.9781,93.92854,Critical
Nashik,19.9975,73.7898,89.438034,Critical
Puri,19.8135,85.8312,24.767952,Low
Khordha,20.1734,85.6745,5.817431,Low
Mangaluru,12.9141,74.856,11.74182,Low
Lucknow,26.8467,80.9462,9.486469,Low
Surat,21.1702,72.8311,14.091211,Low
Tiruchirappalli,10.7905,78.7047,7.104586,Low
Aurangabad,19.8762,75.3433,10.522035,Low
Tiruchirappalli,10.7905,78.7047,7.196584,Low
Vadodara,22.3072,73.1812,95.02762,Critical
Mangaluru,12.9141,74.856,94.29162,Critical
Balasore,21.4942,86.9317,7.8621345,Low
Ganjam,19.3871,84.7919,10.040781,Low
Nagpur,21.1458,79.0882,12.489681,Low
Coimbatore,11.0168,76.9558,9.769101,Low
Ganjam,19.3871,84.7919,93.86048,Critical
Meerut,28.9845,77.7064,93.02699,Critical
Aurangabad,19.8762,75.3433,9.076136,Low
Sundargarh,22.1167,84.0333,94.670135,Critical
Chennai,13.0827,80.2707,96.73144,Critical
Nashik,19.9975,73.7898,20.756262,Low
Sundargarh,22.1167,84.0333,6.5091686,Low
Rajkot,22.3039,70.8022,6.0348783,Low
Meerut,28.9845,77.7064,90.28961,Critical
Chennai,13.0827,80.2707,71.29848,High
Kutch,23.7337,69.8597,5.5065327,Low
Tiruchirappalli,10.7905,78.7047,5.8065176,Low
Cuttack,20.4625,85.883,6.3945866,Low
Nagpur,21.1458,79.0882,5.7263756,Low
Dharwad,15.4589,75.0078,53.666668,Medium
Lucknow,26.8467,80.9462,5.4267673,Low
Tiruchirappalli,10.7905,78.7047,7.148225,Low
Nagpur,21.1458,79.0882,7.977797,Low
Bengaluru Urban,12.9716,77.5946,25.970325,Low
Salem,11.6643,78.146,7.120555,Low
Meerut,28.9845,77.7064,85.523315,Critical
Lucknow,26.8467,80.9462,95.450584,Critical
Mysuru,12.2958,76.6394,6.342516,Low
Tiruchirappalli,10.7905,78.7047,97.25428,Critical
Rajkot,22.3039,70.8022,19.326124,Low
Mangaluru,12.9141,74.856,10.416922,Low
Chennai,13.0827,80.2707,97.432434,Critical
Khordha,20.1734,85.6745,8.751404,Low
Tiruchirappalli,10.7905,78.7047,38.138924,Low
Coimbatore,11.0168,76.9558,8.059194,Low
Vadodara,22.3072,73.1812,4.7435174,Low
Ahmedabad,23.0225,72.5714,83.75567,Critical
Dharwad,15.4589,75.0078,95.70109,Critical
Puri,19.8135,85.8312,97.10981,Critical
Agra,27.1767,78.0081,92.541245,Critical
Ganjam,19.3871,84.7919,97.54128,Critical
Sundargarh,22.1167,84.0333,96.12941,Critical
Chennai,13.0827,80.2707,92.14362,Critical
Khordha,20.1734,85.6745,92.101616,Critical
Khordha,20.1734,85.6745,5.532117,Low
Sundargarh,22.1167,84.0333,51.55823,Medium
Balasore,21.4942,86.9317,13.274913,Low
Meerut,28.9845,77.7064,7.693868,Low
Khordha,20.1734,85.6745,4.7295985,Low
Cuttack,20.4625,85.883,92.605446,Critical
Khordha,20.1734,85.6745,89.67925,Critical
Aurangabad,19.8762,75.3433,93.22746,Critical
Gandhinagar,23.2156,72.6369,96.79478,Critical
Salem,11.6643,78.146,42.81064,Low
Dharwad,15.4589,75.0078,13.407365,Low
Bengaluru Urban,12.9716,77.5946,93.54369,Critical
Coimbatore,11.0168,76.9558,24.45789,Low
Vadodara,22.3072,73.1812,9.189742,Low
Madurai,9.9252,78.1198,97.57131,Critical
Rajkot,22.3039,70.8022,96.31608,Critical
Gandhinagar,23.2156,72.6369,9.265362,Low
Gandhinagar,23.2156,72.6369,86.44525,Critical
Cuttack,20.4625,85.883,10.451081,Low
Surat,21.1702,72.8311,86.3798,Critical
Pune,18.5204,73.8567,97.10231,Critical
Meerut,28.9845,77.7064,86.60723,Critical
Surat,21.1702,72.8311,83.351036,Critical
Nashik,19.9975,73.7898,6.3226795,Low
Chennai,13.0827,80.2707,61.608677,Medium
Tiruchirappalli,10.7905,78.7047,17.136497,Low
Aurangabad,19.8762,75.3433,96.174034,Critical
Kanpur Nagar,26.4499,80.3319,91.50153,Critical
Cuttack,20.4625,85.883,96.371056,Critical
Nagpur,21.1458,79.0882,7.4904723,Low
Kanpur Nagar,26.4499,80.3319,6.1049266,Low
Varanasi,25.3176,82.9739,11.681886,Low
Salem,11.6643,78.146,71.39148,High
Kanpur Nagar,26.4499,80.3319,13.192717,Low
Nagpur,21.1458,79.0882,96.01342,Critical
Balasore,21.4942,86.9317,95.52851,Critical
Balasore,21.4942,86.9317,87.622696,Critical
Tumakuru,13.3409,77.101,96.50688,Critical
Gautam Buddha Nagar,28.5355,77.391,7.272274,Low
Madurai,9.9252,78.1198,95.766335,Critical
Coimbatore,11.0168,76.9558,89.77245,Critical
Lucknow,26.8467,80.9462,90.08218,Critical
Bengaluru Urban,12.9716,77.5946,23.558067,Low
Pune,18.5204,73.8567,6.3784404,Low
Meerut,28.9845,77.7064,76.81967,High
Nagpur,21.1458,79.0882,3.93399,Low
Mysuru,12.2958,76.6394,97.65675,Critical
Khordha,20.1734,85.6745,3.1476784,Low
Aurangabad,19.8762,75.3433,83.011734,Critical
Tumakuru,13.3409,77.101,45.225838,Medium
Salem,11.6643,78.146,5.358746,Low
Vadodara,22.3072,73.1812,90.050026,Critical
Ganjam,19.3871,84.7919,87.28263,Critical
Chennai,13.0827,80.2707,97.20167,Critical
Salem,11.6643,78.146,7.1669154,Low
Kutch,23.7337,69.8597,6.972709,Low
Tiruchirappalli,10.7905,78.7047,97.60449,Critical
Coimbatore,11.0168,76.9558,69.08525,High
Salem,11.6643,78.146,96.727,Critical
Puri,19.8135,85.8312,10.804011,Low
Madurai,9.9252,78.1198,96.011696,Critical
Belagavi,15.8497,74.4977,10.060787,Low
Salem,11.6643,78.146,93.838036,Critical
Surat,21.1702,72.8311,95.77272,Critical
Cuttack,20.4625,85.883,94.816154,Critical
Mysuru,12.2958,76.6394,3.252133,Low
Agra,27.1767,78.0081,97.738045,Critical
Kanpur Nagar,26.4499,80.3319,96.79727,Critical
Mysuru,12.2958,76.6394,54.896374,Medium
Khordha,20.1734,85.6745,64.00174,Medium
Meerut,28.9845,77.7064,19.585648,Low
Cuttack,20.4625,85.883,95.54472,Critical
Belagavi,15.8497,74.4977,84.54793,Critical
Aurangabad,19.8762,75.3433,90.99989,Critical
Nagpur,21.1458,79.0882,71.9288,High
Lucknow,26.8467,80.9462,75.49646,High
Gautam Buddha Nagar,28.5355,77.391,7.7237325,Low
Aurangabad,19.8762,75.3433,22.9206,Low
Madurai,9.9252,78.1198,91.81171,Critical
Ahmedabad,23.0225,72.5714,93.94053,Critical
Nagpur,21.1458,79.0882,89.626495,Critical
Ganjam,19.3871,84.7919,22.461254,Low
Mangaluru,12.9141,74.856,10.922955,Low
Meerut,28.9845,77.7064,95.3323,Critical
Belagavi,15.8497,74.4977,97.166115,Critical
Pune,18.5204,73.8567,6.4284234,Low
Lucknow,26.8467,80.9462,92.098625,Critical
Khordha,20.1734,85.6745,93.12619,Critical
Nashik,19.9975,73.7898,96.03813,Critical
Kutch,23.7337,69.8597,12.32226,Low
Rajkot,22.3039,70.8022,7.771495,Low
Ahmedabad,23.0225,72.5714,96.64038,Critical
Tumakuru,13.3409,77.101,95.32232,Critical
Puri,19.8135,85.8312,9.829438,Low
Puri,19.8135,85.8312,98.12705,Critical
Pune,18.5204,73.8567,97.0368,Critical
Thane,19.2183,72.9781,93.56816,Critical
Puri,19.8135,85.8312,15.181022,Low
Agra,27.1767,78.0081,5.1735888,Low
Puri,19.8135,85.8312,94.80282,Critical
Coimbatore,11.0168,76.9558,6.024988,Low
Meerut,28.9845,77.7064,25.57699,Low
Khordha,20.1734,85.6745,26.93881,Low
Bengaluru Urban,12.9716,77.5946,10.773234,Low
Surat,21.1702,72.8311,18.939362,Low
Coimbatore,11.0168,76.9558,88.575836,Critical
Varanasi,25.3176,82.9739,77.804115,High
Dharwad,15.4589,75.0078,82.675186,Critical
Kutch,23.7337,69.8597,94.36392,Critical
Rajkot,22.3039,70.8022,91.77878,Critical
Madurai,9.9252,78.1198,13.158464,Low
Sundargarh,22.1167,84.0333,92.75966,Critical
Tumakuru,13.3409,77.101,41.483543,Low
Thane,19.2183,72.9781,4.3357325,Low
Kanpur Nagar,26.4499,80.3319,95.112434,Critical
Tiruchirappalli,10.7905,78.7047,94.21965,Critical
Gautam Buddha Nagar,28.5355,77.391,6.2424965,Low
Sundargarh,22.1167,84.0333,27.73579,Low
Gandhinagar,23.2156,72.6369,97.506615,Critical
Rajkot,22.3039,70.8022,75.310356,High
Balasore,21.4942,86.9317,7.7499957,Low
Surat,21.1702,72.8311,98.659096,Critical
Lucknow,26.8467,80.9462,93.14094,Critical
Thane,19.2183,72.9781,96.38984,Critical
Aurangabad,19.8762,75.3433,20.92974,Low
Tumakuru,13.3409,77.101,93.55957,Critical
Pune,18.5204,73.8567,10.811558,Low
Tiruchirappalli,10.7905,78.7047,12.779694,Low
Rajkot,22.3039,70.8022,94.94838,Critical
Balasore,21.4942,86.9317,89.26316,Critical
Balasore,21.4942,86.9317,33.366684,Low
Balasore,21.4942,86.9317,89.67556,Critical
Sundargarh,22.1167,84.0333,9.540304,Low
Pune,18.5204,73.8567,15.15294,Low
Agra,27.1767,78.0081,4.9264765,Low
Aurangabad,19.8762,75.3433,89.95238,Critical
Madurai,9.9252,78.1198,15.730317,Low
Cuttack,20.4625,85.883,2.412264,Low
Madurai,9.9252,78.1198,96.22728,Critical
Madurai,9.9252,78.1198,9.106028,Low
Nagpur,21.1458,79.0882,97.6922,Critical
Balasore,21.4942,86.9317,85.33268,Critical
Agra,27.1767,78.0081,15.531865,Low
Dharwad,15.4589,75.0078,94.376114,Critical
Pune,18.5204,73.8567,4.2582283,Low
Nashik,19.9975,73.7898,97.07326,Critical
Salem,11.6643,78.146,7.3172064,Low
Varanasi,25.3176,82.9739,8.168819,Low
Varanasi,25.3176,82.9739,95.80723,Critical
Balasore,21.4942,86.9317,55.474506,Medium
Chennai,13.0827,80.2707,93.14841,Critical
Puri,19.8135,85.8312,96.29284,Critical
Ahmedabad,23.0225,72.5714,79.919395,High
Aurangabad,19.8762,75.3433,11.882445,Low
Tumakuru,13.3409,77.101,92.84451,Critical
Sundargarh,22.1167,84.0333,15.427683,Low
Vadodara,22.3072,73.1812,91.65164,Critical
Thane,19.2183,72.9781,10.445521,Low
Chennai,13.0827,80.2707,96.93742,Critical
Lucknow,26.8467,80.9462,14.712522,Low
Vadodara,22.3072,73.1812,91.071205,Critical
Thane,19.2183,72.9781,7.8909926,Low
Surat,21.1702,72.8311,36.609203,Low
Sundargarh,22.1167,84.0333,47.81961,Medium
Belagavi,15.8497,74.4977,86.54891,Critical
Chennai,13.0827,80.2707,31.619019,Low
Dharwad,15.4589,75.0078,92.29609,Critical
Gautam Buddha Nagar,28.5355,77.391,94.608795,Critical
Coimbatore,11.0168,76.9558,6.4323983,Low
Bengaluru Urban,12.9716,77.5946,54.727966,Medium
Pune,18.5204,73.8567,98.35677,Critical
Meerut,28.9845,77.7064,8.332094,Low
Meerut,28.9845,77.7064,59.370678,Medium
Tiruchirappalli,10.7905,78.7047,95.53129,Critical
Dharwad,15.4589,75.0078,94.2223,Critical
Agra,27.1767,78.0081,94.833084,Critical
Lucknow,26.8467,80.9462,28.938528,Low
Gandhinagar,23.2156,72.6369,1.5839531,Low
Salem,11.6643,78.146,4.8773503,Low
Kanpur Nagar,26.4499,80.3319,96.21443,Critical
Pune,18.5204,73.8567,8.61537,Low
Cuttack,20.4625,85.883,91.43185,Critical
Gautam Buddha Nagar,28.5355,77.391,96.013916,Critical
Ahmedabad,23.0225,72.5714,24.28356,Low
Pune,18.5204,73.8567,9.879369,Low
Chennai,13.0827,80.2707,5.599177,Low
Agra,27.1767,78.0081,9.560293,Low
Varanasi,25.3176,82.9739,4.644703,Low
Thane,19.2183,72.9781,6.1699977,Low
Sundargarh,22.1167,84.0333,2.9773588,Low
Kutch,23.7337,69.8597,95.28508,Critical
Gautam Buddha Nagar,28.5355,77.391,97.89547,Critical
Gautam Buddha Nagar,28.5355,77.391,95.81319,Critical
Varanasi,25.3176,82.9739,23.76751,Low
Gautam Buddha Nagar,28.5355,77.391,56.933422,Medium
Chennai,13.0827,80.2707,91.89297,Critical
Salem,11.6643,78.146,86.24259,Critical
Chennai,13.0827,80.2707,96.79479,Critical
Sundargarh,22.1167,84.0333,5.674218,Low
Meerut,28.9845,77.7064,89.63118,Critical
Thane,19.2183,72.9781,92.92166,Critical
Tumakuru,13.3409,77.101,17.10245,Low
Surat,21.1702,72.8311,92.81579,Critical
Nashik,19.9975,73.7898,98.68766,Critical
Sundargarh,22.1167,84.0333,76.67015,High
Pune,18.5204,73.8567,12.0663395,Low
Vadodara,22.3072,73.1812,14.242623,Low
Nagpur,21.1458,79.0882,67.91182,High
Puri,19.8135,85.8312,4.0861235,Low
Dharwad,15.4589,75.0078,11.749365,Low
Tiruchirappalli,10.7905,78.7047,32.09288,Low
Vadodara,22.3072,73.1812,21.580135,Low
Surat,21.1702,72.8311,95.80677,Critical
Tumakuru,13.3409,77.101,96.38313,Critical
Varanasi,25.3176,82.9739,91.29758,Critical
Khordha,20.1734,85.6745,17.346611,Low
Varanasi,25.3176,82.9739,6.130008,Low
Gautam Buddha Nagar,28.5355,77.391,95.75817,Critical
Bengaluru Urban,12.9716,77.5946,98.66844,Critical
Ganjam,19.3871,84.7919,80.70196,Critical
Belagavi,15.8497,74.4977,43.33798,Low
Mysuru,12.2958,76.6394,12.631969,Low
Chennai,13.0827,80.2707,12.497357,Low
Gandhinagar,23.2156,72.6369,98.63501,Critical
Nagpur,21.1458,79.0882,87.49214,Critical
Varanasi,25.3176,82.9739,86.48749,Critical
Puri,19.8135,85.8312,93.61811,Critical
Pune,18.5204,73.8567,91.76593,Critical
Bengaluru Urban,12.9716,77.5946,6.0769277,Low
Khordha,20.1734,85.6745,83.16626,Critical
Ganjam,19.3871,84.7919,90.1133,Critical
Pune,18.5204,73.8567,82.599365,Critical
Sundargarh,22.1167,84.0333,94.94672,Critical
Vadodara,22.3072,73.1812,4.8639917,Low
Agra,27.1767,78.0081,5.7152605,Low
Mysuru,12.2958,76.6394,7.1520014,Low
Salem,11.6643,78.146,8.084943,Low
Pune,18.5204,73.8567,95.263824,Critical
Sundargarh,22.1167,84.0333,6.04123,Low
Madurai,9.9252,78.1198,7.5183315,Low
Pune,18.5204,73.8567,40.35018,Low
Ahmedabad,23.0225,72.5714,29.711142,Low
Rajkot,22.3039,70.8022,95.75357,Critical
Rajkot,22.3039,70.8022,8.615371,Low
Balasore,21.4942,86.9317,4.80605,Low
Khordha,20.1734,85.6745,94.49328,Critical
Gautam Buddha Nagar,28.5355,77.391,96.84207,Critical
Cuttack,20.4625,85.883,97.119156,Critical
Nagpur,21.1458,79.0882,34.26708,Low
Tumakuru,13.3409,77.101,95.202866,Critical
Rajkot,22.3039,70.8022,66.86312,High
Dharwad,15.4589,75.0078,88.75954,Critical
Madurai,9.9252,78.1198,95.553474,Critical
Nagpur,21.1458,79.0882,4.137331,Low
Rajkot,22.3039,70.8022,72.44374,High
Mangaluru,12.9141,74.856,89.45011,Critical
Nagpur,21.1458,79.0882,77.22861,High
Surat,21.1702,72.8311,11.133886,Low
Aurangabad,19.8762,75.3433,15.739836,Low
Nashik,19.9975,73.7898,97.201164,Critical
Vadodara,22.3072,73.1812,22.004805,Low
Puri,19.8135,85.8312,8.631241,Low
Belagavi,15.8497,74.4977,8.218799,Low
Salem,11.6643,78.146,3.6095407,Low
Rajkot,22.3039,70.8022,95.645294,Critical
Mysuru,12.2958,76.6394,6.581948,Low
Nashik,19.9975,73.7898,95.74207,Critical
Ganjam,19.3871,84.7919,86.336586,Critical
Vadodara,22.3072,73.1812,5.4914765,Low
Bengaluru Urban,12.9716,77.5946,33.19481,Low
Gautam Buddha Nagar,28.5355,77.391,18.934904,Low
Nashik,19.9975,73.7898,87.043785,Critical
Ahmedabad,23.0225,72.5714,97.754875,Critical
Kanpur Nagar,26.4499,80.3319,16.968307,Low
Ahmedabad,23.0225,72.5714,6.2592654,Low
Salem,11.6643,78.146,91.212204,Critical
Agra,27.1767,78.0081,12.266226,Low
Madurai,9.9252,78.1198,4.150092,Low
Belagavi,15.8497,74.4977,2.7440388,Low
Nagpur,21.1458,79.0882,80.027565,Critical
Mysuru,12.2958,76.6394,5.849288,Low
Mysuru,12.2958,76.6394,94.83238,Critical
Sundargarh,22.1167,84.0333,57.815193,Medium
Balasore,21.4942,86.9317,79.47923,High
Rajkot,22.3039,70.8022,25.568413,Low
Salem,11.6643,78.146,97.226906,Critical
Mangaluru,12.9141,74.856,7.0907154,Low
Dharwad,15.4589,75.0078,9.632448,Low
Tumakuru,13.3409,77.101,8.780726,Low
Bengaluru Urban,12.9716,77.5946,35.708904,Low
Madurai,9.9252,78.1198,90.98385,Critical
Pune,18.5204,73.8567,7.9704456,Low
Puri,19.8135,85.8312,2.56207,Low
Gautam Buddha Nagar,28.5355,77.391,90.035515,Critical
Nashik,19.9975,73.7898,87.38859,Critical
Bengaluru Urban,12.9716,77.5946,10.629631,Low
Varanasi,25.3176,82.9739,7.3212805,Low
Gandhinagar,23.2156,72.6369,58.392246,Medium
Coimbatore,11.0168,76.9558,21.28338,Low
Tumakuru,13.3409,77.101,4.9165573,Low
Aurangabad,19.8762,75.3433,94.45797,Critical
Khordha,20.1734,85.6745,1.8812531,Low
Mysuru,12.2958,76.6394,93.85348,Critical
Kanpur Nagar,26.4499,80.3319,44.071434,Low
Gautam Buddha Nagar,28.5355,77.391,5.260303,Low
Gandhinagar,23.2156,72.6369,90.63112,Critical
Balasore,21.4942,86.9317,93.39397,Critical
Kanpur Nagar,26.4499,80.3319,88.61951,Critical
Surat,21.1702,72.8311,16.87767,Low
Rajkot,22.3039,70.8022,5.4266243,Low
Pune,18.5204,73.8567,94.55822,Critical
Agra,27.1767,78.0081,91.1533,Critical
Balasore,21.4942,86.9317,45.685486,Medium
Gautam Buddha Nagar,28.5355,77.391,5.8024306,Low
Belagavi,15.8497,74.4977,12.373489,Low
Bengaluru Urban,12.9716,77.5946,9.813374,Low
Balasore,21.4942,86.9317,92.90543,Critical
Lucknow,26.8467,80.9462,98.96732,Critical
Tumakuru,13.3409,77.101,97.83174,Critical
Balasore,21.4942,86.9317,2.5588548,Low
Balasore,21.4942,86.9317,94.73374,Critical
Tumakuru,13.3409,77.101,95.14836,Critical
Coimbatore,11.0168,76.9558,96.34304,Critical
Kutch,23.7337,69.8597,86.02844,Critical
Thane,19.2183,72.9781,8.263621,Low
Ganjam,19.3871,84.7919,51.45804,Medium
Dharwad,15.4589,75.0078,7.598411,Low
Madurai,9.9252,78.1198,93.86942,Critical
Ahmedabad,23.0225,72.5714,95.378525,Critical
Lucknow,26.8467,80.9462,92.48861,Critical
Mangaluru,12.9141,74.856,97.93517,Critical
Madurai,9.9252,78.1198,95.783264,Critical
Gautam Buddha Nagar,28.5355,77.391,25.27601,Low
Gautam Buddha Nagar,28.5355,77.391,89.50977,Critical
Kutch,23.7337,69.8597,24.783136,Low
Rajkot,22.3039,70.8022,8.753679,Low
Ahmedabad,23.0225,72.5714,95.387375,Critical
Cuttack,20.4625,85.883,27.979145,Low
Belagavi,15.8497,74.4977,95.9797,Critical
Gautam Buddha Nagar,28.5355,77.391,9.147534,Low
Surat,21.1702,72.8311,7.459311,Low
Bengaluru Urban,12.9716,77.5946,90.91462,Critical
Salem,11.6643,78.146,89.523735,Critical
Aurangabad,19.8762,75.3433,10.547181,Low
Gandhinagar,23.2156,72.6369,94.30032,Critical
Mangaluru,12.9141,74.856,90.372375,Critical
Chennai,13.0827,80.2707,88.98169,Critical
Chennai,13.0827,80.2707,95.69156,Critical
Nashik,19.9975,73.7898,10.325154,Low
Pune,18.5204,73.8567,12.608528,Low
Agra,27.1767,78.0081,92.453026,Critical
Gandhinagar,23.2156,72.6369,3.8998413,Low
Agra,27.1767,78.0081,93.637886,Critical
Surat,21.1702,72.8311,95.109276,Critical
Aurangabad,19.8762,75.3433,96.97393,Critical
Surat,21.1702,72.8311,3.6667438,Low
Rajkot,22.3039,70.8022,15.452288,Low
Chennai,13.0827,80.2707,96.9201,Critical
Mangaluru,12.9141,74.856,52.03884,Medium
Thane,19.2183,72.9781,90.87557,Critical
Dharwad,15.4589,75.0078,93.078606,Critical
Cuttack,20.4625,85.883,82.80456,Critical
Pune,18.5204,73.8567,6.9368997,Low
Nashik,19.9975,73.7898,97.58822,Critical
Thane,19.2183,72.9781,4.873488,Low
Bengaluru Urban,12.9716,77.5946,76.10961,High
Gautam Buddha Nagar,28.5355,77.391,8.350919,Low
Tiruchirappalli,10.7905,78.7047,18.988684,Low
Sundargarh,22.1167,84.0333,2.6895022,Low
Pune,18.5204,73.8567,52.272243,Medium
Nashik,19.9975,73.7898,8.911544,Low
Nagpur,21.1458,79.0882,95.56458,Critical
Ahmedabad,23.0225,72.5714,38.883007,Low
Vadodara,22.3072,73.1812,51.40065,Medium
Madurai,9.9252,78.1198,95.8635,Critical
Belagavi,15.8497,74.4977,90.01618,Critical
Madurai,9.9252,78.1198,4.4132934,Low
Mysuru,12.2958,76.6394,62.749077,Medium
Thane,19.2183,72.9781,93.85383,Critical
Coimbatore,11.0168,76.9558,96.5781,Critical
Nagpur,21.1458,79.0882,8.363261,Low
Gandhinagar,23.2156,72.6369,82.042244,Critical
Lucknow,26.8467,80.9462,89.84296,Critical
Madurai,9.9252,78.1198,5.849892,Low
Pune,18.5204,73.8567,93.07428,Critical
Nagpur,21.1458,79.0882,97.034195,Critical
Mangaluru,12.9141,74.856,21.09051,Low
Aurangabad,19.8762,75.3433,7.926994,Low
Coimbatore,11.0168,76.9558,11.861078,Low
Surat,21.1702,72.8311,8.381264,Low
Coimbatore,11.0168,76.9558,17.580627,Low
Ahmedabad,23.0225,72.5714,90.54867,Critical
Nagpur,21.1458,79.0882,58.88496,Medium
Lucknow,26.8467,80.9462,95.18778,Critical
Puri,19.8135,85.8312,90.450356,Critical
Kutch,23.7337,69.8597,94.21012,Critical
Nashik,19.9975,73.7898,93.569954,Critical
Mangaluru,12.9141,74.856,16.717974,Low
Balasore,21.4942,86.9317,96.06237,Critical
Varanasi,25.3176,82.9739,10.139232,Low
Meerut,28.9845,77.7064,7.228606,Low
Cuttack,20.4625,85.883,96.91665,Critical
Pune,18.5204,73.8567,94.03041,Critical
Agra,27.1767,78.0081,29.306662,Low
Vadodara,22.3072,73.1812,63.675945,Medium
Chennai,13.0827,80.2707,6.9163136,Low
Coimbatore,11.0168,76.9558,7.348071,Low
Tiruchirappalli,10.7905,78.7047,12.129069,Low
Ganjam,19.3871,84.7919,16.67641,Low
Tumakuru,13.3409,77.101,89.13007,Critical
Ganjam,19.3871,84.7919,65.16399,High
Nashik,19.9975,73.7898,96.393295,Critical
Salem,11.6643,78.146,3.1133676,Low
Vadodara,22.3072,73.1812,94.41211,Critical
Belagavi,15.8497,74.4977,6.491592,Low
Tumakuru,13.3409,77.101,88.558395,Critical
Agra,27.1767,78.0081,95.00878,Critical
Agra,27.1767,78.0081,15.010992,Low
Gandhinagar,23.2156,72.6369,97.229645,Critical
Ganjam,19.3871,84.7919,4.8860307,Low
Belagavi,15.8497,74.4977,11.035768,Low
Ahmedabad,23.0225,72.5714,91.977066,Critical
Chennai,13.0827,80.2707,89.64102,Critical
Pune,18.5204,73.8567,62.051945,Medium
Varanasi,25.3176,82.9739,6.9176183,Low
Nagpur,21.1458,79.0882,17.660892,Low
Nashik,19.9975,73.7898,96.0311,Critical
Varanasi,25.3176,82.9739,87.05873,Critical
Tumakuru,13.3409,77.101,5.978507,Low
Tiruchirappalli,10.7905,78.7047,88.55494,Critical
Madurai,9.9252,78.1198,98.07307,Critical
Nagpur,21.1458,79.0882,97.48152,Critical
Balasore,21.4942,86.9317,91.853645,Critical
Surat,21.1702,72.8311,96.47241,Critical
Vadodara,22.3072,73.1812,67.40822,High
Sundargarh,22.1167,84.0333,95.947365,Critical
Chennai,13.0827,80.2707,5.0642123,Low
Kutch,23.7337,69.8597,28.017065,Low
Bengaluru Urban,12.9716,77.5946,24.65384,Low
Ahmedabad,23.0225,72.5714,22.457958,Low
Balasore,21.4942,86.9317,5.5894046,Low
Tiruchirappalli,10.7905,78.7047,4.711677,Low
Sundargarh,22.1167,84.0333,52.63052,Medium
Tumakuru,13.3409,77.101,94.59219,Critical
Lucknow,26.8467,80.9462,60.034363,Medium
Aurangabad,19.8762,75.3433,14.305906,Low
Aurangabad,19.8762,75.3433,6.652146,Low
Surat,21.1702,72.8311,92.16732,Critical
Rajkot,22.3039,70.8022,4.873701,Low
Thane,19.2183,72.9781,36.565285,Low
Varanasi,25.3176,82.9739,23.369421,Low
Tiruchirappalli,10.7905,78.7047,4.9650354,Low
Tiruchirappalli,10.7905,78.7047,92.43371,Critical
Puri,19.8135,85.8312,4.0694246,Low
Balasore,21.4942,86.9317,90.571625,Critical
Meerut,28.9845,77.7064,46.54637,Medium
Mysuru,12.2958,76.6394,7.6794662,Low
Belagavi,15.8497,74.4977,83.09298,Critical
Balasore,21.4942,86.9317,93.50704,Critical
Puri,19.8135,85.8312,86.35503,Critical
Lucknow,26.8467,80.9462,22.044092,Low
Kanpur Nagar,26.4499,80.3319,60.942818,Medium
Aurangabad,19.8762,75.3433,1.6874648,Low
Kutch,23.7337,69.8597,35.550304,Low
Meerut,28.9845,77.7064,40.623547,Low
Tumakuru,13.3409,77.101,26.259098,Low
Khordha,20.1734,85.6745,19.302597,Low
Chennai,13.0827,80.2707,97.125694,Critical
Meerut,28.9845,77.7064,91.99065,Critical
Agra,27.1767,78.0081,96.66962,Critical
Tumakuru,13.3409,77.101,9.11672,Low
Coimbatore,11.0168,76.9558,9.774425,Low
Nashik,19.9975,73.7898,7.8265333,Low
Madurai,9.9252,78.1198,94.73164,Critical
Kutch,23.7337,69.8597,7.7219315,Low
Salem,11.6643,78.146,6.612929,Low
Ahmedabad,23.0225,72.5714,93.78081,Critical
Varanasi,25.3176,82.9739,3.1231236,Low
Nashik,19.9975,73.7898,91.791885,Critical
Agra,27.1767,78.0081,16.299,Low
Kanpur Nagar,26.4499,80.3319,24.445887,Low
Nagpur,21.1458,79.0882,96.56842,Critical
Varanasi,25.3176,82.9739,87.004265,Critical
Chennai,13.0827,80.2707,94.87374,Critical
Ganjam,19.3871,84.7919,8.6033535,Low
Kanpur Nagar,26.4499,80.3319,3.8855352,Low
Nashik,19.9975,73.7898,11.174243,Low
Madurai,9.9252,78.1198,11.295106,Low
Nashik,19.9975,73.7898,10.221298,Low
Cuttack,20.4625,85.883,1.7830508,Low
Lucknow,26.8467,80.9462,94.97568,Critical
Kutch,23.7337,69.8597,97.75223,Critical
Coimbatore,11.0168,76.9558,46.54397,Medium
Cuttack,20.4625,85.883,93.01073,Critical
Dharwad,15.4589,75.0078,86.73836,Critical
Nashik,19.9975,73.7898,48.826218,Medium
Lucknow,26.8467,80.9462,94.67265,Critical
Pune,18.5204,73.8567,19.648235,Low
Vadodara,22.3072,73.1812,7.1259246,Low
Aurangabad,19.8762,75.3433,72.66703,High
Dharwad,15.4589,75.0078,6.1560254,Low
Coimbatore,11.0168,76.9558,5.970277,Low
Pune,18.5204,73.8567,15.971557,Low
Belagavi,15.8497,74.4977,4.0360956,Low
Varanasi,25.3176,82.9739,84.1297,Critical
Madurai,9.9252,78.1198,5.9938087,Low
Cuttack,20.4625,85.883,6.215802,Low
Khordha,20.1734,85.6745,9.287806,Low
Lucknow,26.8467,80.9462,87.61089,Critical
Belagavi,15.8497,74.4977,10.682844,Low
Thane,19.2183,72.9781,85.19545,Critical
Salem,11.6643,78.146,6.628676,Low
Rajkot,22.3039,70.8022,93.27751,Critical
Mangaluru,12.9141,74.856,4.934126,Low
Salem,11.6643,78.146,95.50504,Critical
Coimbatore,11.0168,76.9558,92.50837,Critical
Puri,19.8135,85.8312,97.6987,Critical
Tiruchirappalli,10.7905,78.7047,12.942836,Low
Sundargarh,22.1167,84.0333,94.83239,Critical
Pune,18.5204,73.8567,8.14421,Low
Agra,27.1767,78.0081,4.607974,Low
Pune,18.5204,73.8567,10.083956,Low
Cuttack,20.4625,85.883,62.592983,Medium
Aurangabad,19.8762,75.3433,95.36176,Critical
Sundargarh,22.1167,84.0333,29.414257,Low
Coimbatore,11.0168,76.9558,7.314926,Low
Dharwad,15.4589,75.0078,60.770626,Medium
Khordha,20.1734,85.6745,4.73389,Low
Cuttack,20.4625,85.883,87.63793,Critical
Tiruchirappalli,10.7905,78.7047,10.846087,Low
Kutch,23.7337,69.8597,92.24013,Critical
Cuttack,20.4625,85.883,90.96095,Critical
Thane,19.2183,72.9781,95.39951,Critical
Ganjam,19.3871,84.7919,97.29708,Critical
Belagavi,15.8497,74.4977,94.27245,Critical
Bengaluru Urban,12.9716,77.5946,87.53582,Critical
Thane,19.2183,72.9781,98.31683,Critical
Chennai,13.0827,80.2707,97.790504,Critical
Kutch,23.7337,69.8597,90.0909,Critical
Chennai,13.0827,80.2707,27.169811,Low
Nagpur,21.1458,79.0882,87.8958,Critical
Aurangabad,19.8762,75.3433,14.884842,Low
Ganjam,19.3871,84.7919,9.911057,Low
Chennai,13.0827,80.2707,13.95416,Low
Tiruchirappalli,10.7905,78.7047,96.614685,Critical
Belagavi,15.8497,74.4977,90.86088,Critical
Tiruchirappalli,10.7905,78.7047,97.420135,Critical
Madurai,9.9252,78.1198,13.725289,Low
Chennai,13.0827,80.2707,94.452934,Critical
Dharwad,15.4589,75.0078,9.593451,Low
Khordha,20.1734,85.6745,98.37752,Critical
Mangaluru,12.9141,74.856,69.69497,High
Bengaluru Urban,12.9716,77.5946,11.583293,Low
Nashik,19.9975,73.7898,96.00993,Critical
Lucknow,26.8467,80.9462,53.933907,Medium
Mysuru,12.2958,76.6394,95.96809,Critical
Mangaluru,12.9141,74.856,92.07374,Critical
Thane,19.2183,72.9781,67.62102,High
Dharwad,15.4589,75.0078,7.6601377,Low
Gautam Buddha Nagar,28.5355,77.391,11.952749,Low
Mysuru,12.2958,76.6394,93.23821,Critical
Tiruchirappalli,10.7905,78.7047,96.88157,Critical
Balasore,21.4942,86.9317,29.167244,Low
Meerut,28.9845,77.7064,16.40205,Low
Lucknow,26.8467,80.9462,95.640686,Critical
Mangaluru,12.9141,74.856,80.701706,Critical
Coimbatore,11.0168,76.9558,34.133575,Low
Chennai,13.0827,80.2707,13.641151,Low
Dharwad,15.4589,75.0078,97.20447,Critical
Pune,18.5204,73.8567,98.55716,Critical
Balasore,21.4942,86.9317,5.308123,Low
Ganjam,19.3871,84.7919,18.542583,Low
Coimbatore,11.0168,76.9558,95.686066,Critical
Rajkot,22.3039,70.8022,3.967525,Low
Nagpur,21.1458,79.0882,14.878993,Low
Sundargarh,22.1167,84.0333,96.69736,Critical
Kanpur Nagar,26.4499,80.3319,93.764046,Critical
Belagavi,15.8497,74.4977,9.653635,Low
Thane,19.2183,72.9781,93.85693,Critical
Aurangabad,19.8762,75.3433,8.556597,Low
Salem,11.6643,78.146,9.906897,Low
Vadodara,22.3072,73.1812,19.420341,Low
Gandhinagar,23.2156,72.6369,4.6242633,Low
Ganjam,19.3871,84.7919,11.185454,Low
Tiruchirappalli,10.7905,78.7047,96.1975,Critical
Dharwad,15.4589,75.0078,96.106834,Critical
Agra,27.1767,78.0081,13.227153,Low
Aurangabad,19.8762,75.3433,97.5551,Critical
Coimbatore,11.0168,76.9558,90.70853,Critical
Belagavi,15.8497,74.4977,92.44484,Critical
Madurai,9.9252,78.1198,99.04043,Critical
Nagpur,21.1458,79.0882,17.011904,Low
Gautam Buddha Nagar,28.5355,77.391,92.46922,Critical
Tumakuru,13.3409,77.101,95.32727,Critical
Chennai,13.0827,80.2707,89.66348,Critical
Puri,19.8135,85.8312,15.252354,Low
Aurangabad,19.8762,75.3433,27.081978,Low
Meerut,28.9845,77.7064,91.93716,Critical
Nagpur,21.1458,79.0882,93.51395,Critical
Nashik,19.9975,73.7898,6.1205883,Low
Puri,19.8135,85.8312,94.63518,Critical
Chennai,13.0827,80.2707,92.761314,Critical
Aurangabad,19.8762,75.3433,5.59103,Low
Cuttack,20.4625,85.883,95.3039,Critical
Mysuru,12.2958,76.6394,39.021748,Low
Salem,11.6643,78.146,37.92365,Low
Meerut,28.9845,77.7064,4.110551,Low
Lucknow,26.8467,80.9462,95.275406,Critical
Cuttack,20.4625,85.883,15.854867,Low
Nashik,19.9975,73.7898,18.409637,Low
Surat,21.1702,72.8311,93.60948,Critical
Mangaluru,12.9141,74.856,5.588437,Low
Agra,27.1767,78.0081,95.17884,Critical
Dharwad,15.4589,75.0078,90.59264,Critical
Belagavi,15.8497,74.4977,13.130313,Low
Balasore,21.4942,86.9317,94.0945,Critical
Belagavi,15.8497,74.4977,30.185324,Low
Aurangabad,19.8762,75.3433,16.181189,Low
Meerut,28.9845,77.7064,8.859314,Low
Dharwad,15.4589,75.0078,96.5331,Critical
Belagavi,15.8497,74.4977,93.915306,Critical
Mysuru,12.2958,76.6394,82.691414,Critical
Tiruchirappalli,10.7905,78.7047,13.920121,Low
Tumakuru,13.3409,77.101,37.62591,Low
Nashik,19.9975,73.7898,84.16038,Critical
Meerut,28.9845,77.7064,22.48005,Low
Dharwad,15.4589,75.0078,14.099065,Low
Khordha,20.1734,85.6745,91.19012,Critical
Tiruchirappalli,10.7905,78.7047,14.016144,Low
Mangaluru,12.9141,74.856,12.004464,Low
Tiruchirappalli,10.7905,78.7047,92.07916,Critical
Sundargarh,22.1167,84.0333,22.447285,Low
Lucknow,26.8467,80.9462,54.615776,Medium
Madurai,9.9252,78.1198,11.228236,Low
Salem,11.6643,78.146,91.309715,Critical
Varanasi,25.3176,82.9739,96.95379,Critical
Sundargarh,22.1167,84.0333,18.832762,Low
Belagavi,15.8497,74.4977,97.28143,Critical
Vadodara,22.3072,73.1812,94.67302,Critical
Nashik,19.9975,73.7898,4.580412,Low
Bengaluru Urban,12.9716,77.5946,93.689644,Critical
Tiruchirappalli,10.7905,78.7047,10.012502,Low
Belagavi,15.8497,74.4977,95.835175,Critical
Gautam Buddha Nagar,28.5355,77.391,95.54347,Critical
Tiruchirappalli,10.7905,78.7047,32.583015,Low
Varanasi,25.3176,82.9739,4.7749543,Low
Gautam Buddha Nagar,28.5355,77.391,5.224198,Low
Chennai,13.0827,80.2707,5.630506,Low
Belagavi,15.8497,74.4977,9.97292,Low
Agra,27.1767,78.0081,9.359362,Low
Madurai,9.9252,78.1198,77.75695,High
Ganjam,19.3871,84.7919,87.31925,Critical
Kutch,23.7337,69.8597,42.72399,Low
Puri,19.8135,85.8312,11.905484,Low
Mangaluru,12.9141,74.856,80.45904,Critical
Khordha,20.1734,85.6745,16.121466,Low
Dharwad,15.4589,75.0078,88.293236,Critical
Belagavi,15.8497,74.4977,88.41688,Critical
Mysuru,12.2958,76.6394,20.079372,Low
Belagavi,15.8497,74.4977,15.107925,Low
Mysuru,12.2958,76.6394,13.0742235,Low
Khordha,20.1734,85.6745,89.23218,Critical
Bengaluru Urban,12.9716,77.5946,94.76471,Critical
Aurangabad,19.8762,75.3433,50.18464,Medium
Pune,18.5204,73.8567,98.67514,Critical
Nagpur,21.1458,79.0882,96.08723,Critical
Mysuru,12.2958,76.6394,11.015543,Low
Tumakuru,13.3409,77.101,41.88898,Low
Balasore,21.4942,86.9317,18.249393,Low
Meerut,28.9845,77.7064,1.5591043,Low
Kutch,23.7337,69.8597,97.21158,Critical
Tiruchirappalli,10.7905,78.7047,9.409593,Low
Bengaluru Urban,12.9716,77.5946,81.637985,Critical
Lucknow,26.8467,80.9462,94.03489,Critical
Sundargarh,22.1167,84.0333,96.07943,Critical
Rajkot,22.3039,70.8022,95.03707,Critical
Salem,11.6643,78.146,7.3679,Low
Vadodara,22.3072,73.1812,2.8007247,Low
Rajkot,22.3039,70.8022,17.89804,Low
Meerut,28.9845,77.7064,97.09678,Critical
Chennai,13.0827,80.2707,94.93979,Critical
Tumakuru,13.3409,77.101,95.54739,Critical
Tumakuru,13.3409,77.101,6.0036426,Low
Ganjam,19.3871,84.7919,21.724663,Low
Nagpur,21.1458,79.0882,93.35145,Critical
Agra,27.1767,78.0081,96.33409,Critical
Khordha,20.1734,85.6745,8.930646,Low
Lucknow,26.8467,80.9462,62.88295,Medium
Kutch,23.7337,69.8597,94.89386,Critical
Balasore,21.4942,86.9317,98.19416,Critical
Dharwad,15.4589,75.0078,51.24856,Medium
Ganjam,19.3871,84.7919,94.51297,Critical
Mysuru,12.2958,76.6394,24.19679,Low
Ganjam,19.3871,84.7919,80.5754,Critical
Coimbatore,11.0168,76.9558,96.58347,Critical
Ahmedabad,23.0225,72.5714,7.310465,Low
Gautam Buddha Nagar,28.5355,77.391,4.295119,Low
Tumakuru,13.3409,77.101,94.76462,Critical
Aurangabad,19.8762,75.3433,35.886467,Low
Balasore,21.4942,86.9317,4.039867,Low
Thane,19.2183,72.9781,95.36124,Critical
Mysuru,12.2958,76.6394,97.51805,Critical
Meerut,28.9845,77.7064,15.688874,Low
Aurangabad,19.8762,75.3433,15.237292,Low
Cuttack,20.4625,85.883,14.210184,Low
Sundargarh,22.1167,84.0333,94.970345,Critical
Thane,19.2183,72.9781,60.81458,Medium
Nashik,19.9975,73.7898,93.50804,Critical
Sundargarh,22.1167,84.0333,95.603615,Critical
Kanpur Nagar,26.4499,80.3319,94.96645,Critical
Rajkot,22.3039,70.8022,8.810383,Low
Khordha,20.1734,85.6745,96.40745,Critical
Agra,27.1767,78.0081,10.488202,Low
Surat,21.1702,72.8311,3.6386127,Low
Mangaluru,12.9141,74.856,97.19199,Critical
Meerut,28.9845,77.7064,25.347057,Low
Surat,21.1702,72.8311,97.28273,Critical
Nashik,19.9975,73.7898,97.07071,Critical
Kutch,23.7337,69.8597,9.032924,Low
Cuttack,20.4625,85.883,96.116135,Critical
Lucknow,26.8467,80.9462,82.40952,Critical
Aurangabad,19.8762,75.3433,8.12106,Low
Surat,21.1702,72.8311,93.60347,Critical
Meerut,28.9845,77.7064,92.06373,Critical
Nagpur,21.1458,79.0882,93.08244,Critical
Tumakuru,13.3409,77.101,3.9011862,Low
Nagpur,21.1458,79.0882,96.465126,Critical
Varanasi,25.3176,82.9739,18.514172,Low
Bengaluru Urban,12.9716,77.5946,85.64128,Critical
Ganjam,19.3871,84.7919,2.1178496,Low
Lucknow,26.8467,80.9462,4.869256,Low
Kanpur Nagar,26.4499,80.3319,6.5825567,Low
Nagpur,21.1458,79.0882,8.782287,Low
Coimbatore,11.0168,76.9558,2.8906872,Low
Sundargarh,22.1167,84.0333,96.694954,Critical
Belagavi,15.8497,74.4977,95.92738,Critical
Tumakuru,13.3409,77.101,97.04065,Critical
Thane,19.2183,72.9781,18.835888,Low
Meerut,28.9845,77.7064,7.8589187,Low
Sundargarh,22.1167,84.0333,95.154495,Critical
Mysuru,12.2958,76.6394,66.13911,High
Gautam Buddha Nagar,28.5355,77.391,94.92589,Critical
Chennai,13.0827,80.2707,45.02652,Medium
Coimbatore,11.0168,76.9558,71.04987,High
Lucknow,26.8467,80.9462,4.8517394,Low
Sundargarh,22.1167,84.0333,95.5533,Critical
Thane,19.2183,72.9781,5.3035774,Low
Aurangabad,19.8762,75.3433,16.188845,Low
Puri,19.8135,85.8312,3.091139,Low
Puri,19.8135,85.8312,6.2556014,Low
Kutch,23.7337,69.8597,46.380165,Medium
Rajkot,22.3039,70.8022,7.241291,Low
Ahmedabad,23.0225,72.5714,95.49538,Critical
Pune,18.5204,73.8567,95.59003,Critical
Ahmedabad,23.0225,72.5714,97.2676,Critical
Chennai,13.0827,80.2707,6.666605,Low
Lucknow,26.8467,80.9462,83.64429,Critical
Madurai,9.9252,78.1198,5.499348,Low
Varanasi,25.3176,82.9739,96.150826,Critical
Coimbatore,11.0168,76.9558,91.4624,Critical
Ganjam,19.3871,84.7919,6.5497704,Low
Khordha,20.1734,85.6745,22.792263,Low
Aurangabad,19.8762,75.3433,91.92362,Critical
Nagpur,21.1458,79.0882,95.52304,Critical
Sundargarh,22.1167,84.0333,3.7334058,Low
Ahmedabad,23.0225,72.5714,7.756852,Low
Surat,21.1702,72.8311,98.43574,Critical
Puri,19.8135,85.8312,15.97551,Low
Salem,11.6643,78.146,90.127014,Critical
Gautam Buddha Nagar,28.5355,77.391,76.4279,High
Surat,21.1702,72.8311,94.1278,Critical
Agra,27.1767,78.0081,78.954735,High
Thane,19.2183,72.9781,89.59492,Critical
Belagavi,15.8497,74.4977,50.11871,Medium
Lucknow,26.8467,80.9462,27.205107,Low
Meerut,28.9845,77.7064,24.42641,Low
Lucknow,26.8467,80.9462,84.02502,Critical
Meerut,28.9845,77.7064,94.46156,Critical
Puri,19.8135,85.8312,95.55161,Critical
Belagavi,15.8497,74.4977,11.518096,Low
Thane,19.2183,72.9781,91.16722,Critical
Mysuru,12.2958,76.6394,96.092705,Critical
Aurangabad,19.8762,75.3433,9.436067,Low
Chennai,13.0827,80.2707,97.25052,Critical
Thane,19.2183,72.9781,7.5439734,Low
Pune,18.5204,73.8567,37.615837,Low
Khordha,20.1734,85.6745,15.859586,Low
Cuttack,20.4625,85.883,95.03687,Critical
Dharwad,15.4589,75.0078,95.75348,Critical
Nashik,19.9975,73.7898,93.13012,Critical
Puri,19.8135,85.8312,16.64495,Low
Cuttack,20.4625,85.883,67.01704,High
Rajkot,22.3039,70.8022,63.01995,Medium
Nagpur,21.1458,79.0882,97.512405,Critical
Agra,27.1767,78.0081,93.7614,Critical
Salem,11.6643,78.146,8.183918,Low
Agra,27.1767,78.0081,7.1993394,Low
Lucknow,26.8467,80.9462,96.193405,Critical
Ahmedabad,23.0225,72.5714,6.233733,Low
Mysuru,12.2958,76.6394,96.61103,Critical
Bengaluru Urban,12.9716,77.5946,6.445317,Low
Madurai,9.9252,78.1198,10.954189,Low
Rajkot,22.3039,70.8022,14.01018,Low
Agra,27.1767,78.0081,10.217696,Low
Nagpur,21.1458,79.0882,10.323138,Low
Dharwad,15.4589,75.0078,94.878845,Critical
Lucknow,26.8467,80.9462,95.67006,Critical
Nagpur,21.1458,79.0882,83.02318,Critical
Khordha,20.1734,85.6745,5.736542,Low
Bengaluru Urban,12.9716,77.5946,97.605316,Critical
Tiruchirappalli,10.7905,78.7047,29.041973,Low
Cuttack,20.4625,85.883,11.521892,Low
Gautam Buddha Nagar,28.5355,77.391,97.21604,Critical
Salem,11.6643,78.146,90.361694,Critical
Nashik,19.9975,73.7898,5.8217235,Low
Madurai,9.9252,78.1198,97.368805,Critical
Rajkot,22.3039,70.8022,88.18201,Critical
Dharwad,15.4589,75.0078,97.35309,Critical
Bengaluru Urban,12.9716,77.5946,22.827232,Low
Chennai,13.0827,80.2707,86.02243,Critical
Varanasi,25.3176,82.9739,87.392845,Critical
Tumakuru,13.3409,77.101,95.101746,Critical
Rajkot,22.3039,70.8022,94.998344,Critical
Lucknow,26.8467,80.9462,6.539322,Low
Chennai,13.0827,80.2707,11.696954,Low
Ahmedabad,23.0225,72.5714,94.29541,Critical
Gandhinagar,23.2156,72.6369,13.208069,Low
Puri,19.8135,85.8312,58.830868,Medium
Ahmedabad,23.0225,72.5714,94.80377,Critical
Bengaluru Urban,12.9716,77.5946,92.84388,Critical
Nashik,19.9975,73.7898,94.40053,Critical
Aurangabad,19.8762,75.3433,93.93917,Critical
Thane,19.2183,72.9781,9.159001,Low
Tumakuru,13.3409,77.101,82.57434,Critical
Chennai,13.0827,80.2707,94.730095,Critical
Mangaluru,12.9141,74.856,95.83037,Critical
Coimbatore,11.0168,76.9558,9.374219,Low
Nashik,19.9975,73.7898,95.09385,Critical
Cuttack,20.4625,85.883,80.281654,Critical
Belagavi,15.8497,74.4977,97.579704,Critical
Tumakuru,13.3409,77.101,55.055874,Medium
Gautam Buddha Nagar,28.5355,77.391,93.58962,Critical
Nagpur,21.1458,79.0882,18.75969,Low
Balasore,21.4942,86.9317,85.3886,Critical
Thane,19.2183,72.9781,74.88242,High
Coimbatore,11.0168,76.9558,29.04467,Low
Nagpur,21.1458,79.0882,89.124664,Critical
Nagpur,21.1458,79.0882,42.501266,Low
Chennai,13.0827,80.2707,3.1378627,Low
Puri,19.8135,85.8312,28.19146,Low
Salem,11.6643,78.146,6.3310065,Low
Belagavi,15.8497,74.4977,6.5450897,Low
Sundargarh,22.1167,84.0333,93.89805,Critical
Dharwad,15.4589,75.0078,35.194695,Low
Agra,27.1767,78.0081,91.08956,Critical
Pune,18.5204,73.8567,6.4436464,Low
Bengaluru Urban,12.9716,77.5946,94.84213,Critical
Surat,21.1702,72.8311,6.1310754,Low
Kutch,23.7337,69.8597,96.32442,Critical
Khordha,20.1734,85.6745,79.79269,High
Pune,18.5204,73.8567,33.1647,Low
Surat,21.1702,72.8311,11.793623,Low
Bengaluru Urban,12.9716,77.5946,8.491612,Low
Varanasi,25.3176,82.9739,98.245056,Critical
Ahmedabad,23.0225,72.5714,88.18979,Critical
Surat,21.1702,72.8311,11.323123,Low
Madurai,9.9252,78.1198,92.45264,Critical
Kutch,23.7337,69.8597,24.084272,Low
Pune,18.5204,73.8567,51.76129,Medium
Gautam Buddha Nagar,28.5355,77.391,80.17826,Critical
Belagavi,15.8497,74.4977,4.812502,Low
Balasore,21.4942,86.9317,97.336914,Critical
Pune,18.5204,73.8567,37.69375,Low
Ahmedabad,23.0225,72.5714,4.7827144,Low
Chennai,13.0827,80.2707,14.551304,Low
Sundargarh,22.1167,84.0333,8.793579,Low
Tiruchirappalli,10.7905,78.7047,15.562682,Low
Gandhinagar,23.2156,72.6369,6.641241,Low
Vadodara,22.3072,73.1812,97.025444,Critical
Rajkot,22.3039,70.8022,15.857908,Low
Khordha,20.1734,85.6745,81.25075,Critical
Vadodara,22.3072,73.1812,85.51551,Critical
Pune,18.5204,73.8567,12.911099,Low
Tiruchirappalli,10.7905,78.7047,97.17217,Critical
Khordha,20.1734,85.6745,10.59097,Low
Dharwad,15.4589,75.0078,14.431782,Low
Varanasi,25.3176,82.9739,75.65343,High
Kutch,23.7337,69.8597,88.098236,Critical
Belagavi,15.8497,74.4977,49.67718,Medium
Coimbatore,11.0168,76.9558,96.52396,Critical
Aurangabad,19.8762,75.3433,91.867775,Critical
Gandhinagar,23.2156,72.6369,7.9243684,Low
Belagavi,15.8497,74.4977,29.557503,Low
Tumakuru,13.3409,77.101,95.3097,Critical
Cuttack,20.4625,85.883,83.86815,Critical
Vadodara,22.3072,73.1812,6.3684254,Low
Puri,19.8135,85.8312,96.13077,Critical
Gandhinagar,23.2156,72.6369,48.744347,Medium
Bengaluru Urban,12.9716,77.5946,63.968895,Medium
Nagpur,21.1458,79.0882,94.91456,Critical
Mangaluru,12.9141,74.856,85.62639,Critical
Belagavi,15.8497,74.4977,27.68704,Low
Surat,21.1702,72.8311,2.7571683,Low
Chennai,13.0827,80.2707,36.96835,Low
Dharwad,15.4589,75.0078,6.3360186,Low
Varanasi,25.3176,82.9739,95.50599,Critical
Sundargarh,22.1167,84.0333,65.15442,High
Ganjam,19.3871,84.7919,96.84185,Critical
Pune,18.5204,73.8567,92.53592,Critical
Nashik,19.9975,73.7898,90.07104,Critical
Salem,11.6643,78.146,7.9583654,Low
Nagpur,21.1458,79.0882,96.20482,Critical
Thane,19.2183,72.9781,85.04021,Critical
Thane,19.2183,72.9781,6.9861217,Low
Lucknow,26.8467,80.9462,19.208595,Low
Belagavi,15.8497,74.4977,12.783297,Low
Aurangabad,19.8762,75.3433,93.586205,Critical
Mangaluru,12.9141,74.856,7.0699058,Low
Lucknow,26.8467,80.9462,16.979303,Low
Coimbatore,11.0168,76.9558,42.148396,Low
Bengaluru Urban,12.9716,77.5946,92.67097,Critical
Thane,19.2183,72.9781,88.22772,Critical
Ganjam,19.3871,84.7919,95.76425,Critical
Salem,11.6643,78.146,16.435678,Low
Agra,27.1767,78.0081,93.221054,Critical
Tiruchirappalli,10.7905,78.7047,17.380957,Low
Kanpur Nagar,26.4499,80.3319,89.26788,Critical
Puri,19.8135,85.8312,9.930125,Low
Khordha,20.1734,85.6745,35.89898,Low
Belagavi,15.8497,74.4977,58.97183,Medium
Salem,11.6643,78.146,8.067418,Low
Balasore,21.4942,86.9317,8.739924,Low
Nagpur,21.1458,79.0882,8.738932,Low
Madurai,9.9252,78.1198,98.08201,Critical
Sundargarh,22.1167,84.0333,72.53732,High
Rajkot,22.3039,70.8022,94.40312,Critical
Vadodara,22.3072,73.1812,33.17128,Low
Bengaluru Urban,12.9716,77.5946,29.15198,Low
Meerut,28.9845,77.7064,8.239421,Low
Belagavi,15.8497,74.4977,10.82138,Low
Chennai,13.0827,80.2707,95.92908,Critical
Balasore,21.4942,86.9317,88.91916,Critical
Chennai,13.0827,80.2707,11.757357,Low
Thane,19.2183,72.9781,8.323386,Low
Kutch,23.7337,69.8597,93.02376,Critical
Chennai,13.0827,80.2707,96.44641,Critical
Salem,11.6643,78.146,90.476906,Critical
Dharwad,15.4589,75.0078,94.09687,Critical
Khordha,20.1734,85.6745,18.272144,Low
Gautam Buddha Nagar,28.5355,77.391,92.15188,Critical
Nashik,19.9975,73.7898,94.94053,Critical
Lucknow,26.8467,80.9462,15.189213,Low
Belagavi,15.8497,74.4977,24.634686,Low
Thane,19.2183,72.9781,12.969778,Low
Varanasi,25.3176,82.9739,12.341776,Low
Chennai,13.0827,80.2707,6.539207,Low
Nashik,19.9975,73.7898,94.28365,Critical
Aurangabad,19.8762,75.3433,83.35717,Critical
Rajkot,22.3039,70.8022,97.77103,Critical
Tumakuru,13.3409,77.101,12.248343,Low
Coimbatore,11.0168,76.9558,94.23831,Critical
Tumakuru,13.3409,77.101,93.98743,Critical
Nashik,19.9975,73.7898,96.68025,Critical
Kanpur Nagar,26.4499,80.3319,94.983086,Critical
Salem,11.6643,78.146,5.610258,Low
Lucknow,26.8467,80.9462,4.0813036,Low
Aurangabad,19.8762,75.3433,93.02789,Critical
Coimbatore,11.0168,76.9558,23.265835,Low
Gandhinagar,23.2156,72.6369,5.584139,Low
Thane,19.2183,72.9781,75.95318,High
Kanpur Nagar,26.4499,80.3319,11.834795,Low
Nagpur,21.1458,79.0882,10.338579,Low
Salem,11.6643,78.146,6.4391932,Low
Ahmedabad,23.0225,72.5714,6.9825196,Low
Ahmedabad,23.0225,72.5714,12.920074,Low
Kanpur Nagar,26.4499,80.3319,92.93915,Critical
Mysuru,12.2958,76.6394,7.997701,Low
Aurangabad,19.8762,75.3433,14.303194,Low
Agra,27.1767,78.0081,25.633425,Low
Bengaluru Urban,12.9716,77.5946,73.221985,High
Salem,11.6643,78.146,9.71843,Low
Coimbatore,11.0168,76.9558,85.1509,Critical
Nashik,19.9975,73.7898,96.634155,Critical
Meerut,28.9845,77.7064,94.64803,Critical
Kutch,23.7337,69.8597,19.111137,Low
Khordha,20.1734,85.6745,93.802605,Critical
Madurai,9.9252,78.1198,95.91968,Critical
Kutch,23.7337,69.8597,94.62395,Critical
Gautam Buddha Nagar,28.5355,77.391,47.725727,Medium
Bengaluru Urban,12.9716,77.5946,13.009008,Low
Khordha,20.1734,85.6745,96.78711,Critical
Thane,19.2183,72.9781,89.51708,Critical
Cuttack,20.4625,85.883,98.054565,Critical
Salem,11.6643,78.146,97.44507,Critical
Khordha,20.1734,85.6745,19.14186,Low
Ahmedabad,23.0225,72.5714,37.367783,Low
Mysuru,12.2958,76.6394,98.84441,Critical
Cuttack,20.4625,85.883,88.13338,Critical
Tumakuru,13.3409,77.101,2.7605767,Low
Surat,21.1702,72.8311,25.718853,Low
Gautam Buddha Nagar,28.5355,77.391,94.5452,Critical
Mangaluru,12.9141,74.856,13.511795,Low
Aurangabad,19.8762,75.3433,94.84785,Critical
Chennai,13.0827,80.2707,24.899717,Low
Madurai,9.9252,78.1198,8.237117,Low
Ganjam,19.3871,84.7919,3.315249,Low
Nagpur,21.1458,79.0882,78.35245,High
Pune,18.5204,73.8567,89.51784,Critical
Lucknow,26.8467,80.9462,90.46741,Critical
Puri,19.8135,85.8312,7.8223577,Low
Dharwad,15.4589,75.0078,90.22926,Critical
Aurangabad,19.8762,75.3433,5.9528475,Low
Salem,11.6643,78.146,95.912415,Critical
Belagavi,15.8497,74.4977,83.87941,Critical
Sundargarh,22.1167,84.0333,36.261604,Low
Tiruchirappalli,10.7905,78.7047,95.78134,Critical
Nagpur,21.1458,79.0882,15.062514,Low
Belagavi,15.8497,74.4977,12.256932,Low
Tumakuru,13.3409,77.101,96.27061,Critical
Salem,11.6643,78.146,98.07117,Critical
Gandhinagar,23.2156,72.6369,71.707466,High
Kanpur Nagar,26.4499,80.3319,90.14304,Critical
Gandhinagar,23.2156,72.6369,97.2454,Critical
Vadodara,22.3072,73.1812,27.746922,Low
Mysuru,12.2958,76.6394,11.789894,Low
Chennai,13.0827,80.2707,96.16008,Critical
Lucknow,26.8467,80.9462,89.3707,Critical
Agra,27.1767,78.0081,94.6714,Critical
Madurai,9.9252,78.1198,11.209678,Low
Vadodara,22.3072,73.1812,93.76791,Critical
Salem,11.6643,78.146,7.154336,Low
Meerut,28.9845,77.7064,5.3632317,Low
Salem,11.6643,78.146,96.747795,Critical
Gandhinagar,23.2156,72.6369,84.316055,Critical
Coimbatore,11.0168,76.9558,43.976955,Low
Belagavi,15.8497,74.4977,56.180794,Medium
Chennai,13.0827,80.2707,90.27151,Critical
Varanasi,25.3176,82.9739,95.19442,Critical
Mysuru,12.2958,76.6394,98.250015,Critical
Kutch,23.7337,69.8597,5.461363,Low
Gandhinagar,23.2156,72.6369,93.80493,Critical
Mangaluru,12.9141,74.856,5.1113734,Low
Puri,19.8135,85.8312,71.360695,High
Balasore,21.4942,86.9317,98.27912,Critical
Salem,11.6643,78.146,73.76222,High
Bengaluru Urban,12.9716,77.5946,98.51615,Critical
Dharwad,15.4589,75.0078,21.786804,Low
Lucknow,26.8467,80.9462,5.9913297,Low
Puri,19.8135,85.8312,95.160385,Critical
Vadodara,22.3072,73.1812,2.7240891,Low
Varanasi,25.3176,82.9739,96.140495,Critical
Pune,18.5204,73.8567,56.43841,Medium
Agra,27.1767,78.0081,95.06783,Critical
Surat,21.1702,72.8311,96.94016,Critical
Thane,19.2183,72.9781,63.052994,Medium
Khordha,20.1734,85.6745,94.04214,Critical
Khordha,20.1734,85.6745,97.35194,Critical
Ganjam,19.3871,84.7919,98.16305,Critical
Meerut,28.9845,77.7064,20.118416,Low
Puri,19.8135,85.8312,98.39461,Critical
Coimbatore,11.0168,76.9558,97.69843,Critical
Kanpur Nagar,26.4499,80.3319,57.262623,Medium
Kutch,23.7337,69.8597,95.2137,Critical
Dharwad,15.4589,75.0078,96.57034,Critical
Belagavi,15.8497,74.4977,7.856576,Low
Puri,19.8135,85.8312,94.48061,Critical
Salem,11.6643,78.146,30.200481,Low
Bengaluru Urban,12.9716,77.5946,13.802979,Low
Dharwad,15.4589,75.0078,12.443052,Low
Nagpur,21.1458,79.0882,42.36026,Low
Coimbatore,11.0168,76.9558,94.70653,Critical
Belagavi,15.8497,74.4977,95.753426,Critical
Pune,18.5204,73.8567,95.48275,Critical
Nagpur,21.1458,79.0882,9.372572,Low
Kutch,23.7337,69.8597,6.541901,Low
Tiruchirappalli,10.7905,78.7047,85.8118,Critical
Pune,18.5204,73.8567,94.00954,Critical
Madurai,9.9252,78.1198,6.5386558,Low
Aurangabad,19.8762,75.3433,8.345034,Low
Dharwad,15.4589,75.0078,91.85111,Critical
Rajkot,22.3039,70.8022,19.062973,Low
Pune,18.5204,73.8567,93.155624,Critical
Ganjam,19.3871,84.7919,93.52102,Critical
Ahmedabad,23.0225,72.5714,6.348481,Low
Tiruchirappalli,10.7905,78.7047,96.4886,Critical
Salem,11.6643,78.146,92.07119,Critical
Ganjam,19.3871,84.7919,81.455574,Critical
Gautam Buddha Nagar,28.5355,77.391,17.382767,Low
Bengaluru Urban,12.9716,77.5946,63.35501,Medium
Mangaluru,12.9141,74.856,27.489182,Low
Mangaluru,12.9141,74.856,79.44324,High
Salem,11.6643,78.146,98.78136,Critical
Kutch,23.7337,69.8597,9.186034,Low
Nashik,19.9975,73.7898,95.71186,Critical
Chennai,13.0827,80.2707,97.34128,Critical
Coimbatore,11.0168,76.9558,27.447964,Low
Mangaluru,12.9141,74.856,97.61299,Critical
Sundargarh,22.1167,84.0333,10.406626,Low
Coimbatore,11.0168,76.9558,13.262632,Low
Tumakuru,13.3409,77.101,9.417914,Low
Gandhinagar,23.2156,72.6369,31.355873,Low
Puri,19.8135,85.8312,89.121574,Critical
Nashik,19.9975,73.7898,97.09624,Critical
Bengaluru Urban,12.9716,77.5946,91.09339,Critical
Varanasi,25.3176,82.9739,6.208808,Low
Surat,21.1702,72.8311,95.769394,Critical
Pune,18.5204,73.8567,12.895882,Low
Rajkot,22.3039,70.8022,6.253415,Low
Tumakuru,13.3409,77.101,94.14593,Critical
Salem,11.6643,78.146,94.789085,Critical
Tumakuru,13.3409,77.101,96.07123,Critical
Thane,19.2183,72.9781,11.769633,Low
Gautam Buddha Nagar,28.5355,77.391,18.018524,Low
Gandhinagar,23.2156,72.6369,54.869797,Medium
Thane,19.2183,72.9781,98.108,Critical
Khordha,20.1734,85.6745,65.85314,High
Vadodara,22.3072,73.1812,93.73341,Critical
Thane,19.2183,72.9781,91.95732,Critical
Chennai,13.0827,80.2707,97.98528,Critical
Dharwad,15.4589,75.0078,94.72965,Critical
Aurangabad,19.8762,75.3433,7.2048345,Low
Aurangabad,19.8762,75.3433,93.59636,Critical
Kanpur Nagar,26.4499,80.3319,34.572525,Low
Tiruchirappalli,10.7905,78.7047,98.01435,Critical
Mysuru,12.2958,76.6394,10.920419,Low
Agra,27.1767,78.0081,89.31084,Critical
Salem,11.6643,78.146,9.074686,Low
Mangaluru,12.9141,74.856,15.4453945,Low
Aurangabad,19.8762,75.3433,94.35695,Critical
Coimbatore,11.0168,76.9558,89.90271,Critical
Gandhinagar,23.2156,72.6369,34.37171,Low
Coimbatore,11.0168,76.9558,5.402019,Low
Gautam Buddha Nagar,28.5355,77.391,5.6852946,Low
Ahmedabad,23.0225,72.5714,7.4503274,Low
Rajkot,22.3039,70.8022,13.17949,Low
Balasore,21.4942,86.9317,81.545685,Critical
Belagavi,15.8497,74.4977,85.626465,Critical
Meerut,28.9845,77.7064,92.5013,Critical
Gandhinagar,23.2156,72.6369,14.360007,Low
Tiruchirappalli,10.7905,78.7047,97.39553,Critical
Pune,18.5204,73.8567,65.93269,High
Madurai,9.9252,78.1198,10.037982,Low
Nagpur,21.1458,79.0882,74.94991,High
Tumakuru,13.3409,77.101,7.5428567,Low
Tumakuru,13.3409,77.101,53.367424,Medium
Madurai,9.9252,78.1198,95.66075,Critical
Balasore,21.4942,86.9317,16.739176,Low
Nagpur,21.1458,79.0882,10.779629,Low
Madurai,9.9252,78.1198,96.631424,Critical
Madurai,9.9252,78.1198,32.46968,Low
Kutch,23.7337,69.8597,82.64041,Critical
Dharwad,15.4589,75.0078,97.76215,Critical
Varanasi,25.3176,82.9739,96.18086,Critical
Gandhinagar,23.2156,72.6369,90.28044,Critical
Ahmedabad,23.0225,72.5714,12.639573,Low
Salem,11.6643,78.146,2.3253846,Low
Vadodara,22.3072,73.1812,86.47991,Critical
Nagpur,21.1458,79.0882,13.978547,Low
Thane,19.2183,72.9781,16.79219,Low
Gautam Buddha Nagar,28.5355,77.391,90.304634,Critical
Balasore,21.4942,86.9317,3.578437,Low
Nashik,19.9975,73.7898,59.079315,Medium
Cuttack,20.4625,85.883,87.08135,Critical
Vadodara,22.3072,73.1812,4.961016,Low
Madurai,9.9252,78.1198,5.6360455,Low
Lucknow,26.8467,80.9462,33.38108,Low
Khordha,20.1734,85.6745,6.2145157,Low
Chennai,13.0827,80.2707,9.519018,Low
Belagavi,15.8497,74.4977,95.644226,Critical
Nagpur,21.1458,79.0882,89.73845,Critical
Rajkot,22.3039,70.8022,5.4484158,Low
Tumakuru,13.3409,77.101,37.811245,Low
Mangaluru,12.9141,74.856,31.909779,Low
Pune,18.5204,73.8567,11.639829,Low
Cuttack,20.4625,85.883,95.473946,Critical
Tumakuru,13.3409,77.101,17.050066,Low
Gautam Buddha Nagar,28.5355,77.391,7.6388874,Low
Coimbatore,11.0168,76.9558,92.14001,Critical
Sundargarh,22.1167,84.0333,95.95054,Critical
Ganjam,19.3871,84.7919,8.806671,Low
Khordha,20.1734,85.6745,12.230186,Low
Puri,19.8135,85.8312,91.83008,Critical
Varanasi,25.3176,82.9739,24.263472,Low
Varanasi,25.3176,82.9739,13.352601,Low
Nagpur,21.1458,79.0882,35.968807,Low
Dharwad,15.4589,75.0078,85.559555,Critical
Tiruchirappalli,10.7905,78.7047,78.77361,High
Surat,21.1702,72.8311,92.78758,Critical
Tumakuru,13.3409,77.101,13.806346,Low
Bengaluru Urban,12.9716,77.5946,92.25348,Critical
Sundargarh,22.1167,84.0333,82.897285,Critical
Dharwad,15.4589,75.0078,97.638535,Critical
Nashik,19.9975,73.7898,90.24642,Critical
Mangaluru,12.9141,74.856,97.638245,Critical
Dharwad,15.4589,75.0078,52.27704,Medium
Aurangabad,19.8762,75.3433,95.06137,Critical
Nashik,19.9975,73.7898,94.70096,Critical
Tumakuru,13.3409,77.101,5.9981575,Low
Ganjam,19.3871,84.7919,15.625098,Low
Nashik,19.9975,73.7898,94.28808,Critical
Mangaluru,12.9141,74.856,95.46555,Critical
Kutch,23.7337,69.8597,3.1947992,Low
Ahmedabad,23.0225,72.5714,95.009155,Critical
Ganjam,19.3871,84.7919,15.900885,Low
Lucknow,26.8467,80.9462,95.89575,Critical
Nagpur,21.1458,79.0882,98.66664,Critical
Chennai,13.0827,80.2707,95.53006,Critical
Dharwad,15.4589,75.0078,97.50553,Critical
Sundargarh,22.1167,84.0333,5.590227,Low
Agra,27.1767,78.0081,5.748236,Low
Khordha,20.1734,85.6745,96.020386,Critical
Gandhinagar,23.2156,72.6369,93.15525,Critical
Balasore,21.4942,86.9317,12.87873,Low
Tiruchirappalli,10.7905,78.7047,78.268585,High
Surat,21.1702,72.8311,97.66873,Critical
Tiruchirappalli,10.7905,78.7047,8.759657,Low
Mysuru,12.2958,76.6394,7.5972786,Low
Surat,21.1702,72.8311,95.53923,Critical
Tiruchirappalli,10.7905,78.7047,21.941122,Low
Vadodara,22.3072,73.1812,4.3866916,Low
Ahmedabad,23.0225,72.5714,10.24946,Low
Vadodara,22.3072,73.1812,9.697909,Low
Belagavi,15.8497,74.4977,58.3731,Medium
Thane,19.2183,72.9781,10.276843,Low
Sundargarh,22.1167,84.0333,88.996544,Critical
Tumakuru,13.3409,77.101,16.799212,Low
Rajkot,22.3039,70.8022,96.10044,Critical
Tiruchirappalli,10.7905,78.7047,81.22451,Critical
Chennai,13.0827,80.2707,24.337818,Low
Ahmedabad,23.0225,72.5714,9.132594,Low
Aurangabad,19.8762,75.3433,95.019165,Critical
Nashik,19.9975,73.7898,14.4822445,Low
Ganjam,19.3871,84.7919,93.00406,Critical
Meerut,28.9845,77.7064,82.04485,Critical
Dharwad,15.4589,75.0078,10.020953,Low
Belagavi,15.8497,74.4977,10.865656,Low
Pune,18.5204,73.8567,95.8975,Critical
Pune,18.5204,73.8567,88.33852,Critical
Rajkot,22.3039,70.8022,7.3676643,Low
Agra,27.1767,78.0081,65.22267,High
Lucknow,26.8467,80.9462,9.709652,Low
Tumakuru,13.3409,77.101,48.415,Medium
Pune,18.5204,73.8567,96.67699,Critical
Dharwad,15.4589,75.0078,95.432976,Critical
Puri,19.8135,85.8312,64.0578,Medium
Thane,19.2183,72.9781,96.91544,Critical
Vadodara,22.3072,73.1812,10.575789,Low
Bengaluru Urban,12.9716,77.5946,11.1196,Low
Kanpur Nagar,26.4499,80.3319,95.70047,Critical
Chennai,13.0827,80.2707,6.8548865,Low
Aurangabad,19.8762,75.3433,20.873997,Low
Rajkot,22.3039,70.8022,6.671511,Low
Cuttack,20.4625,85.883,95.090485,Critical
Thane,19.2183,72.9781,96.287186,Critical
Cuttack,20.4625,85.883,95.620224,Critical
Gandhinagar,23.2156,72.6369,6.641989,Low
Pune,18.5204,73.8567,38.955063,Low
Surat,21.1702,72.8311,13.049412,Low
Ganjam,19.3871,84.7919,97.3757,Critical
Balasore,21.4942,86.9317,94.59706,Critical
Thane,19.2183,72.9781,98.175835,Critical
Puri,19.8135,85.8312,25.433752,Low
Surat,21.1702,72.8311,6.646636,Low
Gautam Buddha Nagar,28.5355,77.391,86.08974,Critical
Tiruchirappalli,10.7905,78.7047,13.06749,Low
Mysuru,12.2958,76.6394,2.2235327,Low
Varanasi,25.3176,82.9739,13.002377,Low
Madurai,9.9252,78.1198,94.57789,Critical
Khordha,20.1734,85.6745,12.209534,Low
Surat,21.1702,72.8311,94.26899,Critical
Pune,18.5204,73.8567,51.30875,Medium
Nashik,19.9975,73.7898,4.26457,Low
Pune,18.5204,73.8567,20.6912,Low
Gandhinagar,23.2156,72.6369,7.122837,Low
Balasore,21.4942,86.9317,30.55006,Low
Rajkot,22.3039,70.8022,81.56556,Critical
Nashik,19.9975,73.7898,10.345131,Low
Belagavi,15.8497,74.4977,96.234245,Critical
Nagpur,21.1458,79.0882,22.701363,Low
Cuttack,20.4625,85.883,2.5071611,Low
Mangaluru,12.9141,74.856,11.15262,Low
Coimbatore,11.0168,76.9558,90.84638,Critical
Varanasi,25.3176,82.9739,91.37419,Critical
Thane,19.2183,72.9781,95.67575,Critical
Chennai,13.0827,80.2707,39.653263,Low
Nagpur,21.1458,79.0882,13.290387,Low
Cuttack,20.4625,85.883,95.223076,Critical
Pune,18.5204,73.8567,16.395023,Low
Nagpur,21.1458,79.0882,4.6340375,Low
Madurai,9.9252,78.1198,9.803396,Low
Kanpur Nagar,26.4499,80.3319,41.818306,Low
Dharwad,15.4589,75.0078,96.35436,Critical
Tumakuru,13.3409,77.101,11.268487,Low
Dharwad,15.4589,75.0078,48.237026,Medium
Vadodara,22.3072,73.1812,92.957115,Critical
Lucknow,26.8467,80.9462,97.42197,Critical
Agra,27.1767,78.0081,10.708619,Low
Balasore,21.4942,86.9317,5.216131,Low
Cuttack,20.4625,85.883,46.39414,Medium
Lucknow,26.8467,80.9462,9.046968,Low
Mangaluru,12.9141,74.856,34.436752,Low
Meerut,28.9845,77.7064,93.94573,Critical
Agra,27.1767,78.0081,93.433754,Critical
Aurangabad,19.8762,75.3433,95.51839,Critical
Belagavi,15.8497,74.4977,97.811005,Critical
Puri,19.8135,85.8312,96.51395,Critical
Dharwad,15.4589,75.0078,88.20629,Critical
Ganjam,19.3871,84.7919,12.520772,Low
Madurai,9.9252,78.1198,95.6546,Critical
Nagpur,21.1458,79.0882,71.39126,High
Salem,11.6643,78.146,56.197327,Medium
Pune,18.5204,73.8567,85.59459,Critical
Nashik,19.9975,73.7898,16.428522,Low
Madurai,9.9252,78.1198,9.012185,Low
Dharwad,15.4589,75.0078,18.637428,Low
Tiruchirappalli,10.7905,78.7047,28.730103,Low
Belagavi,15.8497,74.4977,96.80759,Critical
Bengaluru Urban,12.9716,77.5946,91.59031,Critical
Gandhinagar,23.2156,72.6369,6.59596,Low
Cuttack,20.4625,85.883,6.940238,Low
Dharwad,15.4589,75.0078,11.290315,Low
Vadodara,22.3072,73.1812,2.754149,Low
Sundargarh,22.1167,84.0333,91.550705,Critical
Thane,19.2183,72.9781,82.92603,Critical
Salem,11.6643,78.146,98.176895,Critical
Mysuru,12.2958,76.6394,7.0213757,Low
Ganjam,19.3871,84.7919,18.68179,Low
Sundargarh,22.1167,84.0333,5.0728893,Low
Nashik,19.9975,73.7898,15.347427,Low
Surat,21.1702,72.8311,2.558447,Low
Rajkot,22.3039,70.8022,12.4362135,Low
Cuttack,20.4625,85.883,4.9347153,Low
Kanpur Nagar,26.4499,80.3319,97.92333,Critical
Vadodara,22.3072,73.1812,89.26546,Critical
Lucknow,26.8467,80.9462,79.27607,High
Coimbatore,11.0168,76.9558,12.691977,Low
Gautam Buddha Nagar,28.5355,77.391,96.326515,Critical
Varanasi,25.3176,82.9739,21.463963,Low
Nagpur,21.1458,79.0882,90.69625,Critical
Aurangabad,19.8762,75.3433,9.043982,Low
Thane,19.2183,72.9781,82.63167,Critical
Gandhinagar,23.2156,72.6369,85.99475,Critical
Sundargarh,22.1167,84.0333,85.91373,Critical
Aurangabad,19.8762,75.3433,89.29434,Critical
Gautam Buddha Nagar,28.5355,77.391,70.18734,High
Lucknow,26.8467,80.9462,11.714959,Low
Balasore,21.4942,86.9317,96.72687,Critical
Kanpur Nagar,26.4499,80.3319,12.026496,Low
Coimbatore,11.0168,76.9558,9.272705,Low
Varanasi,25.3176,82.9739,69.34998,High
Khordha,20.1734,85.6745,49.645054,Medium
Belagavi,15.8497,74.4977,97.58966,Critical
Coimbatore,11.0168,76.9558,21.685009,Low
Gautam Buddha Nagar,28.5355,77.391,7.2940483,Low
Tumakuru,13.3409,77.101,91.21089,Critical
Kutch,23.7337,69.8597,36.158882,Low
Dharwad,15.4589,75.0078,92.850586,Critical
Coimbatore,11.0168,76.9558,92.76043,Critical
Thane,19.2183,72.9781,80.29963,Critical
Mangaluru,12.9141,74.856,7.4091287,Low
Khordha,20.1734,85.6745,78.372826,High
Lucknow,26.8467,80.9462,91.52859,Critical
Nashik,19.9975,73.7898,94.39721,Critical
Cuttack,20.4625,85.883,7.519444,Low
Mangaluru,12.9141,74.856,12.019902,Low
Tiruchirappalli,10.7905,78.7047,97.45383,Critical
Aurangabad,19.8762,75.3433,95.37685,Critical
Varanasi,25.3176,82.9739,2.5226302,Low
Varanasi,25.3176,82.9739,26.511488,Low
Aurangabad,19.8762,75.3433,39.060097,Low
Madurai,9.9252,78.1198,92.22688,Critical
Thane,19.2183,72.9781,22.261133,Low
Ganjam,19.3871,84.7919,94.588486,Critical
Thane,19.2183,72.9781,96.239555,Critical
Khordha,20.1734,85.6745,48.34267,Medium
Puri,19.8135,85.8312,15.524559,Low
Coimbatore,11.0168,76.9558,10.809562,Low
Nashik,19.9975,73.7898,18.161055,Low
Kanpur Nagar,26.4499,80.3319,92.545395,Critical
Bengaluru Urban,12.9716,77.5946,94.02201,Critical
Lucknow,26.8467,80.9462,15.331833,Low
Gandhinagar,23.2156,72.6369,88.21863,Critical
Rajkot,22.3039,70.8022,6.211659,Low
Tiruchirappalli,10.7905,78.7047,13.084951,Low
Kutch,23.7337,69.8597,95.60721,Critical
Lucknow,26.8467,80.9462,87.35229,Critical
Aurangabad,19.8762,75.3433,89.00835,Critical
Surat,21.1702,72.8311,9.306178,Low
Pune,18.5204,73.8567,13.4073,Low
Aurangabad,19.8762,75.3433,96.6698,Critical
Gautam Buddha Nagar,28.5355,77.391,96.51563,Critical
Kanpur Nagar,26.4499,80.3319,97.00998,Critical
Nashik,19.9975,73.7898,96.00798,Critical
Bengaluru Urban,12.9716,77.5946,96.276566,Critical
Belagavi,15.8497,74.4977,72.79965,High
Mysuru,12.2958,76.6394,10.355845,Low
Coimbatore,11.0168,76.9558,83.82684,Critical
Sundargarh,22.1167,84.0333,29.419315,Low
Coimbatore,11.0168,76.9558,8.128469,Low
Salem,11.6643,78.146,90.46275,Critical
Khordha,20.1734,85.6745,83.92595,Critical
Gandhinagar,23.2156,72.6369,97.804855,Critical
Aurangabad,19.8762,75.3433,46.615616,Medium
Agra,27.1767,78.0081,92.842384,Critical
Nagpur,21.1458,79.0882,10.384381,Low
Pune,18.5204,73.8567,93.08593,Critical
Ganjam,19.3871,84.7919,95.10705,Critical
Sundargarh,22.1167,84.0333,64.71099,Medium
Ganjam,19.3871,84.7919,88.87066,Critical
Ganjam,19.3871,84.7919,65.304634,High
Tiruchirappalli,10.7905,78.7047,95.95837,Critical
Aurangabad,19.8762,75.3433,4.8809195,Low
Meerut,28.9845,77.7064,14.193843,Low
Dharwad,15.4589,75.0078,89.08407,Critical
Pune,18.5204,73.8567,13.067926,Low
Gandhinagar,23.2156,72.6369,97.8564,Critical
Cuttack,20.4625,85.883,44.737934,Low
Kutch,23.7337,69.8597,1.9176805,Low
Meerut,28.9845,77.7064,10.311039,Low
Aurangabad,19.8762,75.3433,34.07934,Low
Kanpur Nagar,26.4499,80.3319,97.53114,Critical
Mysuru,12.2958,76.6394,17.090496,Low
Khordha,20.1734,85.6745,96.48052,Critical
Agra,27.1767,78.0081,5.2499647,Low
Ahmedabad,23.0225,72.5714,96.14126,Critical
Coimbatore,11.0168,76.9558,49.42727,Medium
Salem,11.6643,78.146,95.21419,Critical
Nashik,19.9975,73.7898,15.6094,Low
Nagpur,21.1458,79.0882,85.220634,Critical
Balasore,21.4942,86.9317,8.240518,Low
Khordha,20.1734,85.6745,19.341513,Low
Belagavi,15.8497,74.4977,89.20883,Critical
Sundargarh,22.1167,84.0333,12.939339,Low
Bengaluru Urban,12.9716,77.5946,97.97045,Critical
Pune,18.5204,73.8567,7.417573,Low
Coimbatore,11.0168,76.9558,79.78895,High
Rajkot,22.3039,70.8022,68.84569,High
Nashik,19.9975,73.7898,96.93122,Critical
Salem,11.6643,78.146,7.3654957,Low
Ganjam,19.3871,84.7919,81.509125,Critical
Tumakuru,13.3409,77.101,30.887049,Low
Tiruchirappalli,10.7905,78.7047,2.9397717,Low
Aurangabad,19.8762,75.3433,76.91188,High
Bengaluru Urban,12.9716,77.5946,22.201208,Low
Pune,18.5204,73.8567,96.352905,Critical
Rajkot,22.3039,70.8022,98.206726,Critical
Dharwad,15.4589,75.0078,20.95743,Low
Nashik,19.9975,73.7898,62.87097,Medium
Varanasi,25.3176,82.9739,92.277596,Critical
Nashik,19.9975,73.7898,65.863434,High
Thane,19.2183,72.9781,89.66488,Critical
Chennai,13.0827,80.2707,5.855319,Low
Gautam Buddha Nagar,28.5355,77.391,97.64019,Critical
Pune,18.5204,73.8567,37.507736,Low
Gautam Buddha Nagar,28.5355,77.391,10.003807,Low
Gautam Buddha Nagar,28.5355,77.391,82.68975,Critical
Pune,18.5204,73.8567,83.28039,Critical
Gandhinagar,23.2156,72.6369,92.40157,Critical
Agra,27.1767,78.0081,95.34697,Critical
Varanasi,25.3176,82.9739,5.643942,Low
Aurangabad,19.8762,75.3433,7.6339684,Low
Bengaluru Urban,12.9716,77.5946,88.00935,Critical
Bengaluru Urban,12.9716,77.5946,33.556004,Low
Aurangabad,19.8762,75.3433,17.826426,Low
Pune,18.5204,73.8567,62.92699,Medium
Varanasi,25.3176,82.9739,2.546697,Low
Puri,19.8135,85.8312,6.9050474,Low
Nashik,19.9975,73.7898,9.418728,Low
Tiruchirappalli,10.7905,78.7047,28.819803,Low
Agra,27.1767,78.0081,18.418325,Low
Balasore,21.4942,86.9317,5.346878,Low
Meerut,28.9845,77.7064,81.85618,Critical
Kanpur Nagar,26.4499,80.3319,97.244736,Critical
Coimbatore,11.0168,76.9558,11.528894,Low
Gandhinagar,23.2156,72.6369,5.6346207,Low
Mangaluru,12.9141,74.856,6.7571597,Low
Belagavi,15.8497,74.4977,15.448645,Low
Khordha,20.1734,85.6745,71.64522,High
Kutch,23.7337,69.8597,97.40959,Critical
Kutch,23.7337,69.8597,11.756821,Low
Mysuru,12.2958,76.6394,7.271885,Low
Tiruchirappalli,10.7905,78.7047,12.092725,Low
Agra,27.1767,78.0081,96.33845,Critical
Balasore,21.4942,86.9317,98.9616,Critical
Varanasi,25.3176,82.9739,97.22248,Critical
Belagavi,15.8497,74.4977,92.40235,Critical
Khordha,20.1734,85.6745,3.0900269,Low
Vadodara,22.3072,73.1812,91.02266,Critical
Nagpur,21.1458,79.0882,5.5720186,Low
Mysuru,12.2958,76.6394,5.2598953,Low
Coimbatore,11.0168,76.9558,12.338133,Low
Thane,19.2183,72.9781,81.675,Critical
Kutch,23.7337,69.8597,9.815304,Low
Mysuru,12.2958,76.6394,69.076546,High
Rajkot,22.3039,70.8022,7.822422,Low
Nagpur,21.1458,79.0882,8.969836,Low
Bengaluru Urban,12.9716,77.5946,76.44162,High
Cuttack,20.4625,85.883,92.09675,Critical
Kanpur Nagar,26.4499,80.3319,8.39965,Low
Coimbatore,11.0168,76.9558,30.371872,Low
Coimbatore,11.0168,76.9558,23.34558,Low
Sundargarh,22.1167,84.0333,90.21837,Critical
Nagpur,21.1458,79.0882,28.193846,Low
Sundargarh,22.1167,84.0333,5.990543,Low
Cuttack,20.4625,85.883,78.789116,High
Pune,18.5204,73.8567,87.291084,Critical
Bengaluru Urban,12.9716,77.5946,71.52235,High
Puri,19.8135,85.8312,4.5253134,Low
Belagavi,15.8497,74.4977,90.84312,Critical
Kanpur Nagar,26.4499,80.3319,7.01559,Low
Gandhinagar,23.2156,72.6369,40.999004,Low
Tumakuru,13.3409,77.101,84.98056,Critical
Dharwad,15.4589,75.0078,13.163946,Low
Pune,18.5204,73.8567,9.409636,Low
Tiruchirappalli,10.7905,78.7047,97.071976,Critical
Vadodara,22.3072,73.1812,91.319534,Critical
Chennai,13.0827,80.2707,93.61202,Critical
Mysuru,12.2958,76.6394,92.51611,Critical
Tumakuru,13.3409,77.101,95.89021,Critical
Aurangabad,19.8762,75.3433,94.16978,Critical
Gandhinagar,23.2156,72.6369,77.968285,High
Ganjam,19.3871,84.7919,98.41787,Critical
Aurangabad,19.8762,75.3433,9.469903,Low
Nagpur,21.1458,79.0882,26.465767,Low
Gautam Buddha Nagar,28.5355,77.391,85.47165,Critical
Agra,27.1767,78.0081,12.08739,Low
Bengaluru Urban,12.9716,77.5946,18.483248,Low
Lucknow,26.8467,80.9462,96.51481,Critical
Vadodara,22.3072,73.1812,3.3928428,Low
Salem,11.6643,78.146,20.245598,Low
Mangaluru,12.9141,74.856,95.16207,Critical
Nagpur,21.1458,79.0882,18.363384,Low
Surat,21.1702,72.8311,32.011353,Low
Thane,19.2183,72.9781,92.96724,Critical
Coimbatore,11.0168,76.9558,6.248599,Low
Agra,27.1767,78.0081,95.605736,Critical
Agra,27.1767,78.0081,76.70813,High
Balasore,21.4942,86.9317,91.76512,Critical
Ganjam,19.3871,84.7919,2.7822845,Low
Meerut,28.9845,77.7064,92.12806,Critical
Madurai,9.9252,78.1198,94.05385,Critical
Balasore,21.4942,86.9317,97.39096,Critical
Gandhinagar,23.2156,72.6369,97.52564,Critical
Gautam Buddha Nagar,28.5355,77.391,85.79027,Critical
Vadodara,22.3072,73.1812,95.72041,Critical
Cuttack,20.4625,85.883,2.8172688,Low
Tiruchirappalli,10.7905,78.7047,95.85499,Critical
Vadodara,22.3072,73.1812,96.15038,Critical
Surat,21.1702,72.8311,84.22619,Critical
Nashik,19.9975,73.7898,92.2356,Critical
Agra,27.1767,78.0081,12.771018,Low
Vadodara,22.3072,73.1812,92.844406,Critical
Thane,19.2183,72.9781,90.85518,Critical
Vadodara,22.3072,73.1812,13.808414,Low
Mysuru,12.2958,76.6394,18.06703,Low
Nagpur,21.1458,79.0882,97.79252,Critical
Ganjam,19.3871,84.7919,94.31154,Critical
Chennai,13.0827,80.2707,7.6205773,Low
Tiruchirappalli,10.7905,78.7047,87.71567,Critical
Gandhinagar,23.2156,72.6369,73.165665,High
Kutch,23.7337,69.8597,6.7167206,Low
Pune,18.5204,73.8567,11.123563,Low
Chennai,13.0827,80.2707,6.3429923,Low
Nashik,19.9975,73.7898,17.435188,Low
Khordha,20.1734,85.6745,16.230587,Low
Mangaluru,12.9141,74.856,14.4938965,Low
Mangaluru,12.9141,74.856,6.107078,Low
Rajkot,22.3039,70.8022,12.403441,Low
Kutch,23.7337,69.8597,96.42398,Critical
Salem,11.6643,78.146,95.17946,Critical
Ganjam,19.3871,84.7919,96.16401,Critical
Puri,19.8135,85.8312,85.75648,Critical
Meerut,28.9845,77.7064,5.2943554,Low
Mangaluru,12.9141,74.856,97.14215,Critical
Nashik,19.9975,73.7898,88.08356,Critical
Puri,19.8135,85.8312,84.76903,Critical
Tumakuru,13.3409,77.101,11.139732,Low
Varanasi,25.3176,82.9739,93.93185,Critical
Dharwad,15.4589,75.0078,16.165838,Low
Ganjam,19.3871,84.7919,52.22565,Medium
Nagpur,21.1458,79.0882,88.11624,Critical
Ganjam,19.3871,84.7919,73.0024,High
Khordha,20.1734,85.6745,93.34476,Critical
Balasore,21.4942,86.9317,3.6305752,Low
Nagpur,21.1458,79.0882,93.2109,Critical
Puri,19.8135,85.8312,96.40323,Critical
Aurangabad,19.8762,75.3433,96.11714,Critical
Tumakuru,13.3409,77.101,86.460075,Critical
Mysuru,12.2958,76.6394,95.664825,Critical
Rajkot,22.3039,70.8022,96.027954,Critical
Meerut,28.9845,77.7064,38.378124,Low
Gandhinagar,23.2156,72.6369,95.15322,Critical
Pune,18.5204,73.8567,96.40437,Critical
Surat,21.1702,72.8311,96.463524,Critical
Surat,21.1702,72.8311,8.871625,Low
Mangaluru,12.9141,74.856,94.802246,Critical
Mysuru,12.2958,76.6394,69.15509,High
Meerut,28.9845,77.7064,8.472866,Low
Vadodara,22.3072,73.1812,87.36255,Critical
Sundargarh,22.1167,84.0333,89.43031,Critical
Kutch,23.7337,69.8597,7.3525677,Low
Bengaluru Urban,12.9716,77.5946,93.072914,Critical
Rajkot,22.3039,70.8022,18.752775,Low
Mangaluru,12.9141,74.856,96.00088,Critical
Mangaluru,12.9141,74.856,7.38745,Low
Bengaluru Urban,12.9716,77.5946,7.8151426,Low
Surat,21.1702,72.8311,95.10532,Critical
Coimbatore,11.0168,76.9558,88.721535,Critical
Pune,18.5204,73.8567,83.927795,Critical
Salem,11.6643,78.146,8.890942,Low
Tumakuru,13.3409,77.101,12.297484,Low
Tiruchirappalli,10.7905,78.7047,72.123764,High
Dharwad,15.4589,75.0078,93.14283,Critical
Coimbatore,11.0168,76.9558,29.75488,Low
Puri,19.8135,85.8312,7.1026883,Low
Belagavi,15.8497,74.4977,52.857788,Medium
Gautam Buddha Nagar,28.5355,77.391,95.54371,Critical
Varanasi,25.3176,82.9739,3.6104705,Low
Vadodara,22.3072,73.1812,98.41069,Critical
Ahmedabad,23.0225,72.5714,88.81385,Critical
Surat,21.1702,72.8311,4.5173492,Low
Nashik,19.9975,73.7898,8.124916,Low
Tumakuru,13.3409,77.101,12.65399,Low
Agra,27.1767,78.0081,6.4819813,Low
Rajkot,22.3039,70.8022,85.76116,Critical
Madurai,9.9252,78.1198,8.565416,Low
Bengaluru Urban,12.9716,77.5946,24.23252,Low
Tumakuru,13.3409,77.101,92.35334,Critical
Aurangabad,19.8762,75.3433,25.898218,Low
Meerut,28.9845,77.7064,85.87801,Critical
Tiruchirappalli,10.7905,78.7047,80.288,Critical
Rajkot,22.3039,70.8022,13.945895,Low
Surat,21.1702,72.8311,94.671684,Critical
Belagavi,15.8497,74.4977,94.041176,Critical
Balasore,21.4942,86.9317,59.70943,Medium
Vadodara,22.3072,73.1812,92.2436,Critical
Gandhinagar,23.2156,72.6369,8.621742,Low
Meerut,28.9845,77.7064,11.974285,Low
Pune,18.5204,73.8567,15.286268,Low
Meerut,28.9845,77.7064,95.037476,Critical
Rajkot,22.3039,70.8022,18.242483,Low
Khordha,20.1734,85.6745,3.798927,Low
Nashik,19.9975,73.7898,95.31256,Critical
Nashik,19.9975,73.7898,90.5504,Critical
Meerut,28.9845,77.7064,3.8772078,Low
Mysuru,12.2958,76.6394,80.73748,Critical
Puri,19.8135,85.8312,6.3414173,Low
Balasore,21.4942,86.9317,88.22153,Critical
Pune,18.5204,73.8567,7.6272783,Low
Tumakuru,13.3409,77.101,95.07548,Critical
Tumakuru,13.3409,77.101,76.69873,High
Puri,19.8135,85.8312,97.6856,Critical
Salem,11.6643,78.146,96.99878,Critical
Mangaluru,12.9141,74.856,11.357771,Low
Tumakuru,13.3409,77.101,96.03932,Critical
Mangaluru,12.9141,74.856,10.432065,Low
Rajkot,22.3039,70.8022,76.69774,High
Aurangabad,19.8762,75.3433,93.472435,Critical
Thane,19.2183,72.9781,6.744169,Low
Agra,27.1767,78.0081,91.4186,Critical
Thane,19.2183,72.9781,13.827619,Low
Tumakuru,13.3409,77.101,9.689935,Low
Meerut,28.9845,77.7064,6.361352,Low
Lucknow,26.8467,80.9462,17.216385,Low
Surat,21.1702,72.8311,96.9806,Critical
Gautam Buddha Nagar,28.5355,77.391,14.433631,Low
Tiruchirappalli,10.7905,78.7047,73.3107,High
Coimbatore,11.0168,76.9558,94.441475,Critical
Nagpur,21.1458,79.0882,97.29809,Critical
Madurai,9.9252,78.1198,96.28632,Critical
Mangaluru,12.9141,74.856,91.8958,Critical
Kutch,23.7337,69.8597,9.551797,Low
Lucknow,26.8467,80.9462,67.08832,High
Bengaluru Urban,12.9716,77.5946,9.9114,Low
Khordha,20.1734,85.6745,80.703,Critical
Madurai,9.9252,78.1198,82.416016,Critical
Ahmedabad,23.0225,72.5714,91.17152,Critical
Khordha,20.1734,85.6745,24.389425,Low
Mangaluru,12.9141,74.856,93.88571,Critical
Gandhinagar,23.2156,72.6369,88.34083,Critical
Nagpur,21.1458,79.0882,96.77884,Critical
Madurai,9.9252,78.1198,14.927086,Low
Chennai,13.0827,80.2707,95.46684,Critical
Varanasi,25.3176,82.9739,94.836655,Critical
Kutch,23.7337,69.8597,6.020991,Low
Coimbatore,11.0168,76.9558,7.9426184,Low
Coimbatore,11.0168,76.9558,21.502718,Low
Coimbatore,11.0168,76.9558,26.88244,Low
Nashik,19.9975,73.7898,93.26478,Critical
Mangaluru,12.9141,74.856,23.39154,Low
Ahmedabad,23.0225,72.5714,84.016594,Critical
Balasore,21.4942,86.9317,8.749855,Low
Gandhinagar,23.2156,72.6369,5.9402714,Low
Kanpur Nagar,26.4499,80.3319,11.100396,Low
Balasore,21.4942,86.9317,16.808739,Low
Mysuru,12.2958,76.6394,89.28444,Critical
Gandhinagar,23.2156,72.6369,88.033554,Critical
Ahmedabad,23.0225,72.5714,14.853567,Low
Sundargarh,22.1167,84.0333,94.1551,Critical
Varanasi,25.3176,82.9739,5.3385267,Low
Aurangabad,19.8762,75.3433,92.20855,Critical
Gautam Buddha Nagar,28.5355,77.391,90.8998,Critical
Aurangabad,19.8762,75.3433,86.08435,Critical
Ahmedabad,23.0225,72.5714,95.61478,Critical
Aurangabad,19.8762,75.3433,8.897095,Low
Coimbatore,11.0168,76.9558,7.9397388,Low
Belagavi,15.8497,74.4977,92.85317,Critical
Kanpur Nagar,26.4499,80.3319,7.3870053,Low
Tumakuru,13.3409,77.101,97.25743,Critical
Meerut,28.9845,77.7064,96.25445,Critical
Meerut,28.9845,77.7064,7.8247533,Low
Kutch,23.7337,69.8597,4.3391747,Low
Tiruchirappalli,10.7905,78.7047,10.239114,Low
Ganjam,19.3871,84.7919,30.317766,Low
Kutch,23.7337,69.8597,40.516598,Low
Kutch,23.7337,69.8597,16.958908,Low
Chennai,13.0827,80.2707,94.25945,Critical
Vadodara,22.3072,73.1812,3.4771223,Low
Sundargarh,22.1167,84.0333,5.2919865,Low
Agra,27.1767,78.0081,82.54756,Critical
Thane,19.2183,72.9781,10.582668,Low
Belagavi,15.8497,74.4977,94.39224,Critical
Mysuru,12.2958,76.6394,94.36908,Critical
Tiruchirappalli,10.7905,78.7047,89.026566,Critical
Agra,27.1767,78.0081,27.695433,Low
Nagpur,21.1458,79.0882,28.349825,Low
Mysuru,12.2958,76.6394,82.82794,Critical
Kutch,23.7337,69.8597,14.38001,Low
Puri,19.8135,85.8312,95.56561,Critical
Gandhinagar,23.2156,72.6369,78.45903,High
Nashik,19.9975,73.7898,23.503761,Low
Pune,18.5204,73.8567,15.423229,Low
Tumakuru,13.3409,77.101,51.083786,Medium
Aurangabad,19.8762,75.3433,93.81479,Critical
Varanasi,25.3176,82.9739,12.630114,Low
Cuttack,20.4625,85.883,13.197072,Low
Nagpur,21.1458,79.0882,94.25707,Critical
Gandhinagar,23.2156,72.6369,4.3095236,Low
Nashik,19.9975,73.7898,96.90278,Critical
Khordha,20.1734,85.6745,57.725346,Medium
Ahmedabad,23.0225,72.5714,95.614586,Critical
Vadodara,22.3072,73.1812,9.5369835,Low
Thane,19.2183,72.9781,87.296265,Critical
Thane,19.2183,72.9781,91.5072,Critical
Aurangabad,19.8762,75.3433,96.657166,Critical
Ganjam,19.3871,84.7919,15.517205,Low
Varanasi,25.3176,82.9739,11.041786,Low
Dharwad,15.4589,75.0078,14.168757,Low
Meerut,28.9845,77.7064,40.355194,Low
Belagavi,15.8497,74.4977,97.165215,Critical
Chennai,13.0827,80.2707,5.384123,Low
Tumakuru,13.3409,77.101,36.948463,Low
Meerut,28.9845,77.7064,16.378153,Low
Ahmedabad,23.0225,72.5714,10.245306,Low
Tiruchirappalli,10.7905,78.7047,48.141075,Medium
Gautam Buddha Nagar,28.5355,77.391,2.1527271,Low
Ganjam,19.3871,84.7919,93.833664,Critical
Gandhinagar,23.2156,72.6369,4.2372217,Low
Balasore,21.4942,86.9317,41.946747,Low
Bengaluru Urban,12.9716,77.5946,14.142874,Low
Balasore,21.4942,86.9317,12.665918,Low
Tumakuru,13.3409,77.101,33.085682,Low
Belagavi,15.8497,74.4977,96.43758,Critical
Mangaluru,12.9141,74.856,19.556698,Low
Salem,11.6643,78.146,94.74222,Critical
Chennai,13.0827,80.2707,92.295235,Critical
Salem,11.6643,78.146,90.473076,Critical
Meerut,28.9845,77.7064,92.6887,Critical
Meerut,28.9845,77.7064,75.01632,High
Pune,18.5204,73.8567,18.722013,Low
Balasore,21.4942,86.9317,58.305122,Medium
Coimbatore,11.0168,76.9558,97.20703,Critical
Balasore,21.4942,86.9317,4.264315,Low
Gautam Buddha Nagar,28.5355,77.391,4.0886383,Low
Gandhinagar,23.2156,72.6369,5.6619787,Low
Lucknow,26.8467,80.9462,85.27226,Critical
Salem,11.6643,78.146,9.7962265,Low
Mysuru,12.2958,76.6394,18.160074,Low
Gautam Buddha Nagar,28.5355,77.391,16.398903,Low
Tumakuru,13.3409,77.101,95.80415,Critical
Madurai,9.9252,78.1198,94.90242,Critical
Tumakuru,13.3409,77.101,84.84532,Critical
Vadodara,22.3072,73.1812,90.808334,Critical
Puri,19.8135,85.8312,10.47101,Low
Pune,18.5204,73.8567,94.8786,Critical
Vadodara,22.3072,73.1812,92.880806,Critical
Ahmedabad,23.0225,72.5714,6.260585,Low
Salem,11.6643,78.146,94.00514,Critical
Bengaluru Urban,12.9716,77.5946,96.284065,Critical
Mysuru,12.2958,76.6394,71.247574,High
Bengaluru Urban,12.9716,77.5946,19.897131,Low
Ahmedabad,23.0225,72.5714,18.309048,Low
Coimbatore,11.0168,76.9558,8.7767515,Low
Salem,11.6643,78.146,12.549181,Low
Belagavi,15.8497,74.4977,7.4033556,Low
Gandhinagar,23.2156,72.6369,79.737755,High
Kutch,23.7337,69.8597,94.295,Critical
Tumakuru,13.3409,77.101,12.102424,Low
Coimbatore,11.0168,76.9558,10.956462,Low
Balasore,21.4942,86.9317,91.51988,Critical
Mangaluru,12.9141,74.856,91.657,Critical
Rajkot,22.3039,70.8022,14.138143,Low
Thane,19.2183,72.9781,92.57531,Critical
Pune,18.5204,73.8567,94.4254,Critical
Balasore,21.4942,86.9317,92.135,Critical
Nashik,19.9975,73.7898,5.294499,Low
Kutch,23.7337,69.8597,5.7299433,Low
Puri,19.8135,85.8312,4.8082495,Low
Aurangabad,19.8762,75.3433,97.08737,Critical
Lucknow,26.8467,80.9462,51.65289,Medium
Belagavi,15.8497,74.4977,95.00202,Critical
Balasore,21.4942,86.9317,5.2090845,Low
Kutch,23.7337,69.8597,8.219899,Low
Kutch,23.7337,69.8597,97.08666,Critical
Gandhinagar,23.2156,72.6369,5.768756,Low
Nagpur,21.1458,79.0882,98.916245,Critical
Pune,18.5204,73.8567,91.08207,Critical
Agra,27.1767,78.0081,17.228193,Low
Madurai,9.9252,78.1198,9.524498,Low
Puri,19.8135,85.8312,8.453016,Low
Lucknow,26.8467,80.9462,41.739002,Low
Agra,27.1767,78.0081,32.771103,Low
Tumakuru,13.3409,77.101,19.268959,Low
Coimbatore,11.0168,76.9558,80.322334,Critical
Belagavi,15.8497,74.4977,12.124053,Low
Bengaluru Urban,12.9716,77.5946,90.161285,Critical
Tiruchirappalli,10.7905,78.7047,84.87472,Critical
Bengaluru Urban,12.9716,77.5946,71.32311,High
Thane,19.2183,72.9781,97.767265,Critical
Mangaluru,12.9141,74.856,88.31045,Critical
Kanpur Nagar,26.4499,80.3319,15.76025,Low
Tumakuru,13.3409,77.101,26.369003,Low
Thane,19.2183,72.9781,90.68555,Critical
Salem,11.6643,78.146,78.99355,High
Pune,18.5204,73.8567,95.198425,Critical
Tiruchirappalli,10.7905,78.7047,5.8261957,Low
Ahmedabad,23.0225,72.5714,87.80045,Critical
Tiruchirappalli,10.7905,78.7047,95.97035,Critical
Dharwad,15.4589,75.0078,85.95291,Critical
Aurangabad,19.8762,75.3433,10.958651,Low
Chennai,13.0827,80.2707,93.2398,Critical
Gautam Buddha Nagar,28.5355,77.391,80.15453,Critical
Chennai,13.0827,80.2707,6.068182,Low
Ahmedabad,23.0225,72.5714,93.30953,Critical
Belagavi,15.8497,74.4977,84.69954,Critical
Nagpur,21.1458,79.0882,94.78822,Critical
Nashik,19.9975,73.7898,76.251205,High
Dharwad,15.4589,75.0078,10.301193,Low
Bengaluru Urban,12.9716,77.5946,20.675205,Low
Dharwad,15.4589,75.0078,95.940285,Critical
Nagpur,21.1458,79.0882,9.218507,Low
Nagpur,21.1458,79.0882,95.68262,Critical
Kanpur Nagar,26.4499,80.3319,87.51763,Critical
Salem,11.6643,78.146,14.186711,Low
Ahmedabad,23.0225,72.5714,10.841826,Low
Madurai,9.9252,78.1198,79.99404,High
Kutch,23.7337,69.8597,95.161606,Critical
Khordha,20.1734,85.6745,91.47028,Critical
Dharwad,15.4589,75.0078,30.24646,Low
Thane,19.2183,72.9781,79.80106,High
Meerut,28.9845,77.7064,8.003613,Low
Balasore,21.4942,86.9317,16.70979,Low
Belagavi,15.8497,74.4977,94.32178,Critical
Chennai,13.0827,80.2707,90.34753,Critical
Kanpur Nagar,26.4499,80.3319,10.840962,Low
Agra,27.1767,78.0081,25.497177,Low
Tiruchirappalli,10.7905,78.7047,93.1495,Critical
Ahmedabad,23.0225,72.5714,50.70216,Medium
Kanpur Nagar,26.4499,80.3319,7.2189107,Low
Puri,19.8135,85.8312,23.00634,Low
Coimbatore,11.0168,76.9558,93.824005,Critical
Gautam Buddha Nagar,28.5355,77.391,92.94134,Critical
Meerut,28.9845,77.7064,97.75446,Critical
Surat,21.1702,72.8311,96.37905,Critical
Agra,27.1767,78.0081,17.185028,Low
Mysuru,12.2958,76.6394,13.829652,Low
Salem,11.6643,78.146,94.54971,Critical
Coimbatore,11.0168,76.9558,14.71221,Low
Mysuru,12.2958,76.6394,11.154413,Low
Ganjam,19.3871,84.7919,91.60967,Critical
Aurangabad,19.8762,75.3433,11.320287,Low
Salem,11.6643,78.146,98.85605,Critical
Balasore,21.4942,86.9317,94.48192,Critical
Gautam Buddha Nagar,28.5355,77.391,91.89313,Critical
Chennai,13.0827,80.2707,33.645164,Low
Gandhinagar,23.2156,72.6369,17.487726,Low
Tumakuru,13.3409,77.101,96.08011,Critical
Pune,18.5204,73.8567,8.512263,Low
Puri,19.8135,85.8312,94.71923,Critical
Rajkot,22.3039,70.8022,9.819677,Low
Khordha,20.1734,85.6745,19.690956,Low
Nagpur,21.1458,79.0882,89.39418,Critical
Tumakuru,13.3409,77.101,8.507069,Low
Pune,18.5204,73.8567,5.7224936,Low
Vadodara,22.3072,73.1812,95.62082,Critical
Vadodara,22.3072,73.1812,82.78815,Critical
Cuttack,20.4625,85.883,96.61415,Critical
Tiruchirappalli,10.7905,78.7047,13.864573,Low
Vadodara,22.3072,73.1812,11.549875,Low
Meerut,28.9845,77.7064,92.598114,Critical
Sundargarh,22.1167,84.0333,56.598938,Medium
Surat,21.1702,72.8311,58.977257,Medium
Dharwad,15.4589,75.0078,11.573152,Low
Pune,18.5204,73.8567,14.971601,Low
Gandhinagar,23.2156,72.6369,82.208855,Critical
Ganjam,19.3871,84.7919,94.07951,Critical
Chennai,13.0827,80.2707,14.533903,Low
Varanasi,25.3176,82.9739,55.579174,Medium
Mysuru,12.2958,76.6394,85.66581,Critical
Tumakuru,13.3409,77.101,10.315877,Low
Rajkot,22.3039,70.8022,43.480347,Low
Madurai,9.9252,78.1198,96.53977,Critical
Ahmedabad,23.0225,72.5714,16.054354,Low
Belagavi,15.8497,74.4977,91.6578,Critical
Ganjam,19.3871,84.7919,98.556175,Critical
Thane,19.2183,72.9781,2.7588794,Low
Kutch,23.7337,69.8597,96.48237,Critical
Salem,11.6643,78.146,80.22201,Critical
Thane,19.2183,72.9781,90.544716,Critical
Dharwad,15.4589,75.0078,52.38891,Medium
Sundargarh,22.1167,84.0333,15.342622,Low
Khordha,20.1734,85.6745,33.95136,Low
Coimbatore,11.0168,76.9558,14.086819,Low
Belagavi,15.8497,74.4977,92.28822,Critical
Belagavi,15.8497,74.4977,93.75846,Critical
Khordha,20.1734,85.6745,9.297476,Low
Thane,19.2183,72.9781,97.783775,Critical
Ganjam,19.3871,84.7919,14.576917,Low
Agra,27.1767,78.0081,91.709335,Critical
Aurangabad,19.8762,75.3433,15.50053,Low
Mysuru,12.2958,76.6394,73.61968,High
Surat,21.1702,72.8311,5.0129595,Low
Mangaluru,12.9141,74.856,4.1556067,Low
Cuttack,20.4625,85.883,17.925457,Low
Pune,18.5204,73.8567,99.00524,Critical
Coimbatore,11.0168,76.9558,42.48653,Low
Tumakuru,13.3409,77.101,95.5859,Critical
Coimbatore,11.0168,76.9558,89.75871,Critical
Meerut,28.9845,77.7064,91.76083,Critical
Nashik,19.9975,73.7898,95.64382,Critical
Kanpur Nagar,26.4499,80.3319,7.181659,Low
Belagavi,15.8497,74.4977,13.443758,Low
Puri,19.8135,85.8312,92.990524,Critical
Sundargarh,22.1167,84.0333,4.673048,Low
Nashik,19.9975,73.7898,87.891785,Critical
Gautam Buddha Nagar,28.5355,77.391,17.095232,Low
Mysuru,12.2958,76.6394,96.954704,Critical
Lucknow,26.8467,80.9462,6.7170134,Low
Mangaluru,12.9141,74.856,8.117605,Low
Tiruchirappalli,10.7905,78.7047,22.55401,Low
Gandhinagar,23.2156,72.6369,68.308044,High
Lucknow,26.8467,80.9462,60.5674,Medium
Chennai,13.0827,80.2707,3.1830225,Low
Cuttack,20.4625,85.883,93.74468,Critical
Balasore,21.4942,86.9317,98.02588,Critical
Rajkot,22.3039,70.8022,94.72876,Critical
Cuttack,20.4625,85.883,85.66002,Critical
Meerut,28.9845,77.7064,83.17727,Critical
Nagpur,21.1458,79.0882,67.61956,High
Agra,27.1767,78.0081,94.954346,Critical
Cuttack,20.4625,85.883,88.50617,Critical
Gautam Buddha Nagar,28.5355,77.391,4.399934,Low
Nashik,19.9975,73.7898,51.183968,Medium
Madurai,9.9252,78.1198,23.050863,Low
Aurangabad,19.8762,75.3433,97.4147,Critical
Thane,19.2183,72.9781,97.520294,Critical
Pune,18.5204,73.8567,79.035324,High
Tiruchirappalli,10.7905,78.7047,26.722754,Low
Salem,11.6643,78.146,9.723958,Low
Tiruchirappalli,10.7905,78.7047,91.780655,Critical
Rajkot,22.3039,70.8022,5.2174764,Low
Belagavi,15.8497,74.4977,15.147998,Low
Aurangabad,19.8762,75.3433,94.64451,Critical
Pune,18.5204,73.8567,95.68932,Critical
Lucknow,26.8467,80.9462,95.16344,Critical
Thane,19.2183,72.9781,82.435875,Critical
Nashik,19.9975,73.7898,90.77294,Critical
Rajkot,22.3039,70.8022,29.343048,Low
Gautam Buddha Nagar,28.5355,77.391,92.21309,Critical
Bengaluru Urban,12.9716,77.5946,18.520515,Low
Chennai,13.0827,80.2707,20.180563,Low
Dharwad,15.4589,75.0078,93.25852,Critical
Nashik,19.9975,73.7898,1.6397917,Low
Balasore,21.4942,86.9317,93.367096,Critical
Nagpur,21.1458,79.0882,5.597254,Low
Mysuru,12.2958,76.6394,53.65786,Medium
Mysuru,12.2958,76.6394,6.511222,Low
Coimbatore,11.0168,76.9558,31.773209,Low
Nagpur,21.1458,79.0882,9.7106905,Low
Khordha,20.1734,85.6745,5.4370565,Low
Kanpur Nagar,26.4499,80.3319,14.930007,Low
Rajkot,22.3039,70.8022,85.848946,Critical
Tumakuru,13.3409,77.101,94.64949,Critical
Belagavi,15.8497,74.4977,4.6553645,Low
Tiruchirappalli,10.7905,78.7047,45.650204,Medium
Nagpur,21.1458,79.0882,96.714905,Critical
Ahmedabad,23.0225,72.5714,97.08812,Critical
Mangaluru,12.9141,74.856,97.09131,Critical
Ahmedabad,23.0225,72.5714,20.314497,Low
Thane,19.2183,72.9781,81.9302,Critical
Salem,11.6643,78.146,26.810936,Low
Thane,19.2183,72.9781,14.451054,Low
Belagavi,15.8497,74.4977,6.0917225,Low
Nashik,19.9975,73.7898,12.379648,Low
Lucknow,26.8467,80.9462,93.81141,Critical
Bengaluru Urban,12.9716,77.5946,95.62878,Critical
Nagpur,21.1458,79.0882,3.9304872,Low
Meerut,28.9845,77.7064,98.17124,Critical
Salem,11.6643,78.146,91.81345,Critical
Thane,19.2183,72.9781,88.82912,Critical
Belagavi,15.8497,74.4977,41.615932,Low
Belagavi,15.8497,74.4977,9.006854,Low
Tiruchirappalli,10.7905,78.7047,98.47277,Critical
Coimbatore,11.0168,76.9558,95.695786,Critical
Salem,11.6643,78.146,93.92047,Critical
Sundargarh,22.1167,84.0333,8.303906,Low
Vadodara,22.3072,73.1812,85.61741,Critical
Nashik,19.9975,73.7898,9.867161,Low
Tumakuru,13.3409,77.101,5.7430434,Low
Mangaluru,12.9141,74.856,96.298,Critical
Agra,27.1767,78.0081,55.410366,Medium
Thane,19.2183,72.9781,93.41674,Critical
Gandhinagar,23.2156,72.6369,17.914032,Low
Varanasi,25.3176,82.9739,85.356766,Critical
Kanpur Nagar,26.4499,80.3319,9.502408,Low
Khordha,20.1734,85.6745,79.73306,High
Lucknow,26.8467,80.9462,29.787836,Low
Salem,11.6643,78.146,95.978615,Critical
Bengaluru Urban,12.9716,77.5946,73.054436,High
Belagavi,15.8497,74.4977,9.912564,Low
Tumakuru,13.3409,77.101,31.423702,Low
Puri,19.8135,85.8312,95.36657,Critical
Rajkot,22.3039,70.8022,12.731523,Low
Dharwad,15.4589,75.0078,97.67905,Critical
Gandhinagar,23.2156,72.6369,87.70542,Critical
Ganjam,19.3871,84.7919,15.522062,Low
Mangaluru,12.9141,74.856,51.104855,Medium
Lucknow,26.8467,80.9462,95.58037,Critical
Agra,27.1767,78.0081,94.72452,Critical
Madurai,9.9252,78.1198,5.2329955,Low
Cuttack,20.4625,85.883,14.985628,Low
Gandhinagar,23.2156,72.6369,61.88627,Medium
Madurai,9.9252,78.1198,8.454554,Low
Thane,19.2183,72.9781,84.92961,Critical
Aurangabad,19.8762,75.3433,80.807076,Critical
Surat,21.1702,72.8311,11.68067,Low
Nashik,19.9975,73.7898,16.538073,Low
Kanpur Nagar,26.4499,80.3319,97.646515,Critical
Kanpur Nagar,26.4499,80.3319,82.954956,Critical
Kanpur Nagar,26.4499,80.3319,8.359764,Low
Thane,19.2183,72.9781,93.32239,Critical
Agra,27.1767,78.0081,92.845764,Critical
Meerut,28.9845,77.7064,2.8170683,Low
Surat,21.1702,72.8311,81.51922,Critical
Belagavi,15.8497,74.4977,9.321621,Low
Meerut,28.9845,77.7064,93.405556,Critical
Madurai,9.9252,78.1198,93.36452,Critical
Sundargarh,22.1167,84.0333,6.2427545,Low
Surat,21.1702,72.8311,4.797594,Low
Khordha,20.1734,85.6745,81.751015,Critical
Ganjam,19.3871,84.7919,10.788272,Low
Chennai,13.0827,80.2707,74.683784,High
Varanasi,25.3176,82.9739,28.661167,Low
Nashik,19.9975,73.7898,49.072945,Medium
Pune,18.5204,73.8567,11.007499,Low
Salem,11.6643,78.146,94.94502,Critical
Rajkot,22.3039,70.8022,8.43189,Low
Belagavi,15.8497,74.4977,15.724085,Low
Puri,19.8135,85.8312,7.1350603,Low
Rajkot,22.3039,70.8022,94.6223,Critical
Chennai,13.0827,80.2707,40.298157,Low
Khordha,20.1734,85.6745,71.16638,High
Surat,21.1702,72.8311,88.12857,Critical
Balasore,21.4942,86.9317,6.363363,Low
Salem,11.6643,78.146,13.560449,Low
Cuttack,20.4625,85.883,4.595123,Low
Tiruchirappalli,10.7905,78.7047,3.5698283,Low
Nashik,19.9975,73.7898,97.08582,Critical
Khordha,20.1734,85.6745,83.921906,Critical
Khordha,20.1734,85.6745,7.291223,Low
Thane,19.2183,72.9781,89.21088,Critical
Coimbatore,11.0168,76.9558,14.206037,Low
Rajkot,22.3039,70.8022,6.740137,Low
Kutch,23.7337,69.8597,94.53475,Critical
Rajkot,22.3039,70.8022,93.02965,Critical
Thane,19.2183,72.9781,73.4367,High
Tumakuru,13.3409,77.101,33.94178,Low
Pune,18.5204,73.8567,97.98051,Critical
Pune,18.5204,73.8567,10.410639,Low
Ganjam,19.3871,84.7919,79.92664,High
Ahmedabad,23.0225,72.5714,90.37278,Critical
Kutch,23.7337,69.8597,13.546063,Low
Kutch,23.7337,69.8597,6.085304,Low
Mysuru,12.2958,76.6394,8.927722,Low
Dharwad,15.4589,75.0078,69.22132,High
Coimbatore,11.0168,76.9558,11.7087,Low
Gandhinagar,23.2156,72.6369,95.61919,Critical
Agra,27.1767,78.0081,17.718864,Low
Aurangabad,19.8762,75.3433,95.00984,Critical
Pune,18.5204,73.8567,68.55358,High
Lucknow,26.8467,80.9462,84.59427,Critical
Coimbatore,11.0168,76.9558,93.072815,Critical
Nashik,19.9975,73.7898,71.093735,High
Salem,11.6643,78.146,94.45198,Critical
Pune,18.5204,73.8567,17.532986,Low
Salem,11.6643,78.146,89.72036,Critical
Mangaluru,12.9141,74.856,86.51073,Critical
Dharwad,15.4589,75.0078,97.858604,Critical
Tiruchirappalli,10.7905,78.7047,96.44224,Critical
Chennai,13.0827,80.2707,6.3759155,Low
Meerut,28.9845,77.7064,16.37983,Low
Salem,11.6643,78.146,94.74643,Critical
Vadodara,22.3072,73.1812,15.748703,Low
Gandhinagar,23.2156,72.6369,94.15508,Critical
Gautam Buddha Nagar,28.5355,77.391,95.808235,Critical
Nagpur,21.1458,79.0882,6.0406284,Low
Nagpur,21.1458,79.0882,97.3893,Critical
Thane,19.2183,72.9781,54.81512,Medium
Ahmedabad,23.0225,72.5714,14.848404,Low
Coimbatore,11.0168,76.9558,10.214413,Low
Cuttack,20.4625,85.883,96.44066,Critical
Balasore,21.4942,86.9317,97.27218,Critical
Kanpur Nagar,26.4499,80.3319,8.618752,Low
Sundargarh,22.1167,84.0333,4.459925,Low
Khordha,20.1734,85.6745,94.191635,Critical
Bengaluru Urban,12.9716,77.5946,94.58988,Critical
Kanpur Nagar,26.4499,80.3319,96.91723,Critical
Coimbatore,11.0168,76.9558,97.47355,Critical
Agra,27.1767,78.0081,48.811832,Medium
Coimbatore,11.0168,76.9558,95.14893,Critical
Sundargarh,22.1167,84.0333,21.026276,Low
Tiruchirappalli,10.7905,78.7047,95.48671,Critical
Dharwad,15.4589,75.0078,8.436675,Low
Thane,19.2183,72.9781,22.557856,Low
Khordha,20.1734,85.6745,16.153316,Low
Tumakuru,13.3409,77.101,96.11597,Critical
Mangaluru,12.9141,74.856,80.3067,Critical
Surat,21.1702,72.8311,22.495245,Low
Dharwad,15.4589,75.0078,94.24897,Critical
Coimbatore,11.0168,76.9558,10.557296,Low
Tumakuru,13.3409,77.101,87.25611,Critical
Pune,18.5204,73.8567,9.221683,Low
Sundargarh,22.1167,84.0333,91.09842,Critical
Rajkot,22.3039,70.8022,17.638605,Low
Meerut,28.9845,77.7064,28.328133,Low
Nashik,19.9975,73.7898,52.048744,Medium
Tiruchirappalli,10.7905,78.7047,93.96617,Critical
Gautam Buddha Nagar,28.5355,77.391,8.825998,Low
Sundargarh,22.1167,84.0333,9.107449,Low
Nashik,19.9975,73.7898,94.246124,Critical
Mangaluru,12.9141,74.856,90.162544,Critical
Salem,11.6643,78.146,43.426617,Low
Thane,19.2183,72.9781,96.44073,Critical
Mysuru,12.2958,76.6394,83.69823,Critical
Nagpur,21.1458,79.0882,95.72813,Critical
Ahmedabad,23.0225,72.5714,85.176575,Critical
Thane,19.2183,72.9781,8.075348,Low
Tumakuru,13.3409,77.101,11.377974,Low
Tiruchirappalli,10.7905,78.7047,6.093658,Low
Coimbatore,11.0168,76.9558,93.93968,Critical
Tumakuru,13.3409,77.101,30.257856,Low
Mysuru,12.2958,76.6394,97.541115,Critical
Vadodara,22.3072,73.1812,94.459526,Critical
Surat,21.1702,72.8311,94.20752,Critical
Mysuru,12.2958,76.6394,24.935022,Low
Kutch,23.7337,69.8597,93.86839,Critical
Cuttack,20.4625,85.883,15.236709,Low
Balasore,21.4942,86.9317,72.74877,High
Belagavi,15.8497,74.4977,94.93486,Critical
Puri,19.8135,85.8312,92.90916,Critical
Kanpur Nagar,26.4499,80.3319,83.38953,Critical
Gautam Buddha Nagar,28.5355,77.391,12.396148,Low
Surat,21.1702,72.8311,13.544622,Low
Rajkot,22.3039,70.8022,3.6310833,Low
Thane,19.2183,72.9781,10.025299,Low
Varanasi,25.3176,82.9739,97.14882,Critical
Gautam Buddha Nagar,28.5355,77.391,86.83335,Critical
Rajkot,22.3039,70.8022,4.4376497,Low
Ahmedabad,23.0225,72.5714,90.285515,Critical
Pune,18.5204,73.8567,82.71063,Critical
Lucknow,26.8467,80.9462,85.32331,Critical
Bengaluru Urban,12.9716,77.5946,97.30106,Critical
Bengaluru Urban,12.9716,77.5946,8.479275,Low
Madurai,9.9252,78.1198,7.4561334,Low
Kanpur Nagar,26.4499,80.3319,93.81984,Critical
Rajkot,22.3039,70.8022,13.842959,Low
Rajkot,22.3039,70.8022,7.7436914,Low
Lucknow,26.8467,80.9462,95.437775,Critical
Coimbatore,11.0168,76.9558,85.24583,Critical
Salem,11.6643,78.146,12.904601,Low
Gandhinagar,23.2156,72.6369,4.306947,Low
Rajkot,22.3039,70.8022,8.298828,Low
Nagpur,21.1458,79.0882,12.655393,Low
Surat,21.1702,72.8311,6.115201,Low
Agra,27.1767,78.0081,27.143103,Low
Mangaluru,12.9141,74.856,20.681139,Low
Madurai,9.9252,78.1198,73.47264,High
Lucknow,26.8467,80.9462,9.487269,Low
Kutch,23.7337,69.8597,8.17197,Low
Belagavi,15.8497,74.4977,96.00773,Critical
Salem,11.6643,78.146,8.63208,Low
Nagpur,21.1458,79.0882,6.087869,Low
Gautam Buddha Nagar,28.5355,77.391,4.1206565,Low
Bengaluru Urban,12.9716,77.5946,6.737795,Low
Aurangabad,19.8762,75.3433,98.035446,Critical
Mysuru,12.2958,76.6394,89.50814,Critical
Dharwad,15.4589,75.0078,30.658997,Low
Ahmedabad,23.0225,72.5714,19.681654,Low
Surat,21.1702,72.8311,11.076503,Low
Coimbatore,11.0168,76.9558,94.27222,Critical
Gandhinagar,23.2156,72.6369,90.65,Critical
Ganjam,19.3871,84.7919,70.6715,High
Belagavi,15.8497,74.4977,89.94314,Critical
Sundargarh,22.1167,84.0333,96.33027,Critical
Mangaluru,12.9141,74.856,97.25872,Critical
Cuttack,20.4625,85.883,94.94162,Critical
Mangaluru,12.9141,74.856,97.613914,Critical
Coimbatore,11.0168,76.9558,69.334366,High
Kutch,23.7337,69.8597,10.278245,Low
Nagpur,21.1458,79.0882,95.26377,Critical
Nagpur,21.1458,79.0882,5.997073,Low
Thane,19.2183,72.9781,11.408363,Low
Sundargarh,22.1167,84.0333,93.19576,Critical
Surat,21.1702,72.8311,93.03968,Critical
Chennai,13.0827,80.2707,97.96571,Critical
Khordha,20.1734,85.6745,8.077182,Low
Surat,21.1702,72.8311,10.851979,Low
Kutch,23.7337,69.8597,3.139196,Low
Varanasi,25.3176,82.9739,12.038856,Low
Agra,27.1767,78.0081,95.23685,Critical
Puri,19.8135,85.8312,92.27255,Critical
Nagpur,21.1458,79.0882,88.40323,Critical
Varanasi,25.3176,82.9739,90.92387,Critical
Nashik,19.9975,73.7898,23.64381,Low
Agra,27.1767,78.0081,66.89896,High
Agra,27.1767,78.0081,3.8515897,Low
Pune,18.5204,73.8567,43.96868,Low
Kutch,23.7337,69.8597,2.5241628,Low
Rajkot,22.3039,70.8022,2.0062444,Low
Pune,18.5204,73.8567,92.61151,Critical
Bengaluru Urban,12.9716,77.5946,96.89834,Critical
Kutch,23.7337,69.8597,90.81548,Critical
Nashik,19.9975,73.7898,94.06246,Critical
Madurai,9.9252,78.1198,98.562744,Critical
Madurai,9.9252,78.1198,95.43555,Critical
Sundargarh,22.1167,84.0333,4.079268,Low
Belagavi,15.8497,74.4977,87.91879,Critical
Bengaluru Urban,12.9716,77.5946,86.53352,Critical
Aurangabad,19.8762,75.3433,5.4318795,Low
Gautam Buddha Nagar,28.5355,77.391,4.4302025,Low
Cuttack,20.4625,85.883,95.391464,Critical
Surat,21.1702,72.8311,87.023636,Critical
Ganjam,19.3871,84.7919,96.27014,Critical
Thane,19.2183,72.9781,96.93722,Critical
Tiruchirappalli,10.7905,78.7047,94.56221,Critical
Gautam Buddha Nagar,28.5355,77.391,12.58267,Low
Dharwad,15.4589,75.0078,14.462166,Low
Balasore,21.4942,86.9317,13.735686,Low
Madurai,9.9252,78.1198,98.2523,Critical
Cuttack,20.4625,85.883,96.199036,Critical
Mangaluru,12.9141,74.856,5.6232285,Low
Tumakuru,13.3409,77.101,95.27729,Critical
Agra,27.1767,78.0081,44.999687,Low
Ahmedabad,23.0225,72.5714,93.8483,Critical
Salem,11.6643,78.146,96.41725,Critical
Khordha,20.1734,85.6745,95.977554,Critical
Coimbatore,11.0168,76.9558,7.103842,Low
Lucknow,26.8467,80.9462,92.393845,Critical
Meerut,28.9845,77.7064,94.87513,Critical
Gandhinagar,23.2156,72.6369,31.650543,Low
Varanasi,25.3176,82.9739,96.507195,Critical
Puri,19.8135,85.8312,97.32125,Critical
Sundargarh,22.1167,84.0333,12.463059,Low
Lucknow,26.8467,80.9462,17.044,Low
Sundargarh,22.1167,84.0333,7.56047,Low
Belagavi,15.8497,74.4977,16.284693,Low
Gautam Buddha Nagar,28.5355,77.391,94.681076,Critical
Rajkot,22.3039,70.8022,15.417653,Low
Sundargarh,22.1167,84.0333,7.8691354,Low
Puri,19.8135,85.8312,17.639524,Low
Salem,11.6643,78.146,28.880703,Low
Surat,21.1702,72.8311,11.248289,Low
Mysuru,12.2958,76.6394,83.90301,Critical
Agra,27.1767,78.0081,88.32623,Critical
Gautam Buddha Nagar,28.5355,77.391,5.3225985,Low
Aurangabad,19.8762,75.3433,91.67642,Critical
Pune,18.5204,73.8567,5.1082993,Low
Gautam Buddha Nagar,28.5355,77.391,95.80982,Critical
Lucknow,26.8467,80.9462,5.442967,Low
Kanpur Nagar,26.4499,80.3319,97.25705,Critical
Varanasi,25.3176,82.9739,90.64747,Critical
Salem,11.6643,78.146,6.087915,Low
Bengaluru Urban,12.9716,77.5946,13.4502945,Low
Khordha,20.1734,85.6745,10.493658,Low
Belagavi,15.8497,74.4977,97.25198,Critical
Mysuru,12.2958,76.6394,9.080258,Low
Bengaluru Urban,12.9716,77.5946,95.61551,Critical
Chennai,13.0827,80.2707,92.18315,Critical
Thane,19.2183,72.9781,31.975056,Low
Kanpur Nagar,26.4499,80.3319,91.43065,Critical
Puri,19.8135,85.8312,76.63801,High
Salem,11.6643,78.146,3.9896455,Low
Balasore,21.4942,86.9317,3.0788696,Low
Tumakuru,13.3409,77.101,89.75935,Critical
Surat,21.1702,72.8311,96.59565,Critical
Varanasi,25.3176,82.9739,96.99875,Critical
Vadodara,22.3072,73.1812,87.55231,Critical
Ganjam,19.3871,84.7919,95.249695,Critical
Meerut,28.9845,77.7064,91.54417,Critical
Belagavi,15.8497,74.4977,96.64953,Critical
Surat,21.1702,72.8311,95.3973,Critical
Aurangabad,19.8762,75.3433,18.870935,Low
Puri,19.8135,85.8312,7.9361916,Low
Nagpur,21.1458,79.0882,83.714165,Critical
Surat,21.1702,72.8311,87.38345,Critical
Tiruchirappalli,10.7905,78.7047,86.378296,Critical
Meerut,28.9845,77.7064,92.13023,Critical
Nagpur,21.1458,79.0882,97.47095,Critical
Gandhinagar,23.2156,72.6369,94.35971,Critical
Kanpur Nagar,26.4499,80.3319,97.56756,Critical
Chennai,13.0827,80.2707,16.20779,Low
Coimbatore,11.0168,76.9558,3.2703128,Low
Bengaluru Urban,12.9716,77.5946,92.03904,Critical
Agra,27.1767,78.0081,91.5255,Critical
Dharwad,15.4589,75.0078,28.578413,Low
Sundargarh,22.1167,84.0333,96.32962,Critical
Kanpur Nagar,26.4499,80.3319,90.05031,Critical
Kutch,23.7337,69.8597,73.73627,High
Thane,19.2183,72.9781,74.44069,High
Cuttack,20.4625,85.883,24.661142,Low
Belagavi,15.8497,74.4977,28.922771,Low
Cuttack,20.4625,85.883,94.40737,Critical
Tumakuru,13.3409,77.101,98.49695,Critical
Sundargarh,22.1167,84.0333,30.593157,Low
Nagpur,21.1458,79.0882,7.5522327,Low
Tumakuru,13.3409,77.101,76.83132,High
Ganjam,19.3871,84.7919,87.59311,Critical
Ganjam,19.3871,84.7919,94.87217,Critical
Agra,27.1767,78.0081,17.43076,Low
Ganjam,19.3871,84.7919,51.11636,Medium
Aurangabad,19.8762,75.3433,82.34901,Critical
Thane,19.2183,72.9781,4.691186,Low
Thane,19.2183,72.9781,95.17406,Critical
Coimbatore,11.0168,76.9558,5.7810035,Low
Mangaluru,12.9141,74.856,91.091385,Critical
Gautam Buddha Nagar,28.5355,77.391,15.397036,Low
Lucknow,26.8467,80.9462,95.03091,Critical
Rajkot,22.3039,70.8022,8.644883,Low
Khordha,20.1734,85.6745,96.09238,Critical
Sundargarh,22.1167,84.0333,20.92866,Low
Mysuru,12.2958,76.6394,94.28449,Critical
Madurai,9.9252,78.1198,92.75235,Critical
Meerut,28.9845,77.7064,27.315533,Low
Vadodara,22.3072,73.1812,94.05901,Critical
Tumakuru,13.3409,77.101,4.7401676,Low
Puri,19.8135,85.8312,10.2817335,Low
Ahmedabad,23.0225,72.5714,59.850372,Medium
Puri,19.8135,85.8312,97.17564,Critical
Tumakuru,13.3409,77.101,4.774214,Low
Lucknow,26.8467,80.9462,5.029235,Low
Kutch,23.7337,69.8597,5.342627,Low
Pune,18.5204,73.8567,7.1873255,Low
Sundargarh,22.1167,84.0333,94.614174,Critical
Sundargarh,22.1167,84.0333,7.0479302,Low
Dharwad,15.4589,75.0078,10.03349,Low
Chennai,13.0827,80.2707,22.08681,Low
Varanasi,25.3176,82.9739,86.66062,Critical
Vadodara,22.3072,73.1812,98.2104,Critical
Mangaluru,12.9141,74.856,97.731415,Critical
Vadodara,22.3072,73.1812,92.743835,Critical
Ahmedabad,23.0225,72.5714,22.79168,Low
Bengaluru Urban,12.9716,77.5946,21.672562,Low
Varanasi,25.3176,82.9739,3.5273855,Low
Aurangabad,19.8762,75.3433,20.794746,Low
Belagavi,15.8497,74.4977,18.798273,Low
Belagavi,15.8497,74.4977,94.27712,Critical
Kanpur Nagar,26.4499,80.3319,8.988903,Low
Madurai,9.9252,78.1198,4.464755,Low
Kutch,23.7337,69.8597,13.793893,Low
Meerut,28.9845,77.7064,14.436314,Low
Aurangabad,19.8762,75.3433,39.31557,Low
Tiruchirappalli,10.7905,78.7047,75.117065,High
Khordha,20.1734,85.6745,93.33297,Critical
Sundargarh,22.1167,84.0333,98.24111,Critical
Dharwad,15.4589,75.0078,93.601,Critical
Sundargarh,22.1167,84.0333,91.21651,Critical
Chennai,13.0827,80.2707,17.096624,Low
Vadodara,22.3072,73.1812,84.7341,Critical
Tumakuru,13.3409,77.101,11.893644,Low
Balasore,21.4942,86.9317,7.1713953,Low
Belagavi,15.8497,74.4977,89.538155,Critical
Tiruchirappalli,10.7905,78.7047,95.842094,Critical
Agra,27.1767,78.0081,15.519147,Low
Bengaluru Urban,12.9716,77.5946,9.878864,Low
Khordha,20.1734,85.6745,94.14081,Critical
Chennai,13.0827,80.2707,90.52853,Critical
Gautam Buddha Nagar,28.5355,77.391,95.04993,Critical
Tumakuru,13.3409,77.101,88.136795,Critical
Thane,19.2183,72.9781,15.408094,Low
Mysuru,12.2958,76.6394,88.659676,Critical
Thane,19.2183,72.9781,64.43168,Medium
Vadodara,22.3072,73.1812,89.71155,Critical
Sundargarh,22.1167,84.0333,30.399286,Low
Madurai,9.9252,78.1198,97.387245,Critical
Gandhinagar,23.2156,72.6369,93.31034,Critical
Ahmedabad,23.0225,72.5714,96.18772,Critical
Thane,19.2183,72.9781,93.75352,Critical
Salem,11.6643,78.146,40.602177,Low
Ganjam,19.3871,84.7919,43.108948,Low
Madurai,9.9252,78.1198,11.329676,Low
Vadodara,22.3072,73.1812,37.295513,Low
Bengaluru Urban,12.9716,77.5946,96.33103,Critical
Gandhinagar,23.2156,72.6369,95.43419,Critical
Madurai,9.9252,78.1198,97.12497,Critical
Ganjam,19.3871,84.7919,93.46299,Critical
Vadodara,22.3072,73.1812,1.9825222,Low
Balasore,21.4942,86.9317,6.6765056,Low
Salem,11.6643,78.146,6.1720037,Low
Surat,21.1702,72.8311,77.04559,High
Nagpur,21.1458,79.0882,98.61434,Critical
Coimbatore,11.0168,76.9558,22.08842,Low
Pune,18.5204,73.8567,7.8777843,Low
Madurai,9.9252,78.1198,78.20611,High
Tiruchirappalli,10.7905,78.7047,48.44903,Medium
Mysuru,12.2958,76.6394,12.956476,Low
Sundargarh,22.1167,84.0333,54.991467,Medium
Nagpur,21.1458,79.0882,96.7195,Critical
Mangaluru,12.9141,74.856,8.060754,Low
Balasore,21.4942,86.9317,11.535454,Low
Ahmedabad,23.0225,72.5714,76.2982,High
Tiruchirappalli,10.7905,78.7047,41.651024,Low
Tumakuru,13.3409,77.101,5.0817995,Low
Aurangabad,19.8762,75.3433,13.853328,Low
Lucknow,26.8467,80.9462,6.7671905,Low
Mysuru,12.2958,76.6394,7.3750815,Low
Vadodara,22.3072,73.1812,36.166504,Low
Thane,19.2183,72.9781,40.83105,Low
Kanpur Nagar,26.4499,80.3319,61.118664,Medium
Tiruchirappalli,10.7905,78.7047,98.59039,Critical
Aurangabad,19.8762,75.3433,86.54457,Critical
Meerut,28.9845,77.7064,8.792085,Low
Rajkot,22.3039,70.8022,91.78363,Critical
Pune,18.5204,73.8567,7.090164,Low
Salem,11.6643,78.146,66.63602,High
Nagpur,21.1458,79.0882,97.64227,Critical
Salem,11.6643,78.146,7.546507,Low
Rajkot,22.3039,70.8022,13.097501,Low
Rajkot,22.3039,70.8022,12.3425455,Low
Mysuru,12.2958,76.6394,97.61253,Critical
Ganjam,19.3871,84.7919,30.809343,Low
Sundargarh,22.1167,84.0333,97.75532,Critical
Gautam Buddha Nagar,28.5355,77.391,13.207366,Low
Madurai,9.9252,78.1198,89.22992,Critical
Coimbatore,11.0168,76.9558,66.68736,High
Kutch,23.7337,69.8597,12.159604,Low
Balasore,21.4942,86.9317,5.646258,Low
Lucknow,26.8467,80.9462,88.930145,Critical
Mysuru,12.2958,76.6394,9.044346,Low
Lucknow,26.8467,80.9462,14.228694,Low
Nashik,19.9975,73.7898,83.793495,Critical
Madurai,9.9252,78.1198,41.295525,Low
Sundargarh,22.1167,84.0333,3.7682877,Low
Mangaluru,12.9141,74.856,37.999504,Low
Salem,11.6643,78.146,87.99211,Critical
Bengaluru Urban,12.9716,77.5946,13.419332,Low
Ahmedabad,23.0225,72.5714,8.769194,Low
Nagpur,21.1458,79.0882,92.79221,Critical
Tiruchirappalli,10.7905,78.7047,94.13118,Critical
Balasore,21.4942,86.9317,91.251724,Critical
Bengaluru Urban,12.9716,77.5946,88.60336,Critical
Thane,19.2183,72.9781,7.6892896,Low
Madurai,9.9252,78.1198,86.43063,Critical
Madurai,9.9252,78.1198,55.299973,Medium
Cuttack,20.4625,85.883,93.05664,Critical
Tumakuru,13.3409,77.101,10.214684,Low
Nagpur,21.1458,79.0882,98.73252,Critical
Ahmedabad,23.0225,72.5714,89.916756,Critical
Mangaluru,12.9141,74.856,86.85153,Critical
Mysuru,12.2958,76.6394,82.63792,Critical
Tiruchirappalli,10.7905,78.7047,94.290054,Critical
Gandhinagar,23.2156,72.6369,10.649586,Low
Agra,27.1767,78.0081,91.180534,Critical
Lucknow,26.8467,80.9462,85.59905,Critical
Gandhinagar,23.2156,72.6369,26.915985,Low
Nashik,19.9975,73.7898,98.73576,Critical
Mangaluru,12.9141,74.856,95.81926,Critical
Surat,21.1702,72.8311,29.833178,Low
Gautam Buddha Nagar,28.5355,77.391,82.40453,Critical
Coimbatore,11.0168,76.9558,94.039024,Critical
Kutch,23.7337,69.8597,30.298159,Low
Cuttack,20.4625,85.883,7.1692853,Low
Kanpur Nagar,26.4499,80.3319,26.981718,Low
Rajkot,22.3039,70.8022,10.199523,Low
Nashik,19.9975,73.7898,96.39043,Critical
Gandhinagar,23.2156,72.6369,4.287967,Low
Madurai,9.9252,78.1198,96.273544,Critical
Salem,11.6643,78.146,14.162925,Low
Surat,21.1702,72.8311,11.269483,Low
Ganjam,19.3871,84.7919,6.718641,Low
Dharwad,15.4589,75.0078,42.773792,Low
Coimbatore,11.0168,76.9558,85.88569,Critical
Coimbatore,11.0168,76.9558,94.08373,Critical
Balasore,21.4942,86.9317,8.971996,Low
Kanpur Nagar,26.4499,80.3319,94.12545,Critical
Puri,19.8135,85.8312,12.602027,Low
Vadodara,22.3072,73.1812,78.22698,High
Surat,21.1702,72.8311,1.9766288,Low
Nagpur,21.1458,79.0882,95.75671,Critical
Ahmedabad,23.0225,72.5714,22.249832,Low
Kutch,23.7337,69.8597,9.406994,Low
Meerut,28.9845,77.7064,97.46568,Critical
Puri,19.8135,85.8312,93.45682,Critical
Vadodara,22.3072,73.1812,77.54779,High
Bengaluru Urban,12.9716,77.5946,25.957087,Low
Puri,19.8135,85.8312,96.5981,Critical
Vadodara,22.3072,73.1812,95.913475,Critical
Dharwad,15.4589,75.0078,30.90125,Low
Puri,19.8135,85.8312,13.804304,Low
Gautam Buddha Nagar,28.5355,77.391,9.992625,Low
Lucknow,26.8467,80.9462,12.309949,Low
Varanasi,25.3176,82.9739,10.130096,Low
Thane,19.2183,72.9781,92.91855,Critical
Madurai,9.9252,78.1198,7.6705956,Low
Pune,18.5204,73.8567,97.749535,Critical
Mysuru,12.2958,76.6394,90.14166,Critical
Meerut,28.9845,77.7064,98.87683,Critical
Coimbatore,11.0168,76.9558,5.3827457,Low
Varanasi,25.3176,82.9739,40.488255,Low
Ahmedabad,23.0225,72.5714,7.728741,Low
Meerut,28.9845,77.7064,5.905251,Low
Meerut,28.9845,77.7064,14.161642,Low
Rajkot,22.3039,70.8022,10.134918,Low
Kutch,23.7337,69.8597,93.820366,Critical
Salem,11.6643,78.146,16.631731,Low
Ahmedabad,23.0225,72.5714,95.23569,Critical
Dharwad,15.4589,75.0078,9.867244,Low
Meerut,28.9845,77.7064,10.544366,Low
Mangaluru,12.9141,74.856,15.56897,Low
Nagpur,21.1458,79.0882,13.496916,Low
Agra,27.1767,78.0081,7.5328083,Low
Pune,18.5204,73.8567,6.1618214,Low
Agra,27.1767,78.0081,9.525076,Low
Coimbatore,11.0168,76.9558,94.408,Critical
Ahmedabad,23.0225,72.5714,95.14562,Critical
Balasore,21.4942,86.9317,95.58427,Critical
Vadodara,22.3072,73.1812,10.649315,Low
Salem,11.6643,78.146,51.175583,Medium
Mysuru,12.2958,76.6394,8.045216,Low
Mangaluru,12.9141,74.856,10.501103,Low
Bengaluru Urban,12.9716,77.5946,29.640326,Low
Surat,21.1702,72.8311,7.9061584,Low
Mangaluru,12.9141,74.856,87.48113,Critical
Mysuru,12.2958,76.6394,7.9306507,Low
Coimbatore,11.0168,76.9558,66.635056,High
Chennai,13.0827,80.2707,92.626114,Critical
Madurai,9.9252,78.1198,23.54042,Low
Sundargarh,22.1167,84.0333,15.239653,Low
Sundargarh,22.1167,84.0333,21.940193,Low
Agra,27.1767,78.0081,96.22187,Critical
Ganjam,19.3871,84.7919,1.9690666,Low
Gandhinagar,23.2156,72.6369,13.921444,Low
Gandhinagar,23.2156,72.6369,97.352165,Critical
Gautam Buddha Nagar,28.5355,77.391,95.26641,Critical
Kutch,23.7337,69.8597,26.50041,Low
Sundargarh,22.1167,84.0333,86.1813,Critical
Mangaluru,12.9141,74.856,98.40079,Critical
Madurai,9.9252,78.1198,87.30311,Critical
Tumakuru,13.3409,77.101,59.30925,Medium
Gandhinagar,23.2156,72.6369,88.61472,Critical
Thane,19.2183,72.9781,20.036598,Low
Sundargarh,22.1167,84.0333,93.92296,Critical
Dharwad,15.4589,75.0078,95.26847,Critical
Tumakuru,13.3409,77.101,21.547613,Low
Thane,19.2183,72.9781,96.250626,Critical
Belagavi,15.8497,74.4977,89.29938,Critical
Vadodara,22.3072,73.1812,92.45348,Critical
Madurai,9.9252,78.1198,97.66983,Critical
Lucknow,26.8467,80.9462,84.844376,Critical
Gandhinagar,23.2156,72.6369,76.06123,High
Pune,18.5204,73.8567,93.89498,Critical
Mysuru,12.2958,76.6394,97.39926,Critical
Mysuru,12.2958,76.6394,9.950454,Low
Chennai,13.0827,80.2707,2.810249,Low
Nagpur,21.1458,79.0882,51.077515,Medium
Tumakuru,13.3409,77.101,7.8616037,Low
Meerut,28.9845,77.7064,92.63056,Critical
Nagpur,21.1458,79.0882,4.638196,Low
Aurangabad,19.8762,75.3433,96.62523,Critical
Coimbatore,11.0168,76.9558,6.5813923,Low
Thane,19.2183,72.9781,96.48454,Critical
Balasore,21.4942,86.9317,14.10301,Low
Belagavi,15.8497,74.4977,97.20178,Critical
Tumakuru,13.3409,77.101,94.98788,Critical
Nagpur,21.1458,79.0882,8.293829,Low
Tiruchirappalli,10.7905,78.7047,6.7848005,Low
Belagavi,15.8497,74.4977,44.986088,Low
Tumakuru,13.3409,77.101,96.51349,Critical
Sundargarh,22.1167,84.0333,95.911476,Critical
Salem,11.6643,78.146,79.5997,High
Thane,19.2183,72.9781,5.995418,Low
Rajkot,22.3039,70.8022,2.9911659,Low
Meerut,28.9845,77.7064,12.6125765,Low
Nagpur,21.1458,79.0882,95.38925,Critical
Bengaluru Urban,12.9716,77.5946,92.64443,Critical
Cuttack,20.4625,85.883,94.33963,Critical
Gandhinagar,23.2156,72.6369,15.831915,Low
Mysuru,12.2958,76.6394,86.34018,Critical
Ahmedabad,23.0225,72.5714,11.370923,Low
Chennai,13.0827,80.2707,93.78726,Critical
Tumakuru,13.3409,77.101,9.340038,Low
Chennai,13.0827,80.2707,5.188565,Low
Chennai,13.0827,80.2707,91.66919,Critical
Aurangabad,19.8762,75.3433,90.00238,Critical
Ganjam,19.3871,84.7919,9.653302,Low
Coimbatore,11.0168,76.9558,7.6348076,Low
Meerut,28.9845,77.7064,11.140231,Low
Salem,11.6643,78.146,96.418434,Critical
Bengaluru Urban,12.9716,77.5946,10.162045,Low
Cuttack,20.4625,85.883,12.717566,Low
Belagavi,15.8497,74.4977,98.2272,Critical
Aurangabad,19.8762,75.3433,16.978601,Low
Dharwad,15.4589,75.0078,94.77642,Critical
Ahmedabad,23.0225,72.5714,92.57739,Critical
Sundargarh,22.1167,84.0333,98.29148,Critical
Nagpur,21.1458,79.0882,95.156555,Critical
Surat,21.1702,72.8311,96.93396,Critical
Nagpur,21.1458,79.0882,5.561974,Low
Tumakuru,13.3409,77.101,13.390131,Low
Gandhinagar,23.2156,72.6369,5.5323734,Low
Ahmedabad,23.0225,72.5714,14.64116,Low
Thane,19.2183,72.9781,21.192303,Low
Tumakuru,13.3409,77.101,94.106255,Critical
Kutch,23.7337,69.8597,94.43652,Critical
Belagavi,15.8497,74.4977,7.8615317,Low
Coimbatore,11.0168,76.9558,11.454021,Low
Mysuru,12.2958,76.6394,43.523426,Low
Ganjam,19.3871,84.7919,90.419044,Critical
Lucknow,26.8467,80.9462,6.570771,Low
Surat,21.1702,72.8311,15.518631,Low
Gautam Buddha Nagar,28.5355,77.391,9.613094,Low
Gautam Buddha Nagar,28.5355,77.391,9.239032,Low
Chennai,13.0827,80.2707,88.30337,Critical
Meerut,28.9845,77.7064,97.505196,Critical
Balasore,21.4942,86.9317,88.482895,Critical
Ahmedabad,23.0225,72.5714,3.0115898,Low
Sundargarh,22.1167,84.0333,9.023948,Low
Mangaluru,12.9141,74.856,18.152645,Low
Meerut,28.9845,77.7064,32.827343,Low
Surat,21.1702,72.8311,85.24866,Critical
Pune,18.5204,73.8567,97.47125,Critical
Kutch,23.7337,69.8597,94.94742,Critical
Nashik,19.9975,73.7898,14.197294,Low
Nagpur,21.1458,79.0882,96.66237,Critical
Dharwad,15.4589,75.0078,96.85714,Critical
Ganjam,19.3871,84.7919,89.95917,Critical
Nashik,19.9975,73.7898,96.86067,Critical
Ahmedabad,23.0225,72.5714,10.476054,Low
Vadodara,22.3072,73.1812,67.67296,High
Salem,11.6643,78.146,95.27091,Critical
Nashik,19.9975,73.7898,12.75381,Low
Nashik,19.9975,73.7898,4.6351304,Low
Chennai,13.0827,80.2707,27.27092,Low
Kanpur Nagar,26.4499,80.3319,4.923413,Low
Tiruchirappalli,10.7905,78.7047,2.837087,Low
Khordha,20.1734,85.6745,6.7797737,Low
Nagpur,21.1458,79.0882,97.45844,Critical
Thane,19.2183,72.9781,64.60774,Medium
Madurai,9.9252,78.1198,86.70434,Critical
Meerut,28.9845,77.7064,9.635181,Low
Aurangabad,19.8762,75.3433,6.7877054,Low
Ahmedabad,23.0225,72.5714,95.273125,Critical
Meerut,28.9845,77.7064,4.682947,Low
Nagpur,21.1458,79.0882,98.309395,Critical
Belagavi,15.8497,74.4977,4.0735116,Low
Coimbatore,11.0168,76.9558,96.996666,Critical
Dharwad,15.4589,75.0078,11.826946,Low
Mangaluru,12.9141,74.856,97.95248,Critical
Balasore,21.4942,86.9317,6.9189095,Low
Sundargarh,22.1167,84.0333,89.80213,Critical
Gautam Buddha Nagar,28.5355,77.391,8.48893,Low
Pune,18.5204,73.8567,49.4049,Medium
Salem,11.6643,78.146,90.85701,Critical
Bengaluru Urban,12.9716,77.5946,65.51032,High
Mangaluru,12.9141,74.856,95.6566,Critical
Gandhinagar,23.2156,72.6369,85.73612,Critical
Thane,19.2183,72.9781,22.658218,Low
Rajkot,22.3039,70.8022,68.92066,High
Nagpur,21.1458,79.0882,7.2788844,Low
Pune,18.5204,73.8567,28.90528,Low
Puri,19.8135,85.8312,3.646293,Low
Tiruchirappalli,10.7905,78.7047,92.86715,Critical
Dharwad,15.4589,75.0078,88.29489,Critical
Gandhinagar,23.2156,72.6369,79.68758,High
Dharwad,15.4589,75.0078,90.4497,Critical
Thane,19.2183,72.9781,90.31833,Critical
Sundargarh,22.1167,84.0333,96.24267,Critical
Kutch,23.7337,69.8597,7.127603,Low
Meerut,28.9845,77.7064,7.553323,Low
Balasore,21.4942,86.9317,4.3348594,Low
Gandhinagar,23.2156,72.6369,93.17783,Critical
Agra,27.1767,78.0081,21.268442,Low
Nagpur,21.1458,79.0882,10.747103,Low
Aurangabad,19.8762,75.3433,84.21132,Critical
Kutch,23.7337,69.8597,95.79589,Critical
Bengaluru Urban,12.9716,77.5946,5.2220917,Low
Meerut,28.9845,77.7064,97.408554,Critical
Gandhinagar,23.2156,72.6369,8.676401,Low
Belagavi,15.8497,74.4977,94.05855,Critical
Kanpur Nagar,26.4499,80.3319,83.27646,Critical
Lucknow,26.8467,80.9462,3.456445,Low
Khordha,20.1734,85.6745,23.196905,Low
Tumakuru,13.3409,77.101,96.47522,Critical
Rajkot,22.3039,70.8022,95.09119,Critical
Kanpur Nagar,26.4499,80.3319,4.485961,Low
Salem,11.6643,78.146,93.57255,Critical
Nagpur,21.1458,79.0882,29.590242,Low
Coimbatore,11.0168,76.9558,78.251854,High
Nagpur,21.1458,79.0882,89.89228,Critical
Chennai,13.0827,80.2707,82.29628,Critical
Chennai,13.0827,80.2707,54.359364,Medium
Vadodara,22.3072,73.1812,73.500404,High
Khordha,20.1734,85.6745,9.712686,Low
Kanpur Nagar,26.4499,80.3319,94.03251,Critical
Surat,21.1702,72.8311,19.542664,Low
Salem,11.6643,78.146,80.85058,Critical
Gautam Buddha Nagar,28.5355,77.391,9.807352,Low
Kanpur Nagar,26.4499,80.3319,52.063263,Medium
Vadodara,22.3072,73.1812,98.948586,Critical
Dharwad,15.4589,75.0078,85.25812,Critical
Pune,18.5204,73.8567,16.2762,Low
Mysuru,12.2958,76.6394,85.555405,Critical
Belagavi,15.8497,74.4977,94.96335,Critical
Nagpur,21.1458,79.0882,11.128982,Low
Bengaluru Urban,12.9716,77.5946,10.194417,Low
Surat,21.1702,72.8311,88.90306,Critical
Lucknow,26.8467,80.9462,11.733608,Low
Nashik,19.9975,73.7898,33.082035,Low
Meerut,28.9845,77.7064,13.559908,Low
Nashik,19.9975,73.7898,95.36354,Critical
Mysuru,12.2958,76.6394,93.36555,Critical
Khordha,20.1734,85.6745,6.6744337,Low
Bengaluru Urban,12.9716,77.5946,92.2596,Critical
Gautam Buddha Nagar,28.5355,77.391,10.390152,Low
Madurai,9.9252,78.1198,86.311714,Critical
Rajkot,22.3039,70.8022,96.96344,Critical
Gautam Buddha Nagar,28.5355,77.391,83.3132,Critical
Madurai,9.9252,78.1198,4.0959997,Low
Tumakuru,13.3409,77.101,44.018364,Low
Madurai,9.9252,78.1198,42.26592,Low
Puri,19.8135,85.8312,5.7901006,Low
Tiruchirappalli,10.7905,78.7047,93.572395,Critical
Kanpur Nagar,26.4499,80.3319,94.42949,Critical
Coimbatore,11.0168,76.9558,18.188307,Low
Surat,21.1702,72.8311,90.02982,Critical
Agra,27.1767,78.0081,13.828531,Low
Cuttack,20.4625,85.883,12.978299,Low
Aurangabad,19.8762,75.3433,70.688126,High
Kanpur Nagar,26.4499,80.3319,83.4101,Critical
Kanpur Nagar,26.4499,80.3319,95.70917,Critical
Gautam Buddha Nagar,28.5355,77.391,97.35198,Critical
Surat,21.1702,72.8311,12.178625,Low
Khordha,20.1734,85.6745,25.411547,Low
Mangaluru,12.9141,74.856,77.641884,High
Mangaluru,12.9141,74.856,64.877716,Medium
Pune,18.5204,73.8567,16.223845,Low
Coimbatore,11.0168,76.9558,90.79632,Critical
Ahmedabad,23.0225,72.5714,87.71313,Critical
Lucknow,26.8467,80.9462,89.82804,Critical
Tiruchirappalli,10.7905,78.7047,98.31737,Critical
Kutch,23.7337,69.8597,5.5531583,Low
Kutch,23.7337,69.8597,84.995964,Critical
Chennai,13.0827,80.2707,52.87624,Medium
Rajkot,22.3039,70.8022,30.17246,Low
Bengaluru Urban,12.9716,77.5946,92.55906,Critical
Coimbatore,11.0168,76.9558,4.0173264,Low
Tumakuru,13.3409,77.101,86.06954,Critical
Mangaluru,12.9141,74.856,7.1529627,Low
Agra,27.1767,78.0081,94.41481,Critical
Madurai,9.9252,78.1198,95.646614,Critical
Ganjam,19.3871,84.7919,96.26096,Critical
Cuttack,20.4625,85.883,74.74626,High
Nashik,19.9975,73.7898,81.42154,Critical
Coimbatore,11.0168,76.9558,7.691182,Low
Nashik,19.9975,73.7898,26.27625,Low
Gandhinagar,23.2156,72.6369,84.44467,Critical
Pune,18.5204,73.8567,10.053151,Low
Vadodara,22.3072,73.1812,16.886894,Low
Salem,11.6643,78.146,93.7098,Critical
Nagpur,21.1458,79.0882,93.558624,Critical
Gandhinagar,23.2156,72.6369,5.8334756,Low
Mysuru,12.2958,76.6394,33.733116,Low
Aurangabad,19.8762,75.3433,13.964913,Low
Pune,18.5204,73.8567,18.124428,Low
Aurangabad,19.8762,75.3433,65.738716,High
Gautam Buddha Nagar,28.5355,77.391,71.686516,High
Bengaluru Urban,12.9716,77.5946,7.861024,Low
Kutch,23.7337,69.8597,95.137184,Critical
Nashik,19.9975,73.7898,95.47412,Critical
Gautam Buddha Nagar,28.5355,77.391,98.06853,Critical
Meerut,28.9845,77.7064,3.778572,Low
Mysuru,12.2958,76.6394,85.76979,Critical
Ganjam,19.3871,84.7919,9.161104,Low
Tumakuru,13.3409,77.101,4.7101703,Low
Puri,19.8135,85.8312,12.763988,Low
Dharwad,15.4589,75.0078,3.3978407,Low
Belagavi,15.8497,74.4977,10.052505,Low
Mysuru,12.2958,76.6394,84.34683,Critical
Belagavi,15.8497,74.4977,8.968133,Low
Sundargarh,22.1167,84.0333,94.622665,Critical
Tiruchirappalli,10.7905,78.7047,19.870052,Low
Agra,27.1767,78.0081,21.652498,Low
Nagpur,21.1458,79.0882,14.3152895,Low
Aurangabad,19.8762,75.3433,6.0696354,Low
Tumakuru,13.3409,77.101,13.850577,Low
Pune,18.5204,73.8567,13.57784,Low
Cuttack,20.4625,85.883,6.1604695,Low
Pune,18.5204,73.8567,8.280895,Low
Kanpur Nagar,26.4499,80.3319,95.57127,Critical
Ganjam,19.3871,84.7919,28.666391,Low
Pune,18.5204,73.8567,9.727773,Low
Madurai,9.9252,78.1198,89.43612,Critical
Nashik,19.9975,73.7898,10.486838,Low
Salem,11.6643,78.146,96.73864,Critical
Bengaluru Urban,12.9716,77.5946,87.8668,Critical
Coimbatore,11.0168,76.9558,97.30497,Critical
Gautam Buddha Nagar,28.5355,77.391,13.3339405,Low
Ganjam,19.3871,84.7919,26.298168,Low
Mysuru,12.2958,76.6394,89.60537,Critical
Lucknow,26.8467,80.9462,9.226639,Low
Balasore,21.4942,86.9317,5.3375077,Low
Tiruchirappalli,10.7905,78.7047,94.236786,Critical
Kanpur Nagar,26.4499,80.3319,15.48585,Low
Kanpur Nagar,26.4499,80.3319,13.899642,Low
Dharwad,15.4589,75.0078,82.89131,Critical
Gandhinagar,23.2156,72.6369,96.68103,Critical
Belagavi,15.8497,74.4977,91.095,Critical
Aurangabad,19.8762,75.3433,98.162056,Critical
Ganjam,19.3871,84.7919,28.109825,Low
Surat,21.1702,72.8311,23.970715,Low
Nagpur,21.1458,79.0882,91.43697,Critical
Varanasi,25.3176,82.9739,28.831886,Low
Gandhinagar,23.2156,72.6369,44.88898,Low
Nashik,19.9975,73.7898,6.478288,Low
Khordha,20.1734,85.6745,90.814,Critical
Lucknow,26.8467,80.9462,94.39667,Critical
Meerut,28.9845,77.7064,12.173137,Low
Agra,27.1767,78.0081,11.453388,Low
Balasore,21.4942,86.9317,6.590729,Low
Surat,21.1702,72.8311,96.08775,Critical
Surat,21.1702,72.8311,14.870543,Low
Tiruchirappalli,10.7905,78.7047,8.902045,Low
Coimbatore,11.0168,76.9558,95.0339,Critical
Chennai,13.0827,80.2707,92.296486,Critical
Thane,19.2183,72.9781,78.4955,High
Dharwad,15.4589,75.0078,96.06186,Critical
Thane,19.2183,72.9781,9.053348,Low
Ahmedabad,23.0225,72.5714,17.397442,Low
Salem,11.6643,78.146,95.99737,Critical
Balasore,21.4942,86.9317,94.12019,Critical
Chennai,13.0827,80.2707,6.862573,Low
Chennai,13.0827,80.2707,94.45894,Critical
Gautam Buddha Nagar,28.5355,77.391,88.48232,Critical
Gautam Buddha Nagar,28.5355,77.391,5.9000826,Low
Ahmedabad,23.0225,72.5714,85.89152,Critical
Nagpur,21.1458,79.0882,11.004252,Low
Nashik,19.9975,73.7898,97.16556,Critical
Coimbatore,11.0168,76.9558,7.5731463,Low
Surat,21.1702,72.8311,95.6986,Critical
Ahmedabad,23.0225,72.5714,95.25448,Critical
Gandhinagar,23.2156,72.6369,31.744665,Low
Coimbatore,11.0168,76.9558,94.56116,Critical
Kutch,23.7337,69.8597,8.498301,Low
Khordha,20.1734,85.6745,94.92984,Critical
Khordha,20.1734,85.6745,10.835808,Low
Bengaluru Urban,12.9716,77.5946,3.4728303,Low
Kutch,23.7337,69.8597,93.28962,Critical
Gautam Buddha Nagar,28.5355,77.391,95.55906,Critical
Varanasi,25.3176,82.9739,91.39821,Critical
Madurai,9.9252,78.1198,10.848848,Low
Gandhinagar,23.2156,72.6369,23.559402,Low
Belagavi,15.8497,74.4977,97.14321,Critical
Thane,19.2183,72.9781,86.8535,Critical
Nashik,19.9975,73.7898,95.25385,Critical
Bengaluru Urban,12.9716,77.5946,95.66371,Critical
Chennai,13.0827,80.2707,92.11887,Critical
Bengaluru Urban,12.9716,77.5946,10.51874,Low
Meerut,28.9845,77.7064,95.43478,Critical
Tiruchirappalli,10.7905,78.7047,10.14994,Low
Khordha,20.1734,85.6745,18.242167,Low
Mysuru,12.2958,76.6394,4.93623,Low
Tumakuru,13.3409,77.101,73.8937,High
Chennai,13.0827,80.2707,94.27561,Critical
Nagpur,21.1458,79.0882,90.53142,Critical
Aurangabad,19.8762,75.3433,91.9887,Critical
Varanasi,25.3176,82.9739,61.606346,Medium
Kanpur Nagar,26.4499,80.3319,22.661428,Low
Nagpur,21.1458,79.0882,5.3595414,Low
Balasore,21.4942,86.9317,95.53448,Critical
Mysuru,12.2958,76.6394,78.3008,High
Aurangabad,19.8762,75.3433,96.051285,Critical
Ganjam,19.3871,84.7919,64.29983,Medium
Tiruchirappalli,10.7905,78.7047,70.35563,High
Sundargarh,22.1167,84.0333,27.373018,Low
Puri,19.8135,85.8312,4.263586,Low
Kanpur Nagar,26.4499,80.3319,78.15946,High
Bengaluru Urban,12.9716,77.5946,90.15201,Critical
Chennai,13.0827,80.2707,6.549102,Low
Nagpur,21.1458,79.0882,95.42824,Critical
Tumakuru,13.3409,77.101,13.941089,Low
Coimbatore,11.0168,76.9558,53.602028,Medium
Ahmedabad,23.0225,72.5714,6.336073,Low
Nashik,19.9975,73.7898,6.0865855,Low
Dharwad,15.4589,75.0078,90.58275,Critical
Dharwad,15.4589,75.0078,58.434887,Medium
Rajkot,22.3039,70.8022,8.186546,Low
Vadodara,22.3072,73.1812,96.96055,Critical
Sundargarh,22.1167,84.0333,7.0744104,Low
Varanasi,25.3176,82.9739,92.69259,Critical
Madurai,9.9252,78.1198,16.638542,Low
Ganjam,19.3871,84.7919,11.449167,Low
Madurai,9.9252,78.1198,96.38316,Critical
Pune,18.5204,73.8567,75.914,High
Gandhinagar,23.2156,72.6369,87.06134,Critical
Pune,18.5204,73.8567,14.293909,Low
Sundargarh,22.1167,84.0333,49.316425,Medium
Meerut,28.9845,77.7064,10.142274,Low
Thane,19.2183,72.9781,18.640882,Low
Vadodara,22.3072,73.1812,10.505184,Low
Varanasi,25.3176,82.9739,36.143017,Low
Gautam Buddha Nagar,28.5355,77.391,7.9083314,Low
Tumakuru,13.3409,77.101,13.972332,Low
Puri,19.8135,85.8312,92.92821,Critical
Khordha,20.1734,85.6745,32.974747,Low
Madurai,9.9252,78.1198,96.104034,Critical
Thane,19.2183,72.9781,97.19639,Critical
Madurai,9.9252,78.1198,93.877266,Critical
Mangaluru,12.9141,74.856,19.511663,Low
Kutch,23.7337,69.8597,96.97586,Critical
Belagavi,15.8497,74.4977,92.73777,Critical
Lucknow,26.8467,80.9462,14.623878,Low
Balasore,21.4942,86.9317,22.06114,Low
Sundargarh,22.1167,84.0333,65.22916,High
Chennai,13.0827,80.2707,36.39301,Low
Salem,11.6643,78.146,96.87504,Critical
Mysuru,12.2958,76.6394,10.636733,Low
Nashik,19.9975,73.7898,10.097178,Low
Cuttack,20.4625,85.883,12.412389,Low
Kutch,23.7337,69.8597,93.44445,Critical
Mysuru,12.2958,76.6394,55.240242,Medium
Surat,21.1702,72.8311,10.229706,Low
Gautam Buddha Nagar,28.5355,77.391,42.866318,Low
Tiruchirappalli,10.7905,78.7047,3.6844518,Low
Kanpur Nagar,26.4499,80.3319,95.8459,Critical
Bengaluru Urban,12.9716,77.5946,14.81425,Low
Aurangabad,19.8762,75.3433,6.654937,Low
Lucknow,26.8467,80.9462,9.307158,Low
Tiruchirappalli,10.7905,78.7047,89.30657,Critical
Nagpur,21.1458,79.0882,6.331237,Low
Tiruchirappalli,10.7905,78.7047,91.79572,Critical
Nashik,19.9975,73.7898,94.201126,Critical
Gandhinagar,23.2156,72.6369,96.48421,Critical
Balasore,21.4942,86.9317,3.0265179,Low
Aurangabad,19.8762,75.3433,13.318616,Low
Salem,11.6643,78.146,12.119294,Low
Ahmedabad,23.0225,72.5714,61.582993,Medium
Dharwad,15.4589,75.0078,13.508921,Low
Ganjam,19.3871,84.7919,73.647575,High
Mangaluru,12.9141,74.856,39.45553,Low
Coimbatore,11.0168,76.9558,94.409004,Critical
Cuttack,20.4625,85.883,44.966007,Low
Agra,27.1767,78.0081,6.2240405,Low
Nagpur,21.1458,79.0882,93.960106,Critical
Salem,11.6643,78.146,81.18676,Critical
Kanpur Nagar,26.4499,80.3319,46.059944,Medium
Aurangabad,19.8762,75.3433,96.16397,Critical
Gandhinagar,23.2156,72.6369,16.830853,Low
Kanpur Nagar,26.4499,80.3319,2.1777346,Low
Surat,21.1702,72.8311,8.3292885,Low
Mangaluru,12.9141,74.856,93.65436,Critical
Lucknow,26.8467,80.9462,98.27915,Critical
Sundargarh,22.1167,84.0333,6.8571715,Low
Balasore,21.4942,86.9317,50.05555,Medium
Meerut,28.9845,77.7064,54.39379,Medium
Sundargarh,22.1167,84.0333,96.02099,Critical
Nashik,19.9975,73.7898,12.467499,Low
Kutch,23.7337,69.8597,97.00407,Critical
Gautam Buddha Nagar,28.5355,77.391,94.402306,Critical
Chennai,13.0827,80.2707,8.5937,Low
Aurangabad,19.8762,75.3433,5.843876,Low
Balasore,21.4942,86.9317,17.867002,Low
Surat,21.1702,72.8311,96.10463,Critical
Sundargarh,22.1167,84.0333,96.774506,Critical
Thane,19.2183,72.9781,95.95562,Critical
Sundargarh,22.1167,84.0333,94.2359,Critical
Kutch,23.7337,69.8597,9.826203,Low
Madurai,9.9252,78.1198,93.44774,Critical
Chennai,13.0827,80.2707,8.2275,Low
Tiruchirappalli,10.7905,78.7047,95.39649,Critical
Madurai,9.9252,78.1198,7.858225,Low
Nagpur,21.1458,79.0882,80.0632,Critical
Nashik,19.9975,73.7898,19.92168,Low
Thane,19.2183,72.9781,97.956726,Critical
Varanasi,25.3176,82.9739,97.95307,Critical
Kutch,23.7337,69.8597,98.54334,Critical
Salem,11.6643,78.146,27.566198,Low
Gautam Buddha Nagar,28.5355,77.391,19.011524,Low
Pune,18.5204,73.8567,94.69878,Critical
Thane,19.2183,72.9781,9.516384,Low
Surat,21.1702,72.8311,9.054618,Low
Rajkot,22.3039,70.8022,95.06997,Critical
Nashik,19.9975,73.7898,94.6483,Critical
Ganjam,19.3871,84.7919,10.794216,Low
Gandhinagar,23.2156,72.6369,92.962524,Critical
Tumakuru,13.3409,77.101,98.72008,Critical
Gautam Buddha Nagar,28.5355,77.391,3.815165,Low
Nagpur,21.1458,79.0882,13.530639,Low
Balasore,21.4942,86.9317,96.676926,Critical
Pune,18.5204,73.8567,27.788786,Low
Madurai,9.9252,78.1198,97.31636,Critical
Dharwad,15.4589,75.0078,10.8052,Low
Bengaluru Urban,12.9716,77.5946,96.68722,Critical
Rajkot,22.3039,70.8022,30.075062,Low
Nashik,19.9975,73.7898,38.10683,Low
Nagpur,21.1458,79.0882,92.61239,Critical
Puri,19.8135,85.8312,15.72965,Low
Cuttack,20.4625,85.883,5.6870346,Low
Lucknow,26.8467,80.9462,95.36624,Critical
Gandhinagar,23.2156,72.6369,6.6735616,Low
Nagpur,21.1458,79.0882,5.386471,Low
Bengaluru Urban,12.9716,77.5946,17.450977,Low
Agra,27.1767,78.0081,16.994781,Low
Aurangabad,19.8762,75.3433,87.458,Critical
Nagpur,21.1458,79.0882,96.91279,Critical
Kanpur Nagar,26.4499,80.3319,20.820919,Low
Cuttack,20.4625,85.883,94.70955,Critical
Gandhinagar,23.2156,72.6369,95.648056,Critical
Gandhinagar,23.2156,72.6369,95.333855,Critical
Dharwad,15.4589,75.0078,78.10558,High
Varanasi,25.3176,82.9739,90.562096,Critical
Ahmedabad,23.0225,72.5714,96.11918,Critical
Kutch,23.7337,69.8597,89.85644,Critical
Lucknow,26.8467,80.9462,16.547684,Low
Sundargarh,22.1167,84.0333,12.337482,Low
Sundargarh,22.1167,84.0333,98.16213,Critical
Nagpur,21.1458,79.0882,11.070679,Low
Ahmedabad,23.0225,72.5714,94.74125,Critical
Dharwad,15.4589,75.0078,90.81417,Critical
Bengaluru Urban,12.9716,77.5946,61.21215,Medium
Nashik,19.9975,73.7898,10.462453,Low
Chennai,13.0827,80.2707,83.95363,Critical
Puri,19.8135,85.8312,95.563576,Critical
Madurai,9.9252,78.1198,97.82921,Critical
Mangaluru,12.9141,74.856,95.87351,Critical
Salem,11.6643,78.146,22.15636,Low
Varanasi,25.3176,82.9739,97.447136,Critical
Gautam Buddha Nagar,28.5355,77.391,96.87753,Critical
Mysuru,12.2958,76.6394,8.831189,Low
Meerut,28.9845,77.7064,95.27338,Critical
Belagavi,15.8497,74.4977,5.535292,Low
Nashik,19.9975,73.7898,85.51078,Critical
Kanpur Nagar,26.4499,80.3319,93.06846,Critical
Gandhinagar,23.2156,72.6369,7.5167603,Low
Varanasi,25.3176,82.9739,13.924104,Low
Coimbatore,11.0168,76.9558,86.08681,Critical
Lucknow,26.8467,80.9462,29.306293,Low
Nagpur,21.1458,79.0882,68.60294,High
Sundargarh,22.1167,84.0333,99.19647,Critical
Varanasi,25.3176,82.9739,45.921513,Medium
Vadodara,22.3072,73.1812,20.834278,Low
Dharwad,15.4589,75.0078,84.08777,Critical
Thane,19.2183,72.9781,7.2135167,Low
Lucknow,26.8467,80.9462,24.611744,Low
Rajkot,22.3039,70.8022,2.872751,Low
Gandhinagar,23.2156,72.6369,7.255434,Low
Belagavi,15.8497,74.4977,4.011063,Low
Rajkot,22.3039,70.8022,95.65511,Critical
Salem,11.6643,78.146,91.40721,Critical
Rajkot,22.3039,70.8022,9.025807,Low
Bengaluru Urban,12.9716,77.5946,77.190765,High
Varanasi,25.3176,82.9739,11.319864,Low
Tumakuru,13.3409,77.101,8.858584,Low
Dharwad,15.4589,75.0078,96.92563,Critical
Ganjam,19.3871,84.7919,98.32532,Critical
Chennai,13.0827,80.2707,93.243286,Critical
Thane,19.2183,72.9781,15.119336,Low
Ahmedabad,23.0225,72.5714,92.532036,Critical
Nagpur,21.1458,79.0882,24.838,Low
Aurangabad,19.8762,75.3433,97.13253,Critical
Thane,19.2183,72.9781,97.436905,Critical
Balasore,21.4942,86.9317,35.784817,Low
Gandhinagar,23.2156,72.6369,14.564551,Low
Gautam Buddha Nagar,28.5355,77.391,15.675788,Low
Ganjam,19.3871,84.7919,93.246445,Critical
Nashik,19.9975,73.7898,94.46761,Critical
Belagavi,15.8497,74.4977,27.193748,Low
Aurangabad,19.8762,75.3433,97.268555,Critical
Gandhinagar,23.2156,72.6369,94.36238,Critical
Gandhinagar,23.2156,72.6369,81.41481,Critical
Cuttack,20.4625,85.883,13.317167,Low
Gandhinagar,23.2156,72.6369,94.96998,Critical
Coimbatore,11.0168,76.9558,14.496491,Low
Thane,19.2183,72.9781,16.113228,Low
Belagavi,15.8497,74.4977,65.31346,High
Tumakuru,13.3409,77.101,12.510445,Low
Ganjam,19.3871,84.7919,94.82753,Critical
Dharwad,15.4589,75.0078,97.21736,Critical
Mangaluru,12.9141,74.856,87.62581,Critical
Belagavi,15.8497,74.4977,6.481861,Low
Khordha,20.1734,85.6745,5.3550053,Low
Tumakuru,13.3409,77.101,71.78969,High
Kanpur Nagar,26.4499,80.3319,97.73802,Critical
Belagavi,15.8497,74.4977,10.30695,Low
Gautam Buddha Nagar,28.5355,77.391,7.765493,Low
Thane,19.2183,72.9781,96.02287,Critical
Kanpur Nagar,26.4499,80.3319,96.33137,Critical
Ganjam,19.3871,84.7919,95.689415,Critical
Thane,19.2183,72.9781,90.222496,Critical
Kutch,23.7337,69.8597,97.39924,Critical
Gautam Buddha Nagar,28.5355,77.391,94.49012,Critical
Ganjam,19.3871,84.7919,93.5978,Critical
Cuttack,20.4625,85.883,94.21017,Critical
Pune,18.5204,73.8567,11.282782,Low
Cuttack,20.4625,85.883,94.39407,Critical
Sundargarh,22.1167,84.0333,9.758856,Low
Ganjam,19.3871,84.7919,5.7711473,Low
Bengaluru Urban,12.9716,77.5946,93.697014,Critical
Ahmedabad,23.0225,72.5714,14.995891,Low
Bengaluru Urban,12.9716,77.5946,42.874714,Low
Nagpur,21.1458,79.0882,89.83627,Critical
Kutch,23.7337,69.8597,6.4727387,Low
Kutch,23.7337,69.8597,9.85119,Low
Pune,18.5204,73.8567,16.027746,Low
Salem,11.6643,78.146,93.19389,Critical
Tumakuru,13.3409,77.101,98.606834,Critical
Kanpur Nagar,26.4499,80.3319,7.1909637,Low
Gautam Buddha Nagar,28.5355,77.391,94.03381,Critical
Gautam Buddha Nagar,28.5355,77.391,15.457523,Low
Puri,19.8135,85.8312,82.7892,Critical
Ahmedabad,23.0225,72.5714,95.46632,Critical
Surat,21.1702,72.8311,97.31798,Critical
Khordha,20.1734,85.6745,94.89293,Critical
Ahmedabad,23.0225,72.5714,22.243412,Low
Lucknow,26.8467,80.9462,94.68337,Critical
Nashik,19.9975,73.7898,14.480943,Low
Rajkot,22.3039,70.8022,95.6984,Critical
Thane,19.2183,72.9781,95.722404,Critical
Chennai,13.0827,80.2707,98.14787,Critical
Sundargarh,22.1167,84.0333,9.740385,Low
Thane,19.2183,72.9781,13.334865,Low
Salem,11.6643,78.146,34.028587,Low
Madurai,9.9252,78.1198,64.40977,Medium
Sundargarh,22.1167,84.0333,13.241477,Low
Varanasi,25.3176,82.9739,31.45898,Low
Varanasi,25.3176,82.9739,3.497412,Low
Chennai,13.0827,80.2707,35.09048,Low
Salem,11.6643,78.146,96.79883,Critical
Ganjam,19.3871,84.7919,9.861107,Low
Meerut,28.9845,77.7064,94.657646,Critical
Mysuru,12.2958,76.6394,96.36159,Critical
Mysuru,12.2958,76.6394,97.25106,Critical
Salem,11.6643,78.146,9.621469,Low
Belagavi,15.8497,74.4977,86.08908,Critical
Tumakuru,13.3409,77.101,96.12107,Critical
Ganjam,19.3871,84.7919,5.3355055,Low
Lucknow,26.8467,80.9462,6.5603933,Low
Ahmedabad,23.0225,72.5714,9.239586,Low
Lucknow,26.8467,80.9462,93.669685,Critical
Gautam Buddha Nagar,28.5355,77.391,18.411604,Low
Chennai,13.0827,80.2707,6.9399424,Low
Madurai,9.9252,78.1198,97.473816,Critical
Balasore,21.4942,86.9317,88.971275,Critical
Ganjam,19.3871,84.7919,98.49197,Critical
Coimbatore,11.0168,76.9558,33.825935,Low
Tumakuru,13.3409,77.101,10.352621,Low
Thane,19.2183,72.9781,71.57664,High
Madurai,9.9252,78.1198,20.762096,Low
Tiruchirappalli,10.7905,78.7047,93.52746,Critical
Coimbatore,11.0168,76.9558,4.6371384,Low
Pune,18.5204,73.8567,39.495625,Low
Belagavi,15.8497,74.4977,91.042694,Critical
Dharwad,15.4589,75.0078,94.951866,Critical
Kanpur Nagar,26.4499,80.3319,97.50012,Critical
Gautam Buddha Nagar,28.5355,77.391,63.80633,Medium
Salem,11.6643,78.146,18.198767,Low
Surat,21.1702,72.8311,70.28205,High
Lucknow,26.8467,80.9462,4.254895,Low
Pune,18.5204,73.8567,96.83879,Critical
Tumakuru,13.3409,77.101,10.480378,Low
Tumakuru,13.3409,77.101,5.4741263,Low
Surat,21.1702,72.8311,19.992975,Low
Tumakuru,13.3409,77.101,92.444954,Critical
Gautam Buddha Nagar,28.5355,77.391,7.2244234,Low
Cuttack,20.4625,85.883,21.644753,Low
Vadodara,22.3072,73.1812,85.21601,Critical
Lucknow,26.8467,80.9462,94.73918,Critical
Aurangabad,19.8762,75.3433,27.251423,Low
Rajkot,22.3039,70.8022,21.963924,Low
Ganjam,19.3871,84.7919,11.416818,Low
Gautam Buddha Nagar,28.5355,77.391,98.25356,Critical
Varanasi,25.3176,82.9739,4.440261,Low
Sundargarh,22.1167,84.0333,14.199802,Low
Lucknow,26.8467,80.9462,7.400135,Low
Khordha,20.1734,85.6745,2.6910985,Low
Surat,21.1702,72.8311,5.3944073,Low
Khordha,20.1734,85.6745,96.63507,Critical
Pune,18.5204,73.8567,15.632365,Low
Salem,11.6643,78.146,24.848373,Low
Agra,27.1767,78.0081,89.537506,Critical
Pune,18.5204,73.8567,4.9305296,Low
Kanpur Nagar,26.4499,80.3319,94.52041,Critical
Puri,19.8135,85.8312,95.1811,Critical
Belagavi,15.8497,74.4977,5.9037914,Low
Tiruchirappalli,10.7905,78.7047,11.916029,Low
Vadodara,22.3072,73.1812,95.36142,Critical
Nashik,19.9975,73.7898,6.9544063,Low
Lucknow,26.8467,80.9462,2.3114552,Low
Surat,21.1702,72.8311,96.967606,Critical
Agra,27.1767,78.0081,5.029584,Low
Surat,21.1702,72.8311,5.4690523,Low
Chennai,13.0827,80.2707,18.008554,Low
Coimbatore,11.0168,76.9558,45.270435,Medium
Coimbatore,11.0168,76.9558,94.38478,Critical
Puri,19.8135,85.8312,36.78426,Low
Dharwad,15.4589,75.0078,22.90874,Low
Ahmedabad,23.0225,72.5714,97.17763,Critical
Coimbatore,11.0168,76.9558,8.672591,Low
Lucknow,26.8467,80.9462,11.0353365,Low
Tiruchirappalli,10.7905,78.7047,3.5746534,Low
Puri,19.8135,85.8312,91.95265,Critical
Pune,18.5204,73.8567,83.36793,Critical
Coimbatore,11.0168,76.9558,95.998215,Critical
Ahmedabad,23.0225,72.5714,95.15955,Critical
Pune,18.5204,73.8567,65.607155,High
Surat,21.1702,72.8311,96.74337,Critical
Dharwad,15.4589,75.0078,18.373133,Low
Madurai,9.9252,78.1198,88.6971,Critical
Mangaluru,12.9141,74.856,6.6668234,Low
Vadodara,22.3072,73.1812,6.594822,Low
Lucknow,26.8467,80.9462,10.112726,Low
Kutch,23.7337,69.8597,8.788148,Low
Aurangabad,19.8762,75.3433,95.663765,Critical
Chennai,13.0827,80.2707,7.158175,Low
Mangaluru,12.9141,74.856,95.871635,Critical
Pune,18.5204,73.8567,48.149082,Medium
Coimbatore,11.0168,76.9558,92.63941,Critical
Tiruchirappalli,10.7905,78.7047,92.086784,Critical
Lucknow,26.8467,80.9462,95.7239,Critical
Varanasi,25.3176,82.9739,15.768482,Low
Vadodara,22.3072,73.1812,11.786638,Low
Gautam Buddha Nagar,28.5355,77.391,94.295204,Critical
Gautam Buddha Nagar,28.5355,77.391,94.204094,Critical
Salem,11.6643,78.146,93.917915,Critical
Mangaluru,12.9141,74.856,97.33353,Critical
Kutch,23.7337,69.8597,92.71323,Critical
Kutch,23.7337,69.8597,7.042384,Low
Aurangabad,19.8762,75.3433,64.277885,Medium
Gandhinagar,23.2156,72.6369,90.86111,Critical
Sundargarh,22.1167,84.0333,7.239813,Low
Kanpur Nagar,26.4499,80.3319,89.7039,Critical
Aurangabad,19.8762,75.3433,74.59048,High
Bengaluru Urban,12.9716,77.5946,40.12443,Low
Nashik,19.9975,73.7898,68.68805,High
Kanpur Nagar,26.4499,80.3319,4.8226366,Low
Pune,18.5204,73.8567,12.859598,Low
Aurangabad,19.8762,75.3433,93.02194,Critical
Lucknow,26.8467,80.9462,8.3303795,Low
Tiruchirappalli,10.7905,78.7047,22.701265,Low
Gautam Buddha Nagar,28.5355,77.391,68.09293,High
Dharwad,15.4589,75.0078,94.14938,Critical
Balasore,21.4942,86.9317,14.191416,Low
Khordha,20.1734,85.6745,36.686687,Low
Gandhinagar,23.2156,72.6369,4.587143,Low
Rajkot,22.3039,70.8022,18.616364,Low
Pune,18.5204,73.8567,93.95661,Critical
Vadodara,22.3072,73.1812,11.466183,Low
Meerut,28.9845,77.7064,8.105028,Low
Coimbatore,11.0168,76.9558,40.10582,Low
Gautam Buddha Nagar,28.5355,77.391,95.571785,Critical
Kanpur Nagar,26.4499,80.3319,87.62086,Critical
Aurangabad,19.8762,75.3433,26.331753,Low
Tumakuru,13.3409,77.101,90.11396,Critical
Salem,11.6643,78.146,97.187515,Critical
Varanasi,25.3176,82.9739,94.93491,Critical
Kutch,23.7337,69.8597,12.145145,Low
Chennai,13.0827,80.2707,80.16789,Critical
Lucknow,26.8467,80.9462,94.703384,Critical
Nagpur,21.1458,79.0882,95.79152,Critical
Bengaluru Urban,12.9716,77.5946,12.569078,Low
Khordha,20.1734,85.6745,95.765724,Critical
Varanasi,25.3176,82.9739,5.1673617,Low
Surat,21.1702,72.8311,35.645344,Low
Pune,18.5204,73.8567,97.65484,Critical
Nagpur,21.1458,79.0882,91.11231,Critical
Chennai,13.0827,80.2707,3.3427727,Low
Vadodara,22.3072,73.1812,14.2334385,Low
Lucknow,26.8467,80.9462,93.717834,Critical
Dharwad,15.4589,75.0078,18.155817,Low
Agra,27.1767,78.0081,77.85665,High
Chennai,13.0827,80.2707,94.04351,Critical
Ahmedabad,23.0225,72.5714,73.41019,High
Kutch,23.7337,69.8597,14.3740015,Low
Khordha,20.1734,85.6745,96.02596,Critical
Tumakuru,13.3409,77.101,35.98237,Low
Bengaluru Urban,12.9716,77.5946,95.19936,Critical
Tiruchirappalli,10.7905,78.7047,94.67012,Critical
Nashik,19.9975,73.7898,10.649231,Low
Gautam Buddha Nagar,28.5355,77.391,93.5693,Critical
Meerut,28.9845,77.7064,96.05028,Critical
Mysuru,12.2958,76.6394,15.029101,Low
Tumakuru,13.3409,77.101,96.36183,Critical
Nagpur,21.1458,79.0882,94.712654,Critical
Cuttack,20.4625,85.883,15.655072,Low
Pune,18.5204,73.8567,5.867904,Low
Gandhinagar,23.2156,72.6369,97.962585,Critical
Nagpur,21.1458,79.0882,16.454285,Low
Mangaluru,12.9141,74.856,5.1467886,Low
Rajkot,22.3039,70.8022,8.649004,Low
Chennai,13.0827,80.2707,94.23272,Critical
Belagavi,15.8497,74.4977,6.7925224,Low
Coimbatore,11.0168,76.9558,98.033005,Critical
Puri,19.8135,85.8312,97.20044,Critical
Bengaluru Urban,12.9716,77.5946,97.293945,Critical
Thane,19.2183,72.9781,12.720299,Low
Nagpur,21.1458,79.0882,6.047909,Low
Kutch,23.7337,69.8597,85.934166,Critical
Thane,19.2183,72.9781,96.16562,Critical
Vadodara,22.3072,73.1812,38.556828,Low
Sundargarh,22.1167,84.0333,87.440056,Critical
Salem,11.6643,78.146,14.201337,Low
Agra,27.1767,78.0081,96.062096,Critical
Bengaluru Urban,12.9716,77.5946,74.71573,High
Lucknow,26.8467,80.9462,95.93675,Critical
Salem,11.6643,78.146,7.2539673,Low
Agra,27.1767,78.0081,90.58353,Critical
Coimbatore,11.0168,76.9558,7.2794156,Low
Varanasi,25.3176,82.9739,94.12271,Critical
Nashik,19.9975,73.7898,79.7518,High
Coimbatore,11.0168,76.9558,94.03598,Critical
Pune,18.5204,73.8567,71.55725,High
Nashik,19.9975,73.7898,11.79135,Low
Thane,19.2183,72.9781,11.2301035,Low
Gautam Buddha Nagar,28.5355,77.391,94.71027,Critical
Agra,27.1767,78.0081,90.94878,Critical
Mysuru,12.2958,76.6394,91.01032,Critical
Puri,19.8135,85.8312,18.996643,Low
Aurangabad,19.8762,75.3433,93.82465,Critical
Nashik,19.9975,73.7898,94.508385,Critical
Belagavi,15.8497,74.4977,87.765854,Critical
Vadodara,22.3072,73.1812,89.50016,Critical
Mangaluru,12.9141,74.856,11.490449,Low
Cuttack,20.4625,85.883,11.313281,Low
Chennai,13.0827,80.2707,7.8160048,Low
Belagavi,15.8497,74.4977,96.057365,Critical
Gandhinagar,23.2156,72.6369,92.14722,Critical
Khordha,20.1734,85.6745,21.250385,Low
Gandhinagar,23.2156,72.6369,95.61182,Critical
Rajkot,22.3039,70.8022,14.163014,Low
Ahmedabad,23.0225,72.5714,94.770546,Critical
Khordha,20.1734,85.6745,10.198918,Low
Meerut,28.9845,77.7064,70.48992,High
Belagavi,15.8497,74.4977,30.07947,Low
Lucknow,26.8467,80.9462,95.59647,Critical
Lucknow,26.8467,80.9462,13.303781,Low
Mysuru,12.2958,76.6394,96.74082,Critical
Madurai,9.9252,78.1198,95.908775,Critical
Rajkot,22.3039,70.8022,95.654,Critical
Cuttack,20.4625,85.883,13.367648,Low
Aurangabad,19.8762,75.3433,89.30098,Critical
Pune,18.5204,73.8567,97.13894,Critical
Khordha,20.1734,85.6745,95.94677,Critical
Bengaluru Urban,12.9716,77.5946,48.029545,Medium
Rajkot,22.3039,70.8022,97.119705,Critical
Balasore,21.4942,86.9317,97.47756,Critical
Bengaluru Urban,12.9716,77.5946,87.083824,Critical
Pune,18.5204,73.8567,91.39313,Critical
Gautam Buddha Nagar,28.5355,77.391,78.53283,High
Nashik,19.9975,73.7898,70.14331,High
Varanasi,25.3176,82.9739,5.5316567,Low
Thane,19.2183,72.9781,7.4049644,Low
Balasore,21.4942,86.9317,10.540687,Low
Lucknow,26.8467,80.9462,97.52005,Critical
Thane,19.2183,72.9781,95.20337,Critical
Madurai,9.9252,78.1198,80.37882,Critical
Khordha,20.1734,85.6745,94.3405,Critical
Dharwad,15.4589,75.0078,15.139328,Low
Tiruchirappalli,10.7905,78.7047,36.992176,Low
Tiruchirappalli,10.7905,78.7047,5.4013567,Low
Madurai,9.9252,78.1198,57.43214,Medium
Tiruchirappalli,10.7905,78.7047,89.925095,Critical
Aurangabad,19.8762,75.3433,9.015587,Low
Balasore,21.4942,86.9317,26.74526,Low
Bengaluru Urban,12.9716,77.5946,98.21948,Critical
Vadodara,22.3072,73.1812,7.827732,Low
Nagpur,21.1458,79.0882,74.093925,High
Nagpur,21.1458,79.0882,22.586689,Low
Mangaluru,12.9141,74.856,97.68097,Critical
Kutch,23.7337,69.8597,5.8596945,Low
Vadodara,22.3072,73.1812,80.31266,Critical
Aurangabad,19.8762,75.3433,17.716091,Low
Lucknow,26.8467,80.9462,13.302563,Low
Tumakuru,13.3409,77.101,52.640575,Medium
Khordha,20.1734,85.6745,12.141588,Low
Gandhinagar,23.2156,72.6369,91.4334,Critical
Madurai,9.9252,78.1198,9.154673,Low
Khordha,20.1734,85.6745,87.42593,Critical
Lucknow,26.8467,80.9462,97.34489,Critical
Balasore,21.4942,86.9317,14.948395,Low
Madurai,9.9252,78.1198,91.52425,Critical
Coimbatore,11.0168,76.9558,16.440176,Low
Tiruchirappalli,10.7905,78.7047,93.53443,Critical
Nashik,19.9975,73.7898,90.946236,Critical
Gandhinagar,23.2156,72.6369,3.198842,Low
Varanasi,25.3176,82.9739,72.435036,High
Kanpur Nagar,26.4499,80.3319,9.905772,Low
Vadodara,22.3072,73.1812,9.325581,Low
Dharwad,15.4589,75.0078,90.26373,Critical
Coimbatore,11.0168,76.9558,29.406681,Low
Sundargarh,22.1167,84.0333,95.39587,Critical
Kanpur Nagar,26.4499,80.3319,7.4711046,Low
Agra,27.1767,78.0081,4.49657,Low
Kutch,23.7337,69.8597,2.9970324,Low
Tiruchirappalli,10.7905,78.7047,3.7036386,Low
Vadodara,22.3072,73.1812,22.67357,Low
Nashik,19.9975,73.7898,95.27775,Critical
Meerut,28.9845,77.7064,94.67527,Critical
Aurangabad,19.8762,75.3433,19.212795,Low
Ganjam,19.3871,84.7919,93.02483,Critical
Agra,27.1767,78.0081,18.854887,Low
Coimbatore,11.0168,76.9558,11.474223,Low
Belagavi,15.8497,74.4977,13.36965,Low
Bengaluru Urban,12.9716,77.5946,5.226369,Low
Nagpur,21.1458,79.0882,5.965172,Low
Nagpur,21.1458,79.0882,95.542114,Critical
Sundargarh,22.1167,84.0333,4.588448,Low
Puri,19.8135,85.8312,97.7377,Critical
Agra,27.1767,78.0081,94.04382,Critical
Aurangabad,19.8762,75.3433,28.13921,Low
Lucknow,26.8467,80.9462,14.069971,Low
Aurangabad,19.8762,75.3433,94.90922,Critical
Gautam Buddha Nagar,28.5355,77.391,6.479985,Low
Chennai,13.0827,80.2707,96.71515,Critical
Surat,21.1702,72.8311,17.559464,Low
Salem,11.6643,78.146,6.1169715,Low
Gandhinagar,23.2156,72.6369,19.695766,Low
Nashik,19.9975,73.7898,7.946711,Low
Nashik,19.9975,73.7898,16.97244,Low
Dharwad,15.4589,75.0078,52.094223,Medium
Tumakuru,13.3409,77.101,69.9519,High
Salem,11.6643,78.146,30.481565,Low
Gandhinagar,23.2156,72.6369,93.83823,Critical
Meerut,28.9845,77.7064,92.77675,Critical
Surat,21.1702,72.8311,95.572235,Critical
Dharwad,15.4589,75.0078,97.787285,Critical
Madurai,9.9252,78.1198,48.212425,Medium
Nagpur,21.1458,79.0882,96.57732,Critical
Ahmedabad,23.0225,72.5714,94.64679,Critical
Coimbatore,11.0168,76.9558,96.49899,Critical
Bengaluru Urban,12.9716,77.5946,87.56201,Critical
Gandhinagar,23.2156,72.6369,8.89304,Low
Surat,21.1702,72.8311,94.09511,Critical
Belagavi,15.8497,74.4977,10.239211,Low
Surat,21.1702,72.8311,17.026577,Low
Mangaluru,12.9141,74.856,13.644786,Low
Madurai,9.9252,78.1198,90.97411,Critical
Gandhinagar,23.2156,72.6369,27.448835,Low
Dharwad,15.4589,75.0078,95.21035,Critical
Kanpur Nagar,26.4499,80.3319,91.04817,Critical
Meerut,28.9845,77.7064,6.0292926,Low
Vadodara,22.3072,73.1812,89.43799,Critical
Tumakuru,13.3409,77.101,16.781881,Low
Nagpur,21.1458,79.0882,6.002757,Low
Thane,19.2183,72.9781,95.05172,Critical
Chennai,13.0827,80.2707,10.974279,Low
Khordha,20.1734,85.6745,95.09409,Critical
Balasore,21.4942,86.9317,5.191237,Low
Thane,19.2183,72.9781,12.055092,Low
Madurai,9.9252,78.1198,35.04274,Low
Vadodara,22.3072,73.1812,88.423676,Critical
Belagavi,15.8497,74.4977,3.3373454,Low
Rajkot,22.3039,70.8022,15.887174,Low
Agra,27.1767,78.0081,4.545269,Low
Agra,27.1767,78.0081,15.114786,Low
Belagavi,15.8497,74.4977,3.296402,Low
Khordha,20.1734,85.6745,4.2579236,Low
Kanchipuram,12.8342,79.7036,71.200676,High
Belagavi,15.8497,74.4977,10.804484,Low
Kanpur Nagar,26.4499,80.3319,85.36898,Critical
Kutch,23.7337,69.8597,11.03078,Low
Kanpur Nagar,26.4499,80.3319,3.223259,Low
Thane,19.2183,72.9781,9.7456,Low
Salem,11.6643,78.146,8.818443,Low
Balasore,21.4942,86.9317,5.473133,Low
Agra,27.1767,78.0081,12.072836,Low
Lucknow,26.8467,80.9462,13.86231,Low
Pune,18.5204,73.8567,11.481004,Low
Khordha,20.1734,85.6745,6.3197265,Low
Pune,18.5204,73.8567,14.0739355,Low
Vadodara,22.3072,73.1812,7.2406693,Low
Tumakuru,13.3409,77.101,72.017075,High
Dharwad,15.4589,75.0078,87.93577,Critical
Kanchipuram,12.8342,79.7036,7.2052135,Low
Chennai,13.0827,80.2707,16.61053,Low
Cuttack,20.4625,85.883,4.4387026,Low
Chennai,13.0827,80.2707,69.90051,High
Gautam Buddha Nagar,28.5355,77.391,6.0715256,Low
Kanchipuram,12.8342,79.7036,11.856076,Low
Chennai,13.0827,80.2707,4.97478,Low
Lucknow,26.8467,80.9462,8.312663,Low
Coimbatore,11.0168,76.9558,6.339641,Low
Tumakuru,13.3409,77.101,13.094308,Low
Thane,19.2183,72.9781,89.4108,Critical
Sundargarh,22.1167,84.0333,3.4789848,Low
Ahmedabad,23.0225,72.5714,91.44114,Critical
Varanasi,25.3176,82.9739,7.579968,Low
Thane,19.2183,72.9781,16.110994,Low
Lucknow,26.8467,80.9462,88.924194,Critical
Raigad,18.5158,73.1822,3.310322,Low
Nashik,19.9975,73.7898,17.946371,Low
Madurai,9.9252,78.1198,11.827772,Low
Lucknow,26.8467,80.9462,7.4151635,Low
Pune,18.5204,73.8567,9.412216,Low
Pune,18.5204,73.8567,9.56355,Low
Balasore,21.4942,86.9317,9.832439,Low
Tiruchirappalli,10.7905,78.7047,11.111921,Low
Dharwad,15.4589,75.0078,5.10365,Low
Nagpur,21.1458,79.0882,6.714052,Low
Cuttack,20.4625,85.883,89.56441,Critical
Agra,27.1767,78.0081,78.14933,High
Gandhinagar,23.2156,72.6369,2.9835968,Low
Gautam Buddha Nagar,28.5355,77.391,4.4046903,Low
Ahmedabad,23.0225,72.5714,6.4896927,Low
Gandhinagar,23.2156,72.6369,93.30307,Critical
Bengaluru Urban,12.9716,77.5946,12.066053,Low
Nashik,19.9975,73.7898,5.18689,Low
Thane,19.2183,72.9781,5.905249,Low
Ganjam,19.3871,84.7919,7.9593754,Low
Mysuru,12.2958,76.6394,4.642829,Low
Aurangabad,19.8762,75.3433,8.167733,Low
Surat,21.1702,72.8311,3.5528586,Low
Lucknow,26.8467,80.9462,11.689409,Low
Surat,21.1702,72.8311,88.057304,Critical
Vadodara,22.3072,73.1812,3.3407514,Low
Meerut,28.9845,77.7064,10.621668,Low
Madurai,9.9252,78.1198,12.613898,Low
Meerut,28.9845,77.7064,2.8721228,Low
Pune,18.5204,73.8567,73.44884,High
Varanasi,25.3176,82.9739,16.716122,Low
Kutch,23.7337,69.8597,6.8955717,Low
Aurangabad,19.8762,75.3433,80.088,Critical
Meerut,28.9845,77.7064,8.155597,Low
Pune,18.5204,73.8567,91.645905,Critical
Varanasi,25.3176,82.9739,7.6142626,Low
Gandhinagar,23.2156,72.6369,10.728241,Low
Dharwad,15.4589,75.0078,16.160772,Low
Kanpur Nagar,26.4499,80.3319,6.9908895,Low
Coimbatore,11.0168,76.9558,9.569233,Low
Cuttack,20.4625,85.883,10.643668,Low
Salem,11.6643,78.146,5.3894324,Low
Agra,27.1767,78.0081,3.5224664,Low
Belagavi,15.8497,74.4977,90.51523,Critical
Pune,18.5204,73.8567,84.871826,Critical
Gandhinagar,23.2156,72.6369,6.397988,Low
Thane,19.2183,72.9781,86.257034,Critical
Agra,27.1767,78.0081,20.23645,Low
Vadodara,22.3072,73.1812,81.52249,Critical
Agra,27.1767,78.0081,11.9838705,Low
Surat,21.1702,72.8311,92.045364,Critical
Belagavi,15.8497,74.4977,42.18857,Low
Meerut,28.9845,77.7064,26.818333,Low
Chennai,13.0827,80.2707,80.730644,Critical
Cuttack,20.4625,85.883,6.9621854,Low
Coimbatore,11.0168,76.9558,86.79013,Critical
Belagavi,15.8497,74.4977,80.12399,Critical
Chennai,13.0827,80.2707,91.999275,Critical
Kutch,23.7337,69.8597,94.738945,Critical
Gautam Buddha Nagar,28.5355,77.391,6.81133,Low
Vadodara,22.3072,73.1812,11.534544,Low
Madurai,9.9252,78.1198,8.2022915,Low
Bengaluru Urban,12.9716,77.5946,4.6560926,Low
Khordha,20.1734,85.6745,91.65319,Critical
Tumakuru,13.3409,77.101,4.0209236,Low
Thane,19.2183,72.9781,14.517806,Low
Ganjam,19.3871,84.7919,7.9296083,Low
Vadodara,22.3072,73.1812,9.941088,Low
Nashik,19.9975,73.7898,14.525187,Low
Sundargarh,22.1167,84.0333,3.7570522,Low
Gautam Buddha Nagar,28.5355,77.391,7.1375856,Low
Chennai,13.0827,80.2707,3.7635307,Low
Meerut,28.9845,77.7064,26.278967,Low
Salem,11.6643,78.146,13.310315,Low
Salem,11.6643,78.146,22.905294,Low
Nashik,19.9975,73.7898,9.912831,Low
Gandhinagar,23.2156,72.6369,72.881355,High
Kanchipuram,12.8342,79.7036,3.0143836,Low
Raigad,18.5158,73.1822,86.938095,Critical
Lucknow,26.8467,80.9462,8.854242,Low
Gautam Buddha Nagar,28.5355,77.391,12.319622,Low
Agra,27.1767,78.0081,35.651905,Low
Puri,19.8135,85.8312,9.328095,Low
Lucknow,26.8467,80.9462,3.8079474,Low
Tiruchirappalli,10.7905,78.7047,4.686125,Low
Vadodara,22.3072,73.1812,5.4089293,Low
Kanpur Nagar,26.4499,80.3319,84.10571,Critical
Lucknow,26.8467,80.9462,8.957953,Low
Dharwad,15.4589,75.0078,14.574409,Low
Mangaluru,12.9141,74.856,31.087442,Low
Varanasi,25.3176,82.9739,16.385838,Low
Raigad,18.5158,73.1822,8.870325,Low
Puri,19.8135,85.8312,30.950495,Low
Balasore,21.4942,86.9317,4.792272,Low
Varanasi,25.3176,82.9739,18.567041,Low
Lucknow,26.8467,80.9462,8.5636215,Low
Kutch,23.7337,69.8597,11.154612,Low
Cuttack,20.4625,85.883,8.071949,Low
Gautam Buddha Nagar,28.5355,77.391,10.0784855,Low
Cuttack,20.4625,85.883,83.064545,Critical
Pune,18.5204,73.8567,78.5794,High
Lucknow,26.8467,80.9462,8.49277,Low
Lucknow,26.8467,80.9462,11.870987,Low
Khordha,20.1734,85.6745,4.562139,Low
Kanchipuram,12.8342,79.7036,4.54515,Low
Khordha,20.1734,85.6745,8.86683,Low
Rajkot,22.3039,70.8022,1.4057724,Low
Dharwad,15.4589,75.0078,81.64141,Critical
Kutch,23.7337,69.8597,4.0914536,Low
Kanchipuram,12.8342,79.7036,12.263212,Low
Khordha,20.1734,85.6745,6.4017015,Low
Dharwad,15.4589,75.0078,20.784817,Low
Belagavi,15.8497,74.4977,10.764853,Low
Aurangabad,19.8762,75.3433,27.47764,Low
Agra,27.1767,78.0081,23.86836,Low
Gandhinagar,23.2156,72.6369,3.9200504,Low
Chennai,13.0827,80.2707,2.4640107,Low
Gautam Buddha Nagar,28.5355,77.391,25.031704,Low
Ahmedabad,23.0225,72.5714,89.90993,Critical
Meerut,28.9845,77.7064,51.59989,Medium
Puri,19.8135,85.8312,12.581594,Low
Cuttack,20.4625,85.883,20.970171,Low
Thane,19.2183,72.9781,4.8486037,Low
Dharwad,15.4589,75.0078,14.426125,Low
Varanasi,25.3176,82.9739,91.16972,Critical
Kanpur Nagar,26.4499,80.3319,84.427666,Critical
Thane,19.2183,72.9781,24.711367,Low
Meerut,28.9845,77.7064,80.6943,Critical
Aurangabad,19.8762,75.3433,85.25033,Critical
Surat,21.1702,72.8311,6.643731,Low
Raigad,18.5158,73.1822,6.4711385,Low
Madurai,9.9252,78.1198,29.213974,Low
Aurangabad,19.8762,75.3433,14.3265505,Low
Coimbatore,11.0168,76.9558,23.878986,Low
Tiruchirappalli,10.7905,78.7047,9.55071,Low
Surat,21.1702,72.8311,20.879251,Low
Kanpur Nagar,26.4499,80.3319,11.363226,Low
Gautam Buddha Nagar,28.5355,77.391,5.776611,Low
Aurangabad,19.8762,75.3433,6.335944,Low
Balasore,21.4942,86.9317,8.792752,Low
Cuttack,20.4625,85.883,4.5198116,Low
Cuttack,20.4625,85.883,13.409626,Low
Varanasi,25.3176,82.9739,3.944436,Low
Thane,19.2183,72.9781,10.898251,Low
Gautam Buddha Nagar,28.5355,77.391,83.65558,Critical
Meerut,28.9845,77.7064,7.3718667,Low
Puri,19.8135,85.8312,6.2889457,Low
Raigad,18.5158,73.1822,20.232655,Low
Gautam Buddha Nagar,28.5355,77.391,9.465859,Low
Thane,19.2183,72.9781,18.651598,Low
Surat,21.1702,72.8311,51.46174,Medium
Tumakuru,13.3409,77.101,92.646675,Critical
Rajkot,22.3039,70.8022,17.756159,Low
Cuttack,20.4625,85.883,6.6123395,Low
Thane,19.2183,72.9781,85.37795,Critical
Surat,21.1702,72.8311,9.663297,Low
Vadodara,22.3072,73.1812,8.4458475,Low
Kutch,23.7337,69.8597,16.86827,Low
Puri,19.8135,85.8312,4.1815357,Low
Kanpur Nagar,26.4499,80.3319,3.0844615,Low
Varanasi,25.3176,82.9739,5.6422734,Low
Nagpur,21.1458,79.0882,9.593716,Low
Gandhinagar,23.2156,72.6369,5.830065,Low
Nashik,19.9975,73.7898,14.93078,Low
Coimbatore,11.0168,76.9558,83.05544,Critical
Dharwad,15.4589,75.0078,20.583073,Low
Bengaluru Urban,12.9716,77.5946,5.4636755,Low
Gautam Buddha Nagar,28.5355,77.391,7.8539915,Low
Agra,27.1767,78.0081,87.60628,Critical
Coimbatore,11.0168,76.9558,17.14672,Low
Rajkot,22.3039,70.8022,89.159904,Critical
Madurai,9.9252,78.1198,8.900648,Low
Tumakuru,13.3409,77.101,10.310863,Low
Tiruchirappalli,10.7905,78.7047,7.3963976,Low
Sundargarh,22.1167,84.0333,4.9935107,Low
Agra,27.1767,78.0081,2.689419,Low
Belagavi,15.8497,74.4977,11.747801,Low
Kanpur Nagar,26.4499,80.3319,8.938077,Low
Belagavi,15.8497,74.4977,13.398674,Low
Coimbatore,11.0168,76.9558,86.07695,Critical
Balasore,21.4942,86.9317,9.189105,Low
Varanasi,25.3176,82.9739,13.106413,Low
Mysuru,12.2958,76.6394,17.83943,Low
Dharwad,15.4589,75.0078,17.486582,Low
Balasore,21.4942,86.9317,6.7582817,Low
Thane,19.2183,72.9781,8.000649,Low
Nashik,19.9975,73.7898,19.32814,Low
Raigad,18.5158,73.1822,13.261201,Low
Raigad,18.5158,73.1822,11.749579,Low
Meerut,28.9845,77.7064,6.330967,Low
Nagpur,21.1458,79.0882,22.35569,Low
Gandhinagar,23.2156,72.6369,10.878104,Low
Gautam Buddha Nagar,28.5355,77.391,87.97857,Critical
Gautam Buddha Nagar,28.5355,77.391,5.3504014,Low
Thane,19.2183,72.9781,84.39226,Critical
Belagavi,15.8497,74.4977,67.21007,High
Nashik,19.9975,73.7898,9.387789,Low
Sundargarh,22.1167,84.0333,6.8908668,Low
Meerut,28.9845,77.7064,4.3544283,Low
Varanasi,25.3176,82.9739,3.5442617,Low
Kanpur Nagar,26.4499,80.3319,5.782019,Low
Nashik,19.9975,73.7898,6.7860656,Low
Coimbatore,11.0168,76.9558,12.566088,Low
Raigad,18.5158,73.1822,9.997813,Low
Varanasi,25.3176,82.9739,18.180168,Low
Rajkot,22.3039,70.8022,91.35033,Critical
Khordha,20.1734,85.6745,14.109518,Low
Dharwad,15.4589,75.0078,9.3053665,Low
Rajkot,22.3039,70.8022,25.099024,Low
Salem,11.6643,78.146,5.66257,Low
Cuttack,20.4625,85.883,86.56754,Critical
Kutch,23.7337,69.8597,4.0636034,Low
Agra,27.1767,78.0081,18.99076,Low
Meerut,28.9845,77.7064,87.74603,Critical
Lucknow,26.8467,80.9462,32.288113,Low
Kutch,23.7337,69.8597,7.967717,Low
Mysuru,12.2958,76.6394,12.056024,Low
Dharwad,15.4589,75.0078,20.32581,Low
Meerut,28.9845,77.7064,5.003339,Low
Tiruchirappalli,10.7905,78.7047,9.828804,Low
Meerut,28.9845,77.7064,10.904105,Low
Lucknow,26.8467,80.9462,24.469906,Low
Mysuru,12.2958,76.6394,12.216188,Low
Thane,19.2183,72.9781,11.749277,Low
Cuttack,20.4625,85.883,11.046905,Low
Meerut,28.9845,77.7064,6.514076,Low
Mangaluru,12.9141,74.856,76.60906,High
Vadodara,22.3072,73.1812,7.863589,Low
Varanasi,25.3176,82.9739,17.476212,Low
Rajkot,22.3039,70.8022,15.296158,Low
Meerut,28.9845,77.7064,80.049416,Critical
Bengaluru Urban,12.9716,77.5946,9.331391,Low
Meerut,28.9845,77.7064,5.8702173,Low
Dharwad,15.4589,75.0078,7.4411125,Low
Kanpur Nagar,26.4499,80.3319,11.548068,Low
Gandhinagar,23.2156,72.6369,4.000547,Low
Puri,19.8135,85.8312,85.6915,Critical
Salem,11.6643,78.146,11.678078,Low
Dharwad,15.4589,75.0078,7.2621403,Low
Kanchipuram,12.8342,79.7036,8.135035,Low
Meerut,28.9845,77.7064,8.708558,Low
Ahmedabad,23.0225,72.5714,5.9022284,Low
Nagpur,21.1458,79.0882,6.6339145,Low
Pune,18.5204,73.8567,7.3996553,Low
Lucknow,26.8467,80.9462,80.19538,Critical
Gandhinagar,23.2156,72.6369,11.408051,Low
Rajkot,22.3039,70.8022,7.8399143,Low
Gandhinagar,23.2156,72.6369,24.11538,Low
Dharwad,15.4589,75.0078,67.02699,High
Varanasi,25.3176,82.9739,5.843434,Low
Dharwad,15.4589,75.0078,4.4597464,Low
Bengaluru Urban,12.9716,77.5946,7.394904,Low
Thane,19.2183,72.9781,3.168918,Low
Cuttack,20.4625,85.883,5.011462,Low
Gautam Buddha Nagar,28.5355,77.391,20.412998,Low
Nashik,19.9975,73.7898,6.3307323,Low
Vadodara,22.3072,73.1812,3.0423186,Low
Rajkot,22.3039,70.8022,93.288925,Critical
Kanpur Nagar,26.4499,80.3319,21.121586,Low
Gautam Buddha Nagar,28.5355,77.391,89.62642,Critical
Surat,21.1702,72.8311,90.7136,Critical
Pune,18.5204,73.8567,4.504511,Low
Chennai,13.0827,80.2707,89.08499,Critical
Aurangabad,19.8762,75.3433,12.738893,Low
Coimbatore,11.0168,76.9558,5.5257654,Low
Nagpur,21.1458,79.0882,81.6018,Critical
Meerut,28.9845,77.7064,5.996394,Low
Nashik,19.9975,73.7898,6.5484004,Low
Agra,27.1767,78.0081,5.8107753,Low
Gautam Buddha Nagar,28.5355,77.391,9.110024,Low
Mangaluru,12.9141,74.856,4.9924235,Low
Khordha,20.1734,85.6745,13.110945,Low
Mysuru,12.2958,76.6394,9.846955,Low
Ahmedabad,23.0225,72.5714,5.3173885,Low
Belagavi,15.8497,74.4977,80.78173,Critical
Nashik,19.9975,73.7898,12.977759,Low
Varanasi,25.3176,82.9739,2.47203,Low
Lucknow,26.8467,80.9462,10.2963295,Low
Thane,19.2183,72.9781,93.18947,Critical
Gautam Buddha Nagar,28.5355,77.391,18.869457,Low
Surat,21.1702,72.8311,8.979174,Low
Agra,27.1767,78.0081,3.109161,Low
Balasore,21.4942,86.9317,3.7176292,Low
Dharwad,15.4589,75.0078,87.82953,Critical
Nashik,19.9975,73.7898,12.533276,Low
Puri,19.8135,85.8312,6.525478,Low
Dharwad,15.4589,75.0078,5.9457827,Low
Varanasi,25.3176,82.9739,6.7295866,Low
Mysuru,12.2958,76.6394,79.0143,High
Tiruchirappalli,10.7905,78.7047,3.4548979,Low
Mysuru,12.2958,76.6394,11.741684,Low
Raigad,18.5158,73.1822,24.680653,Low
Pune,18.5204,73.8567,7.4341908,Low
Thane,19.2183,72.9781,80.87662,Critical
Puri,19.8135,85.8312,12.960629,Low
Khordha,20.1734,85.6745,7.0384316,Low
Sundargarh,22.1167,84.0333,91.03993,Critical
Pune,18.5204,73.8567,12.962031,Low
Kutch,23.7337,69.8597,43.91094,Low
Raigad,18.5158,73.1822,84.21293,Critical
Salem,11.6643,78.146,73.65605,High
Cuttack,20.4625,85.883,3.026357,Low
Gautam Buddha Nagar,28.5355,77.391,92.65873,Critical
Kanchipuram,12.8342,79.7036,7.604237,Low
Puri,19.8135,85.8312,7.6220093,Low
Vadodara,22.3072,73.1812,13.778239,Low
Agra,27.1767,78.0081,10.667574,Low
Kanchipuram,12.8342,79.7036,85.09902,Critical
Nagpur,21.1458,79.0882,5.060579,Low
Dharwad,15.4589,75.0078,85.825356,Critical
Gautam Buddha Nagar,28.5355,77.391,5.7285194,Low
Mangaluru,12.9141,74.856,75.29588,High
Meerut,28.9845,77.7064,8.49195,Low
Tiruchirappalli,10.7905,78.7047,7.3656535,Low
Gandhinagar,23.2156,72.6369,8.550063,Low
Salem,11.6643,78.146,11.838159,Low
Kutch,23.7337,69.8597,35.461163,Low
Vadodara,22.3072,73.1812,9.968002,Low
Gautam Buddha Nagar,28.5355,77.391,9.284766,Low
Surat,21.1702,72.8311,5.2714033,Low
Nashik,19.9975,73.7898,5.2949185,Low
Thane,19.2183,72.9781,6.9749513,Low
Lucknow,26.8467,80.9462,3.294795,Low
Raigad,18.5158,73.1822,4.4019485,Low
Gautam Buddha Nagar,28.5355,77.391,7.3142724,Low
Puri,19.8135,85.8312,8.847677,Low
Tumakuru,13.3409,77.101,4.2602687,Low
Ahmedabad,23.0225,72.5714,8.880525,Low
Gandhinagar,23.2156,72.6369,3.332772,Low
Kanchipuram,12.8342,79.7036,8.779533,Low
Agra,27.1767,78.0081,11.576424,Low
Nagpur,21.1458,79.0882,4.861023,Low
Varanasi,25.3176,82.9739,3.9047704,Low
Thane,19.2183,72.9781,10.965025,Low
Ahmedabad,23.0225,72.5714,6.008098,Low
Lucknow,26.8467,80.9462,4.8639345,Low
Varanasi,25.3176,82.9739,5.800867,Low
Kanchipuram,12.8342,79.7036,9.46474,Low
Sundargarh,22.1167,84.0333,85.73648,Critical
Varanasi,25.3176,82.9739,86.016174,Critical
Kanpur Nagar,26.4499,80.3319,3.7088995,Low
Bengaluru Urban,12.9716,77.5946,86.91794,Critical
Mysuru,12.2958,76.6394,5.3193254,Low
Gautam Buddha Nagar,28.5355,77.391,91.169464,Critical
Belagavi,15.8497,74.4977,10.562825,Low
Dharwad,15.4589,75.0078,84.23454,Critical
Mangaluru,12.9141,74.856,44.0108,Low
Dharwad,15.4589,75.0078,8.401567,Low
Chennai,13.0827,80.2707,17.016865,Low
Meerut,28.9845,77.7064,4.3368587,Low
Madurai,9.9252,78.1198,5.312071,Low
Sundargarh,22.1167,84.0333,7.371618,Low
Tiruchirappalli,10.7905,78.7047,8.681207,Low
Surat,21.1702,72.8311,11.318632,Low
Sundargarh,22.1167,84.0333,10.234505,Low
Varanasi,25.3176,82.9739,8.452524,Low
Tumakuru,13.3409,77.101,7.0580034,Low
Chennai,13.0827,80.2707,4.1254644,Low
Kanchipuram,12.8342,79.7036,2.9834456,Low
Gandhinagar,23.2156,72.6369,87.26118,Critical
Ahmedabad,23.0225,72.5714,29.13388,Low
Kutch,23.7337,69.8597,8.342285,Low
Balasore,21.4942,86.9317,55.48328,Medium
Rajkot,22.3039,70.8022,7.927271,Low
Mangaluru,12.9141,74.856,12.040916,Low
Chennai,13.0827,80.2707,5.363415,Low
Lucknow,26.8467,80.9462,18.387232,Low
Madurai,9.9252,78.1198,38.385887,Low
Bengaluru Urban,12.9716,77.5946,11.836854,Low
Dharwad,15.4589,75.0078,88.63916,Critical
Ahmedabad,23.0225,72.5714,81.26626,Critical
Agra,27.1767,78.0081,21.32408,Low
Bengaluru Urban,12.9716,77.5946,7.673893,Low
Ahmedabad,23.0225,72.5714,5.5875325,Low
Khordha,20.1734,85.6745,6.019903,Low
Rajkot,22.3039,70.8022,2.4856339,Low
Chennai,13.0827,80.2707,6.999136,Low
Aurangabad,19.8762,75.3433,85.02924,Critical
Puri,19.8135,85.8312,86.36677,Critical
Nashik,19.9975,73.7898,12.020549,Low
Cuttack,20.4625,85.883,4.8655796,Low
Gandhinagar,23.2156,72.6369,14.56359,Low
Agra,27.1767,78.0081,9.745412,Low
Raigad,18.5158,73.1822,5.951057,Low
Varanasi,25.3176,82.9739,7.630706,Low
Nashik,19.9975,73.7898,20.758196,Low
Mysuru,12.2958,76.6394,3.58422,Low
Mysuru,12.2958,76.6394,85.28994,Critical
Pune,18.5204,73.8567,81.6181,Critical
Coimbatore,11.0168,76.9558,7.922089,Low
Pune,18.5204,73.8567,4.8806725,Low
Gautam Buddha Nagar,28.5355,77.391,7.977487,Low
Belagavi,15.8497,74.4977,85.99906,Critical
Madurai,9.9252,78.1198,32.374104,Low
Belagavi,15.8497,74.4977,10.456201,Low
Dharwad,15.4589,75.0078,5.9919457,Low
Cuttack,20.4625,85.883,7.9060783,Low
Bengaluru Urban,12.9716,77.5946,90.53626,Critical
Bengaluru Urban,12.9716,77.5946,16.585527,Low
Ahmedabad,23.0225,72.5714,9.993869,Low
Chennai,13.0827,80.2707,14.043361,Low
Agra,27.1767,78.0081,8.595526,Low
Kanchipuram,12.8342,79.7036,2.948112,Low
Lucknow,26.8467,80.9462,8.056393,Low
Rajkot,22.3039,70.8022,29.08977,Low
Pune,18.5204,73.8567,8.23924,Low
Varanasi,25.3176,82.9739,8.657153,Low
Tumakuru,13.3409,77.101,4.895606,Low
Madurai,9.9252,78.1198,89.76768,Critical
Belagavi,15.8497,74.4977,3.2148738,Low
Kanchipuram,12.8342,79.7036,8.712676,Low
Meerut,28.9845,77.7064,12.066695,Low
Pune,18.5204,73.8567,92.160484,Critical
Kutch,23.7337,69.8597,89.00047,Critical
Kanchipuram,12.8342,79.7036,18.408548,Low
Varanasi,25.3176,82.9739,12.07115,Low
Gandhinagar,23.2156,72.6369,6.5924606,Low
Salem,11.6643,78.146,35.519573,Low
Nashik,19.9975,73.7898,7.339301,Low
Vadodara,22.3072,73.1812,6.1558533,Low
Puri,19.8135,85.8312,10.139179,Low
Tumakuru,13.3409,77.101,13.746731,Low
Dharwad,15.4589,75.0078,6.5807724,Low
Dharwad,15.4589,75.0078,81.93506,Critical
Ganjam,19.3871,84.7919,59.82024,Medium
Gautam Buddha Nagar,28.5355,77.391,28.317505,Low
Kanchipuram,12.8342,79.7036,7.208358,Low
Gautam Buddha Nagar,28.5355,77.391,10.178894,Low
Rajkot,22.3039,70.8022,7.9703965,Low
Gautam Buddha Nagar,28.5355,77.391,6.502179,Low
Cuttack,20.4625,85.883,11.047212,Low
Ahmedabad,23.0225,72.5714,24.571207,Low
Thane,19.2183,72.9781,83.87379,Critical
Vadodara,22.3072,73.1812,3.4968052,Low
Agra,27.1767,78.0081,86.30921,Critical
Thane,19.2183,72.9781,89.17755,Critical
Coimbatore,11.0168,76.9558,2.8040168,Low
Tumakuru,13.3409,77.101,5.8247833,Low
Varanasi,25.3176,82.9739,8.21917,Low
Sundargarh,22.1167,84.0333,3.573356,Low
Raigad,18.5158,73.1822,12.288189,Low
Aurangabad,19.8762,75.3433,37.368767,Low
Balasore,21.4942,86.9317,8.008923,Low
Agra,27.1767,78.0081,3.112068,Low
Kanchipuram,12.8342,79.7036,9.627956,Low
Madurai,9.9252,78.1198,7.8411474,Low
Varanasi,25.3176,82.9739,6.0868664,Low
Cuttack,20.4625,85.883,5.457465,Low
Aurangabad,19.8762,75.3433,7.943018,Low
Ganjam,19.3871,84.7919,3.9866793,Low
Agra,27.1767,78.0081,5.891794,Low
Aurangabad,19.8762,75.3433,10.592126,Low
Khordha,20.1734,85.6745,10.901447,Low
Kanpur Nagar,26.4499,80.3319,8.819328,Low
Mysuru,12.2958,76.6394,5.495851,Low
Kutch,23.7337,69.8597,7.153576,Low
Khordha,20.1734,85.6745,9.13513,Low
Gautam Buddha Nagar,28.5355,77.391,14.264875,Low
Ganjam,19.3871,84.7919,17.635698,Low
Lucknow,26.8467,80.9462,12.4890375,Low
Meerut,28.9845,77.7064,11.417364,Low
Agra,27.1767,78.0081,86.86721,Critical
Sundargarh,22.1167,84.0333,13.055669,Low
Tumakuru,13.3409,77.101,7.8849106,Low
Kutch,23.7337,69.8597,8.604054,Low
Surat,21.1702,72.8311,10.167492,Low
Tumakuru,13.3409,77.101,7.530615,Low
Thane,19.2183,72.9781,6.785756,Low
Meerut,28.9845,77.7064,8.545244,Low
Cuttack,20.4625,85.883,8.036152,Low
Raigad,18.5158,73.1822,7.7233434,Low
Dharwad,15.4589,75.0078,9.927465,Low
Coimbatore,11.0168,76.9558,83.99845,Critical
Agra,27.1767,78.0081,86.70299,Critical
Meerut,28.9845,77.7064,6.4104958,Low
Ahmedabad,23.0225,72.5714,9.924093,Low
Varanasi,25.3176,82.9739,23.591953,Low
Agra,27.1767,78.0081,91.57193,Critical
Chennai,13.0827,80.2707,9.664902,Low
Gautam Buddha Nagar,28.5355,77.391,7.871227,Low
Gautam Buddha Nagar,28.5355,77.391,5.5503874,Low
Puri,19.8135,85.8312,6.7340536,Low
Puri,19.8135,85.8312,7.182321,Low
Vadodara,22.3072,73.1812,5.983363,Low
Varanasi,25.3176,82.9739,8.947251,Low
Belagavi,15.8497,74.4977,4.1642394,Low
Chennai,13.0827,80.2707,11.904393,Low
Ganjam,19.3871,84.7919,6.533183,Low
Nashik,19.9975,73.7898,82.28827,Critical
Bengaluru Urban,12.9716,77.5946,15.604321,Low
Meerut,28.9845,77.7064,5.28141,Low
Lucknow,26.8467,80.9462,19.700573,Low
Pune,18.5204,73.8567,85.46997,Critical
Aurangabad,19.8762,75.3433,92.22924,Critical
Vadodara,22.3072,73.1812,11.606469,Low
Aurangabad,19.8762,75.3433,15.9083605,Low
Cuttack,20.4625,85.883,40.939487,Low
Chennai,13.0827,80.2707,82.8475,Critical
Gautam Buddha Nagar,28.5355,77.391,5.074825,Low
Puri,19.8135,85.8312,6.5232596,Low
Sundargarh,22.1167,84.0333,14.78966,Low
Gandhinagar,23.2156,72.6369,15.123873,Low
Kutch,23.7337,69.8597,11.041919,Low
Varanasi,25.3176,82.9739,83.53077,Critical
Pune,18.5204,73.8567,17.864141,Low
Coimbatore,11.0168,76.9558,90.19382,Critical
Agra,27.1767,78.0081,8.114164,Low
Tiruchirappalli,10.7905,78.7047,5.7518888,Low
Surat,21.1702,72.8311,10.385398,Low
Mysuru,12.2958,76.6394,4.906605,Low
Mysuru,12.2958,76.6394,4.6168213,Low
Meerut,28.9845,77.7064,9.897335,Low
Surat,21.1702,72.8311,3.2305293,Low
Nashik,19.9975,73.7898,8.113146,Low
Coimbatore,11.0168,76.9558,12.540701,Low
Aurangabad,19.8762,75.3433,9.589851,Low
Puri,19.8135,85.8312,23.956022,Low
Aurangabad,19.8762,75.3433,11.6886425,Low
Pune,18.5204,73.8567,4.015479,Low
Thane,19.2183,72.9781,14.434814,Low
Meerut,28.9845,77.7064,3.7756708,Low
Pune,18.5204,73.8567,31.809032,Low
Pune,18.5204,73.8567,14.02941,Low
Raigad,18.5158,73.1822,18.2263,Low
Lucknow,26.8467,80.9462,6.56164,Low
Varanasi,25.3176,82.9739,4.99936,Low
Varanasi,25.3176,82.9739,47.088383,Medium
Gautam Buddha Nagar,28.5355,77.391,81.49923,Critical
Nagpur,21.1458,79.0882,13.289235,Low
Ganjam,19.3871,84.7919,20.687666,Low
Chennai,13.0827,80.2707,6.2178893,Low
Gautam Buddha Nagar,28.5355,77.391,11.6046295,Low
Thane,19.2183,72.9781,4.5600014,Low
Kanpur Nagar,26.4499,80.3319,6.1349654,Low
Belagavi,15.8497,74.4977,4.6068435,Low
Agra,27.1767,78.0081,6.97788,Low
Aurangabad,19.8762,75.3433,9.721919,Low
Bengaluru Urban,12.9716,77.5946,12.643538,Low
Rajkot,22.3039,70.8022,92.5025,Critical
Sundargarh,22.1167,84.0333,12.198802,Low
Nagpur,21.1458,79.0882,4.756438,Low
Kutch,23.7337,69.8597,13.119877,Low
Nashik,19.9975,73.7898,90.10306,Critical
Kanchipuram,12.8342,79.7036,6.980802,Low
Rajkot,22.3039,70.8022,11.137327,Low
Thane,19.2183,72.9781,11.805513,Low
Khordha,20.1734,85.6745,88.9369,Critical
Lucknow,26.8467,80.9462,4.72888,Low
Kanchipuram,12.8342,79.7036,5.560721,Low
Meerut,28.9845,77.7064,83.88184,Critical
Meerut,28.9845,77.7064,4.3959537,Low
Pune,18.5204,73.8567,23.550728,Low
Belagavi,15.8497,74.4977,89.55935,Critical
Rajkot,22.3039,70.8022,87.076965,Critical
Sundargarh,22.1167,84.0333,85.835144,Critical
Nashik,19.9975,73.7898,11.1572485,Low
Dharwad,15.4589,75.0078,85.13959,Critical
Salem,11.6643,78.146,13.696631,Low
Varanasi,25.3176,82.9739,7.1067014,Low
Madurai,9.9252,78.1198,6.4485693,Low
Kutch,23.7337,69.8597,8.221569,Low
Kanpur Nagar,26.4499,80.3319,13.7416315,Low
Coimbatore,11.0168,76.9558,8.265378,Low
Lucknow,26.8467,80.9462,9.227887,Low
Sundargarh,22.1167,84.0333,89.94859,Critical
Dharwad,15.4589,75.0078,10.7543335,Low
Mysuru,12.2958,76.6394,9.262046,Low
Aurangabad,19.8762,75.3433,26.321857,Low
Salem,11.6643,78.146,7.31502,Low
Kutch,23.7337,69.8597,19.594988,Low
Madurai,9.9252,78.1198,12.514077,Low
Nashik,19.9975,73.7898,8.309002,Low
Chennai,13.0827,80.2707,27.298502,Low
Gautam Buddha Nagar,28.5355,77.391,8.20205,Low
Gautam Buddha Nagar,28.5355,77.391,6.724428,Low
Chennai,13.0827,80.2707,6.7855754,Low
Kanchipuram,12.8342,79.7036,4.155824,Low
Tumakuru,13.3409,77.101,5.444464,Low
Dharwad,15.4589,75.0078,72.891785,High
Mysuru,12.2958,76.6394,11.063179,Low
Kanpur Nagar,26.4499,80.3319,9.721468,Low
Kanpur Nagar,26.4499,80.3319,4.3166785,Low
Rajkot,22.3039,70.8022,9.05994,Low
Nashik,19.9975,73.7898,83.468605,Critical
Kanchipuram,12.8342,79.7036,83.907005,Critical
Nagpur,21.1458,79.0882,8.462187,Low
Raigad,18.5158,73.1822,86.354416,Critical
Thane,19.2183,72.9781,71.58324,High
Belagavi,15.8497,74.4977,8.8282175,Low
Gandhinagar,23.2156,72.6369,6.9777923,Low
Aurangabad,19.8762,75.3433,76.62736,High
Meerut,28.9845,77.7064,6.676601,Low
Thane,19.2183,72.9781,6.352056,Low
Nashik,19.9975,73.7898,18.843836,Low
Pune,18.5204,73.8567,89.82585,Critical
Meerut,28.9845,77.7064,81.35331,Critical
Ahmedabad,23.0225,72.5714,79.03803,High
Madurai,9.9252,78.1198,11.61489,Low
Nagpur,21.1458,79.0882,10.804582,Low
Meerut,28.9845,77.7064,3.6436844,Low
Agra,27.1767,78.0081,9.353865,Low
Kanpur Nagar,26.4499,80.3319,4.688515,Low
Salem,11.6643,78.146,2.2279286,Low
Pune,18.5204,73.8567,28.838348,Low
Kanpur Nagar,26.4499,80.3319,84.871994,Critical
Meerut,28.9845,77.7064,10.536547,Low
Mangaluru,12.9141,74.856,7.3968945,Low
Bengaluru Urban,12.9716,77.5946,6.6090026,Low
Bengaluru Urban,12.9716,77.5946,25.278011,Low
Lucknow,26.8467,80.9462,24.205334,Low
Varanasi,25.3176,82.9739,6.648265,Low
Varanasi,25.3176,82.9739,47.502472,Medium
Ahmedabad,23.0225,72.5714,92.44705,Critical
Tiruchirappalli,10.7905,78.7047,77.84242,High
Varanasi,25.3176,82.9739,19.334038,Low
Dharwad,15.4589,75.0078,82.91416,Critical
Gautam Buddha Nagar,28.5355,77.391,51.392567,Medium
Rajkot,22.3039,70.8022,88.27041,Critical
Rajkot,22.3039,70.8022,12.032943,Low
Gandhinagar,23.2156,72.6369,17.932085,Low
Mangaluru,12.9141,74.856,1.8584106,Low
Pune,18.5204,73.8567,8.434553,Low
Gautam Buddha Nagar,28.5355,77.391,8.934554,Low
Pune,18.5204,73.8567,89.99871,Critical
Rajkot,22.3039,70.8022,5.91472,Low
Raigad,18.5158,73.1822,4.5726967,Low
Kanpur Nagar,26.4499,80.3319,54.539192,Medium
Meerut,28.9845,77.7064,3.2586105,Low
Kutch,23.7337,69.8597,88.61518,Critical
Chennai,13.0827,80.2707,15.495289,Low
Meerut,28.9845,77.7064,17.729301,Low
Puri,19.8135,85.8312,11.852559,Low
Agra,27.1767,78.0081,18.285624,Low
Pune,18.5204,73.8567,10.696203,Low
Varanasi,25.3176,82.9739,67.20451,High
Coimbatore,11.0168,76.9558,78.46782,High
Mysuru,12.2958,76.6394,8.410204,Low
Kanpur Nagar,26.4499,80.3319,7.36629,Low
Sundargarh,22.1167,84.0333,6.583264,Low
Ahmedabad,23.0225,72.5714,8.925775,Low
Cuttack,20.4625,85.883,83.62973,Critical
Nashik,19.9975,73.7898,13.729909,Low
Balasore,21.4942,86.9317,5.7260103,Low
Gautam Buddha Nagar,28.5355,77.391,3.5946562,Low
Raigad,18.5158,73.1822,7.0632753,Low
Tiruchirappalli,10.7905,78.7047,6.461986,Low
Kutch,23.7337,69.8597,5.868739,Low
Cuttack,20.4625,85.883,7.7300444,Low
Dharwad,15.4589,75.0078,82.61033,Critical
Gautam Buddha Nagar,28.5355,77.391,3.857208,Low
Puri,19.8135,85.8312,10.728279,Low
Gautam Buddha Nagar,28.5355,77.391,9.416639,Low
Rajkot,22.3039,70.8022,7.11107,Low
Sundargarh,22.1167,84.0333,4.928506,Low
Gautam Buddha Nagar,28.5355,77.391,85.2701,Critical
Thane,19.2183,72.9781,48.42057,Medium
Surat,21.1702,72.8311,7.669206,Low
Vadodara,22.3072,73.1812,23.052628,Low
Coimbatore,11.0168,76.9558,8.157015,Low
Bengaluru Urban,12.9716,77.5946,84.8524,Critical
Agra,27.1767,78.0081,17.014225,Low
Kanchipuram,12.8342,79.7036,8.897543,Low
Tumakuru,13.3409,77.101,36.772533,Low
Salem,11.6643,78.146,4.3613486,Low
Varanasi,25.3176,82.9739,14.059295,Low
Kanchipuram,12.8342,79.7036,7.0913033,Low
Ganjam,19.3871,84.7919,5.9316835,Low
Kanpur Nagar,26.4499,80.3319,9.2572155,Low
Belagavi,15.8497,74.4977,14.61487,Low
Sundargarh,22.1167,84.0333,5.1010704,Low
Gautam Buddha Nagar,28.5355,77.391,13.39287,Low
Nashik,19.9975,73.7898,8.4562435,Low
Madurai,9.9252,78.1198,3.863518,Low
Kanpur Nagar,26.4499,80.3319,88.38764,Critical
Kanchipuram,12.8342,79.7036,84.609375,Critical
Surat,21.1702,72.8311,87.75822,Critical
Ganjam,19.3871,84.7919,11.118581,Low
Puri,19.8135,85.8312,39.25483,Low
Tumakuru,13.3409,77.101,5.443276,Low
Lucknow,26.8467,80.9462,8.5427065,Low
Kanpur Nagar,26.4499,80.3319,8.255642,Low
Meerut,28.9845,77.7064,12.239823,Low
Chennai,13.0827,80.2707,87.37961,Critical
Thane,19.2183,72.9781,4.879908,Low
Meerut,28.9845,77.7064,12.338411,Low
Kanchipuram,12.8342,79.7036,3.5157864,Low
Madurai,9.9252,78.1198,12.418921,Low
Varanasi,25.3176,82.9739,11.249734,Low
Mysuru,12.2958,76.6394,86.28293,Critical
Agra,27.1767,78.0081,90.52811,Critical
Lucknow,26.8467,80.9462,2.9130535,Low
Rajkot,22.3039,70.8022,4.995283,Low
Khordha,20.1734,85.6745,11.706215,Low
Gandhinagar,23.2156,72.6369,2.9433842,Low
Agra,27.1767,78.0081,79.09543,High
Coimbatore,11.0168,76.9558,91.89286,Critical
Lucknow,26.8467,80.9462,94.39903,Critical
Sundargarh,22.1167,84.0333,4.2520514,Low
Agra,27.1767,78.0081,16.743587,Low
Salem,11.6643,78.146,8.903759,Low
Kanpur Nagar,26.4499,80.3319,43.970467,Low
Pune,18.5204,73.8567,6.922531,Low
Kanpur Nagar,26.4499,80.3319,11.24775,Low
Pune,18.5204,73.8567,9.758451,Low
Nagpur,21.1458,79.0882,6.2562284,Low
Meerut,28.9845,77.7064,83.66272,Critical
Vadodara,22.3072,73.1812,7.110242,Low
Belagavi,15.8497,74.4977,84.30912,Critical
Kanpur Nagar,26.4499,80.3319,90.5087,Critical
Dharwad,15.4589,75.0078,3.8363345,Low
Ahmedabad,23.0225,72.5714,16.327375,Low
Meerut,28.9845,77.7064,19.602522,Low
Nagpur,21.1458,79.0882,5.1919503,Low
Belagavi,15.8497,74.4977,30.81715,Low
Raigad,18.5158,73.1822,89.30806,Critical
Thane,19.2183,72.9781,19.797068,Low
Thane,19.2183,72.9781,3.9134421,Low
Cuttack,20.4625,85.883,11.606569,Low
Nashik,19.9975,73.7898,15.942493,Low
Meerut,28.9845,77.7064,6.1766877,Low
Meerut,28.9845,77.7064,14.219335,Low
Agra,27.1767,78.0081,6.5401816,Low
Agra,27.1767,78.0081,4.8240023,Low
Varanasi,25.3176,82.9739,3.074418,Low
Gautam Buddha Nagar,28.5355,77.391,4.121089,Low
Ganjam,19.3871,84.7919,8.835437,Low
Tumakuru,13.3409,77.101,18.96742,Low
Nashik,19.9975,73.7898,9.976814,Low
Kutch,23.7337,69.8597,7.875241,Low
Lucknow,26.8467,80.9462,10.723957,Low
Belagavi,15.8497,74.4977,9.870332,Low
Meerut,28.9845,77.7064,79.466835,High
Rajkot,22.3039,70.8022,92.07063,Critical
Thane,19.2183,72.9781,33.192883,Low
Aurangabad,19.8762,75.3433,2.3905382,Low
Kutch,23.7337,69.8597,44.124577,Low
Belagavi,15.8497,74.4977,83.19219,Critical
Thane,19.2183,72.9781,6.89402,Low
Vadodara,22.3072,73.1812,4.893878,Low
Balasore,21.4942,86.9317,6.7618117,Low
Ganjam,19.3871,84.7919,5.887845,Low
Agra,27.1767,78.0081,89.00862,Critical
Salem,11.6643,78.146,8.183005,Low
Puri,19.8135,85.8312,83.939186,Critical
Kanpur Nagar,26.4499,80.3319,4.833328,Low
Dharwad,15.4589,75.0078,6.885429,Low
Rajkot,22.3039,70.8022,10.790921,Low
Gautam Buddha Nagar,28.5355,77.391,2.8801453,Low
Kanchipuram,12.8342,79.7036,88.01221,Critical
Dharwad,15.4589,75.0078,12.752639,Low
Nagpur,21.1458,79.0882,20.438547,Low
Rajkot,22.3039,70.8022,9.142169,Low
Khordha,20.1734,85.6745,9.978914,Low
Ganjam,19.3871,84.7919,3.705439,Low
Lucknow,26.8467,80.9462,8.277598,Low
Varanasi,25.3176,82.9739,2.8682373,Low
Agra,27.1767,78.0081,3.5500247,Low
Bengaluru Urban,12.9716,77.5946,9.104509,Low
Sundargarh,22.1167,84.0333,9.217915,Low
Thane,19.2183,72.9781,9.844181,Low
Chennai,13.0827,80.2707,6.847245,Low
Coimbatore,11.0168,76.9558,7.908894,Low
Kanpur Nagar,26.4499,80.3319,91.85376,Critical
Aurangabad,19.8762,75.3433,16.022257,Low
Vadodara,22.3072,73.1812,15.95418,Low
Ahmedabad,23.0225,72.5714,8.20685,Low
Kanchipuram,12.8342,79.7036,5.2661505,Low
Agra,27.1767,78.0081,92.13481,Critical
Gautam Buddha Nagar,28.5355,77.391,9.488918,Low
Gandhinagar,23.2156,72.6369,2.1833026,Low
Meerut,28.9845,77.7064,34.749866,Low
Aurangabad,19.8762,75.3433,87.26778,Critical
Kutch,23.7337,69.8597,6.0600376,Low
Ahmedabad,23.0225,72.5714,7.002531,Low
Pune,18.5204,73.8567,10.537443,Low
Mysuru,12.2958,76.6394,5.4846454,Low
Raigad,18.5158,73.1822,10.485088,Low
Salem,11.6643,78.146,16.990465,Low
Tiruchirappalli,10.7905,78.7047,6.4856515,Low
Khordha,20.1734,85.6745,15.457561,Low
Chennai,13.0827,80.2707,39.788418,Low
Dharwad,15.4589,75.0078,7.372671,Low
Sundargarh,22.1167,84.0333,3.25082,Low
Thane,19.2183,72.9781,21.61368,Low
Chennai,13.0827,80.2707,2.8684378,Low
Vadodara,22.3072,73.1812,23.758307,Low
Thane,19.2183,72.9781,47.5663,Medium
Lucknow,26.8467,80.9462,7.864136,Low
Chennai,13.0827,80.2707,27.489248,Low
Ahmedabad,23.0225,72.5714,3.5427625,Low
Nashik,19.9975,73.7898,85.17381,Critical
Pune,18.5204,73.8567,6.518099,Low
Aurangabad,19.8762,75.3433,5.385584,Low
Khordha,20.1734,85.6745,8.883491,Low
Agra,27.1767,78.0081,19.109818,Low
Sundargarh,22.1167,84.0333,4.495971,Low
Varanasi,25.3176,82.9739,17.433235,Low
Surat,21.1702,72.8311,82.07113,Critical
Surat,21.1702,72.8311,9.658957,Low
Aurangabad,19.8762,75.3433,4.3736434,Low
Kanchipuram,12.8342,79.7036,4.6474004,Low
Agra,27.1767,78.0081,2.2948031,Low
Madurai,9.9252,78.1198,93.90755,Critical
Bengaluru Urban,12.9716,77.5946,26.707348,Low
Kanpur Nagar,26.4499,80.3319,8.253194,Low
Lucknow,26.8467,80.9462,11.256083,Low
Varanasi,25.3176,82.9739,8.499704,Low
Raigad,18.5158,73.1822,90.98861,Critical
Nagpur,21.1458,79.0882,5.922053,Low
Lucknow,26.8467,80.9462,94.06693,Critical
Mangaluru,12.9141,74.856,41.202076,Low
Surat,21.1702,72.8311,6.569656,Low
Belagavi,15.8497,74.4977,86.97849,Critical
Agra,27.1767,78.0081,7.76238,Low
Cuttack,20.4625,85.883,9.759877,Low
Bengaluru Urban,12.9716,77.5946,72.14474,High
Bengaluru Urban,12.9716,77.5946,9.770181,Low
Kutch,23.7337,69.8597,90.30481,Critical
Kanchipuram,12.8342,79.7036,7.1835227,Low
Belagavi,15.8497,74.4977,9.147558,Low
Coimbatore,11.0168,76.9558,11.699498,Low
Ahmedabad,23.0225,72.5714,28.982824,Low
Madurai,9.9252,78.1198,4.936914,Low
Kutch,23.7337,69.8597,88.807434,Critical
Aurangabad,19.8762,75.3433,6.06103,Low
Aurangabad,19.8762,75.3433,11.444027,Low
Madurai,9.9252,78.1198,6.679718,Low
Varanasi,25.3176,82.9739,4.942609,Low
Ganjam,19.3871,84.7919,13.06625,Low
Kanpur Nagar,26.4499,80.3319,75.9224,High
Kutch,23.7337,69.8597,4.8374844,Low
Bengaluru Urban,12.9716,77.5946,10.794442,Low
Varanasi,25.3176,82.9739,7.3337145,Low
Aurangabad,19.8762,75.3433,12.992694,Low
Raigad,18.5158,73.1822,13.689322,Low
Nashik,19.9975,73.7898,89.58477,Critical
Bengaluru Urban,12.9716,77.5946,9.885511,Low
Lucknow,26.8467,80.9462,6.92577,Low
Kanpur Nagar,26.4499,80.3319,9.057219,Low
Nagpur,21.1458,79.0882,6.613484,Low
Gautam Buddha Nagar,28.5355,77.391,91.17063,Critical
Varanasi,25.3176,82.9739,3.5670161,Low
Varanasi,25.3176,82.9739,80.40851,Critical
Puri,19.8135,85.8312,3.6373389,Low
Lucknow,26.8467,80.9462,2.6362798,Low
Ahmedabad,23.0225,72.5714,9.768243,Low
Coimbatore,11.0168,76.9558,7.3658376,Low
Tiruchirappalli,10.7905,78.7047,7.2249384,Low
Surat,21.1702,72.8311,8.155343,Low
Kutch,23.7337,69.8597,12.255083,Low
Tiruchirappalli,10.7905,78.7047,87.38819,Critical
Tumakuru,13.3409,77.101,12.253235,Low
Salem,11.6643,78.146,3.8189683,Low
Mysuru,12.2958,76.6394,84.69879,Critical
Lucknow,26.8467,80.9462,12.820872,Low
Surat,21.1702,72.8311,12.029782,Low
Chennai,13.0827,80.2707,4.9783053,Low
Mysuru,12.2958,76.6394,3.187302,Low
Kanchipuram,12.8342,79.7036,8.218804,Low
Khordha,20.1734,85.6745,17.790022,Low
Mysuru,12.2958,76.6394,20.043669,Low
Chennai,13.0827,80.2707,15.270188,Low
Lucknow,26.8467,80.9462,10.610926,Low
Aurangabad,19.8762,75.3433,88.09805,Critical
Cuttack,20.4625,85.883,7.9341106,Low
Mysuru,12.2958,76.6394,8.2522545,Low
Kanchipuram,12.8342,79.7036,83.53578,Critical
Aurangabad,19.8762,75.3433,3.6785598,Low
Vadodara,22.3072,73.1812,18.177275,Low
Kanpur Nagar,26.4499,80.3319,88.59173,Critical
Meerut,28.9845,77.7064,82.41052,Critical
Nashik,19.9975,73.7898,54.023754,Medium
Chennai,13.0827,80.2707,4.712252,Low
Agra,27.1767,78.0081,15.385337,Low
Pune,18.5204,73.8567,3.7246149,Low
Coimbatore,11.0168,76.9558,14.020826,Low
Meerut,28.9845,77.7064,10.159828,Low
Mangaluru,12.9141,74.856,82.53561,Critical
Bengaluru Urban,12.9716,77.5946,4.2021422,Low
Madurai,9.9252,78.1198,18.357014,Low
Raigad,18.5158,73.1822,5.1828723,Low
Puri,19.8135,85.8312,40.96793,Low
Dharwad,15.4589,75.0078,5.398246,Low
Mysuru,12.2958,76.6394,42.48506,Low
Aurangabad,19.8762,75.3433,4.7285275,Low
Coimbatore,11.0168,76.9558,5.362837,Low
Cuttack,20.4625,85.883,7.6440954,Low
Dharwad,15.4589,75.0078,6.023838,Low
Rajkot,22.3039,70.8022,3.9714985,Low
Kanpur Nagar,26.4499,80.3319,5.3164907,Low
Pune,18.5204,73.8567,8.883776,Low
Thane,19.2183,72.9781,5.4697948,Low
Nashik,19.9975,73.7898,4.7155867,Low
Coimbatore,11.0168,76.9558,14.054768,Low
Kanpur Nagar,26.4499,80.3319,28.487703,Low
Aurangabad,19.8762,75.3433,12.203021,Low
Kutch,23.7337,69.8597,10.150122,Low
Nashik,19.9975,73.7898,83.37539,Critical
Varanasi,25.3176,82.9739,7.7119646,Low
Varanasi,25.3176,82.9739,86.66788,Critical
Raigad,18.5158,73.1822,5.42552,Low
Gandhinagar,23.2156,72.6369,8.2761,Low
Pune,18.5204,73.8567,87.759605,Critical
Kanpur Nagar,26.4499,80.3319,10.0617285,Low
Dharwad,15.4589,75.0078,8.718938,Low
Lucknow,26.8467,80.9462,4.751121,Low
Pune,18.5204,73.8567,3.2992594,Low
Lucknow,26.8467,80.9462,2.9555478,Low
Bengaluru Urban,12.9716,77.5946,10.224544,Low
Kanpur Nagar,26.4499,80.3319,5.9276586,Low
Madurai,9.9252,78.1198,82.22097,Critical
Ahmedabad,23.0225,72.5714,8.082657,Low
Cuttack,20.4625,85.883,2.5068142,Low
Pune,18.5204,73.8567,91.15909,Critical
Gandhinagar,23.2156,72.6369,2.710635,Low
Nagpur,21.1458,79.0882,5.5958652,Low
Chennai,13.0827,80.2707,10.99543,Low
Belagavi,15.8497,74.4977,4.793031,Low
Puri,19.8135,85.8312,8.962134,Low
Kanpur Nagar,26.4499,80.3319,30.51422,Low
Rajkot,22.3039,70.8022,8.678884,Low
Salem,11.6643,78.146,4.9045744,Low
Kanchipuram,12.8342,79.7036,79.47286,High
Thane,19.2183,72.9781,4.0665464,Low
Belagavi,15.8497,74.4977,85.31083,Critical
Puri,19.8135,85.8312,6.086917,Low
Ahmedabad,23.0225,72.5714,82.61142,Critical
Puri,19.8135,85.8312,8.8663025,Low
Kanpur Nagar,26.4499,80.3319,5.3516665,Low
Coimbatore,11.0168,76.9558,9.079128,Low
Tumakuru,13.3409,77.101,11.597938,Low
Mangaluru,12.9141,74.856,82.60073,Critical
Kanchipuram,12.8342,79.7036,6.8430605,Low
Bengaluru Urban,12.9716,77.5946,6.53016,Low
Ahmedabad,23.0225,72.5714,85.61733,Critical
Belagavi,15.8497,74.4977,82.447235,Critical
Varanasi,25.3176,82.9739,4.037556,Low
Pune,18.5204,73.8567,23.641325,Low
Chennai,13.0827,80.2707,35.707058,Low
Mangaluru,12.9141,74.856,7.1890965,Low
Raigad,18.5158,73.1822,87.11185,Critical
Belagavi,15.8497,74.4977,6.25723,Low
Khordha,20.1734,85.6745,4.099614,Low
Tumakuru,13.3409,77.101,86.913055,Critical
Chennai,13.0827,80.2707,6.471885,Low
Agra,27.1767,78.0081,11.516582,Low
Vadodara,22.3072,73.1812,7.1281447,Low
Khordha,20.1734,85.6745,84.05017,Critical
Thane,19.2183,72.9781,13.365398,Low
Nagpur,21.1458,79.0882,27.709467,Low
Belagavi,15.8497,74.4977,80.928085,Critical
Tiruchirappalli,10.7905,78.7047,25.852861,Low
Meerut,28.9845,77.7064,12.185878,Low
Mangaluru,12.9141,74.856,28.920517,Low
Nashik,19.9975,73.7898,16.455286,Low
Bengaluru Urban,12.9716,77.5946,5.803124,Low
Vadodara,22.3072,73.1812,11.154026,Low
Balasore,21.4942,86.9317,7.3982515,Low
Gautam Buddha Nagar,28.5355,77.391,9.22249,Low
Madurai,9.9252,78.1198,18.046928,Low
Nashik,19.9975,73.7898,20.48915,Low
Rajkot,22.3039,70.8022,12.532899,Low
Lucknow,26.8467,80.9462,7.7045345,Low
Tiruchirappalli,10.7905,78.7047,5.8831873,Low
Sundargarh,22.1167,84.0333,9.648823,Low
Khordha,20.1734,85.6745,2.4572642,Low
Ganjam,19.3871,84.7919,9.413507,Low
Chennai,13.0827,80.2707,4.849709,Low
Bengaluru Urban,12.9716,77.5946,5.601161,Low
Salem,11.6643,78.146,15.057715,Low
Balasore,21.4942,86.9317,89.06626,Critical
Pune,18.5204,73.8567,92.42296,Critical
Gautam Buddha Nagar,28.5355,77.391,6.2527843,Low
Kanchipuram,12.8342,79.7036,11.210341,Low
Pune,18.5204,73.8567,10.471889,Low
Nashik,19.9975,73.7898,12.434379,Low
Chennai,13.0827,80.2707,8.361164,Low
Nashik,19.9975,73.7898,4.9864845,Low
Agra,27.1767,78.0081,4.3857923,Low
Rajkot,22.3039,70.8022,12.927194,Low
Aurangabad,19.8762,75.3433,11.657747,Low
Tiruchirappalli,10.7905,78.7047,4.9064193,Low
Salem,11.6643,78.146,14.474322,Low
Lucknow,26.8467,80.9462,84.32091,Critical
Nagpur,21.1458,79.0882,85.85869,Critical
Agra,27.1767,78.0081,11.361576,Low
Ahmedabad,23.0225,72.5714,8.171571,Low
Lucknow,26.8467,80.9462,13.34247,Low
Pune,18.5204,73.8567,41.34003,Low
Agra,27.1767,78.0081,2.7790308,Low
Salem,11.6643,78.146,4.1826534,Low
Puri,19.8135,85.8312,12.006626,Low
Varanasi,25.3176,82.9739,79.84609,High
Agra,27.1767,78.0081,44.775627,Low
Pune,18.5204,73.8567,8.523413,Low
Cuttack,20.4625,85.883,4.5630074,Low
Rajkot,22.3039,70.8022,43.598717,Low
Puri,19.8135,85.8312,6.141141,Low
Gautam Buddha Nagar,28.5355,77.391,76.73889,High
Ganjam,19.3871,84.7919,6.036107,Low
Vadodara,22.3072,73.1812,80.58157,Critical
Varanasi,25.3176,82.9739,2.6254582,Low
Thane,19.2183,72.9781,6.4076715,Low
Nashik,19.9975,73.7898,88.99352,Critical
Kanpur Nagar,26.4499,80.3319,9.999828,Low
Chennai,13.0827,80.2707,12.908981,Low
Cuttack,20.4625,85.883,4.951431,Low
Kanpur Nagar,26.4499,80.3319,4.381967,Low
Bengaluru Urban,12.9716,77.5946,13.963728,Low
Gautam Buddha Nagar,28.5355,77.391,89.132034,Critical
Belagavi,15.8497,74.4977,11.936992,Low
Tumakuru,13.3409,77.101,89.494965,Critical
Varanasi,25.3176,82.9739,8.625231,Low
Agra,27.1767,78.0081,87.78616,Critical
Kutch,23.7337,69.8597,40.552902,Low
Lucknow,26.8467,80.9462,12.779606,Low
Mangaluru,12.9141,74.856,11.625091,Low
Varanasi,25.3176,82.9739,10.444971,Low
Cuttack,20.4625,85.883,4.285591,Low
Rajkot,22.3039,70.8022,3.4862847,Low
Nashik,19.9975,73.7898,86.36778,Critical
Kanpur Nagar,26.4499,80.3319,15.039936,Low
Nashik,19.9975,73.7898,6.2015066,Low
Chennai,13.0827,80.2707,8.431589,Low
Thane,19.2183,72.9781,33.409653,Low
Dharwad,15.4589,75.0078,12.479906,Low
Ahmedabad,23.0225,72.5714,9.444913,Low
Kanchipuram,12.8342,79.7036,88.23765,Critical
Varanasi,25.3176,82.9739,6.6399865,Low
Salem,11.6643,78.146,5.8197136,Low
Surat,21.1702,72.8311,10.982151,Low
Varanasi,25.3176,82.9739,78.90891,High
Madurai,9.9252,78.1198,19.518095,Low
Mangaluru,12.9141,74.856,14.817106,Low
Gautam Buddha Nagar,28.5355,77.391,4.557213,Low
Coimbatore,11.0168,76.9558,7.48477,Low
Ahmedabad,23.0225,72.5714,38.83994,Low
Tumakuru,13.3409,77.101,10.261045,Low
Pune,18.5204,73.8567,21.42745,Low
Khordha,20.1734,85.6745,5.2642627,Low
Agra,27.1767,78.0081,86.85505,Critical
Raigad,18.5158,73.1822,24.107224,Low
Sundargarh,22.1167,84.0333,6.4113193,Low
Sundargarh,22.1167,84.0333,9.437493,Low
Kanpur Nagar,26.4499,80.3319,5.148308,Low
Meerut,28.9845,77.7064,79.726555,High
Gautam Buddha Nagar,28.5355,77.391,11.010426,Low
Khordha,20.1734,85.6745,13.245852,Low
Salem,11.6643,78.146,7.95042,Low
Agra,27.1767,78.0081,81.43857,Critical
Balasore,21.4942,86.9317,4.3658934,Low
Tumakuru,13.3409,77.101,7.5352974,Low
Nagpur,21.1458,79.0882,92.36294,Critical
Sundargarh,22.1167,84.0333,4.928465,Low
Tumakuru,13.3409,77.101,4.9952393,Low
Agra,27.1767,78.0081,7.228218,Low
Salem,11.6643,78.146,8.114577,Low
Tumakuru,13.3409,77.101,7.495561,Low
Lucknow,26.8467,80.9462,76.46829,High
Mangaluru,12.9141,74.856,86.00164,Critical
Vadodara,22.3072,73.1812,9.839072,Low
Varanasi,25.3176,82.9739,8.355057,Low
Coimbatore,11.0168,76.9558,3.3420496,Low
Dharwad,15.4589,75.0078,76.386246,High
Chennai,13.0827,80.2707,12.473827,Low
Meerut,28.9845,77.7064,82.85496,Critical
Dharwad,15.4589,75.0078,10.08141,Low
Kanpur Nagar,26.4499,80.3319,17.23178,Low
Nashik,19.9975,73.7898,11.454725,Low
Lucknow,26.8467,80.9462,11.6159115,Low
Raigad,18.5158,73.1822,5.8937225,Low
Bengaluru Urban,12.9716,77.5946,86.91733,Critical
Kutch,23.7337,69.8597,3.672047,Low
Nagpur,21.1458,79.0882,16.870256,Low
Kanpur Nagar,26.4499,80.3319,6.945361,Low
Tiruchirappalli,10.7905,78.7047,83.36589,Critical
Varanasi,25.3176,82.9739,3.8001087,Low
Belagavi,15.8497,74.4977,9.02501,Low
Khordha,20.1734,85.6745,9.480328,Low
Kanpur Nagar,26.4499,80.3319,5.3150373,Low
Balasore,21.4942,86.9317,91.81881,Critical
Kutch,23.7337,69.8597,89.28791,Critical
Mysuru,12.2958,76.6394,14.938779,Low
Aurangabad,19.8762,75.3433,7.4052343,Low
Meerut,28.9845,77.7064,82.607025,Critical
Sundargarh,22.1167,84.0333,11.8246355,Low
Surat,21.1702,72.8311,7.35251,Low
Lucknow,26.8467,80.9462,75.0325,High
Sundargarh,22.1167,84.0333,6.337015,Low
Pune,18.5204,73.8567,9.6833105,Low
Tumakuru,13.3409,77.101,13.665337,Low
Thane,19.2183,72.9781,5.3890986,Low
Mangaluru,12.9141,74.856,24.956802,Low
Belagavi,15.8497,74.4977,6.704638,Low
Aurangabad,19.8762,75.3433,41.078014,Low
Kanpur Nagar,26.4499,80.3319,9.83914,Low
Pune,18.5204,73.8567,12.332023,Low
Vadodara,22.3072,73.1812,94.032295,Critical
Rajkot,22.3039,70.8022,42.286907,Low
Coimbatore,11.0168,76.9558,4.572016,Low
Pune,18.5204,73.8567,55.543495,Medium
Raigad,18.5158,73.1822,6.552612,Low
Pune,18.5204,73.8567,3.1366441,Low
Coimbatore,11.0168,76.9558,86.45181,Critical
Cuttack,20.4625,85.883,3.9442008,Low
Aurangabad,19.8762,75.3433,9.121572,Low
Lucknow,26.8467,80.9462,24.10511,Low
Varanasi,25.3176,82.9739,7.9274216,Low
Coimbatore,11.0168,76.9558,6.606261,Low
Lucknow,26.8467,80.9462,24.176525,Low
Chennai,13.0827,80.2707,7.052198,Low
Balasore,21.4942,86.9317,8.072986,Low
Ganjam,19.3871,84.7919,6.464155,Low
Tumakuru,13.3409,77.101,83.50202,Critical
Belagavi,15.8497,74.4977,76.35769,High
Vadodara,22.3072,73.1812,10.873047,Low
Khordha,20.1734,85.6745,5.5786223,Low
Agra,27.1767,78.0081,14.778946,Low
Lucknow,26.8467,80.9462,39.036972,Low
Ganjam,19.3871,84.7919,8.623551,Low
Varanasi,25.3176,82.9739,88.59475,Critical
Thane,19.2183,72.9781,8.294966,Low
Tumakuru,13.3409,77.101,12.742011,Low
Meerut,28.9845,77.7064,16.8467,Low
Mangaluru,12.9141,74.856,20.72825,Low
Ahmedabad,23.0225,72.5714,12.863149,Low
Gandhinagar,23.2156,72.6369,19.69667,Low
Aurangabad,19.8762,75.3433,14.67305,Low
Gandhinagar,23.2156,72.6369,78.07496,High
Balasore,21.4942,86.9317,3.7221096,Low
Pune,18.5204,73.8567,87.52067,Critical
Gautam Buddha Nagar,28.5355,77.391,4.6513224,Low
Ganjam,19.3871,84.7919,3.4351609,Low
Mangaluru,12.9141,74.856,89.65787,Critical
Kutch,23.7337,69.8597,16.641722,Low
Tiruchirappalli,10.7905,78.7047,14.297685,Low
Agra,27.1767,78.0081,11.162291,Low
Lucknow,26.8467,80.9462,5.883467,Low
Raigad,18.5158,73.1822,22.59422,Low
Meerut,28.9845,77.7064,5.631984,Low
Meerut,28.9845,77.7064,9.429018,Low
Dharwad,15.4589,75.0078,17.852295,Low
Ahmedabad,23.0225,72.5714,79.38955,High
Ganjam,19.3871,84.7919,87.4619,Critical
Vadodara,22.3072,73.1812,8.828239,Low
Ahmedabad,23.0225,72.5714,22.963724,Low
Madurai,9.9252,78.1198,17.662617,Low
Agra,27.1767,78.0081,13.848586,Low
Kanpur Nagar,26.4499,80.3319,3.9385986,Low
Bengaluru Urban,12.9716,77.5946,84.29997,Critical
Coimbatore,11.0168,76.9558,28.065296,Low
Raigad,18.5158,73.1822,3.8227804,Low
Mysuru,12.2958,76.6394,11.486473,Low
Kutch,23.7337,69.8597,21.706806,Low
Ahmedabad,23.0225,72.5714,82.49865,Critical
Tiruchirappalli,10.7905,78.7047,33.19706,Low
Surat,21.1702,72.8311,85.721245,Critical
Nashik,19.9975,73.7898,7.9040723,Low
Belagavi,15.8497,74.4977,80.264595,Critical
Raigad,18.5158,73.1822,39.940746,Low
Ganjam,19.3871,84.7919,8.067839,Low
Dharwad,15.4589,75.0078,8.513,Low
Gautam Buddha Nagar,28.5355,77.391,2.5816026,Low
Dharwad,15.4589,75.0078,7.691827,Low
Raigad,18.5158,73.1822,5.695022,Low
Gautam Buddha Nagar,28.5355,77.391,9.179718,Low
Thane,19.2183,72.9781,85.7408,Critical
Gautam Buddha Nagar,28.5355,77.391,4.3115554,Low
Agra,27.1767,78.0081,10.176131,Low
Thane,19.2183,72.9781,7.852935,Low
Kanpur Nagar,26.4499,80.3319,5.1271806,Low
Tiruchirappalli,10.7905,78.7047,8.066717,Low
Surat,21.1702,72.8311,4.019513,Low
Chennai,13.0827,80.2707,10.36329,Low
Khordha,20.1734,85.6745,12.372643,Low
Sundargarh,22.1167,84.0333,3.408721,Low
Kutch,23.7337,69.8597,84.86494,Critical
Vadodara,22.3072,73.1812,87.582924,Critical
Khordha,20.1734,85.6745,7.078004,Low
Sundargarh,22.1167,84.0333,6.595449,Low
Kutch,23.7337,69.8597,3.507858,Low
Nagpur,21.1458,79.0882,9.6064205,Low
Gandhinagar,23.2156,72.6369,92.95979,Critical
Kanpur Nagar,26.4499,80.3319,86.84059,Critical
Agra,27.1767,78.0081,6.0317745,Low
Ganjam,19.3871,84.7919,11.981857,Low
Cuttack,20.4625,85.883,4.4921885,Low
Khordha,20.1734,85.6745,12.217739,Low
Tumakuru,13.3409,77.101,8.048601,Low
Sundargarh,22.1167,84.0333,11.0235815,Low
Kutch,23.7337,69.8597,4.894002,Low
Khordha,20.1734,85.6745,11.770734,Low
Rajkot,22.3039,70.8022,28.55312,Low
Vadodara,22.3072,73.1812,12.2322,Low
Raigad,18.5158,73.1822,17.575392,Low
Madurai,9.9252,78.1198,92.17851,Critical
Gandhinagar,23.2156,72.6369,28.108809,Low
Ganjam,19.3871,84.7919,20.761229,Low
Khordha,20.1734,85.6745,8.75502,Low
Puri,19.8135,85.8312,41.084343,Low
Rajkot,22.3039,70.8022,6.2787943,Low
Bengaluru Urban,12.9716,77.5946,11.875575,Low
Nashik,19.9975,73.7898,17.738335,Low
Agra,27.1767,78.0081,7.8358436,Low
Raigad,18.5158,73.1822,16.46804,Low
Nashik,19.9975,73.7898,2.832809,Low
Rajkot,22.3039,70.8022,69.696106,High
Pune,18.5204,73.8567,12.265142,Low
Puri,19.8135,85.8312,10.404927,Low
Belagavi,15.8497,74.4977,6.3769894,Low
Nashik,19.9975,73.7898,85.204994,Critical
Aurangabad,19.8762,75.3433,14.573717,Low
Aurangabad,19.8762,75.3433,12.699429,Low
Varanasi,25.3176,82.9739,7.353826,Low
Kanchipuram,12.8342,79.7036,11.944852,Low
Surat,21.1702,72.8311,6.31591,Low
Vadodara,22.3072,73.1812,7.687619,Low
Bengaluru Urban,12.9716,77.5946,5.4863586,Low
Varanasi,25.3176,82.9739,6.673194,Low
Khordha,20.1734,85.6745,82.98298,Critical
Salem,11.6643,78.146,8.70839,Low
Meerut,28.9845,77.7064,35.443653,Low
Pune,18.5204,73.8567,7.6234074,Low
Dharwad,15.4589,75.0078,3.666485,Low
Bengaluru Urban,12.9716,77.5946,3.6552463,Low
Kutch,23.7337,69.8597,6.4290786,Low
Lucknow,26.8467,80.9462,5.9117575,Low
Pune,18.5204,73.8567,6.3545914,Low
Raigad,18.5158,73.1822,5.044156,Low
Pune,18.5204,73.8567,4.8405805,Low
Mangaluru,12.9141,74.856,8.983133,Low
Kanpur Nagar,26.4499,80.3319,17.202038,Low
Khordha,20.1734,85.6745,14.163881,Low
Madurai,9.9252,78.1198,11.250873,Low
Pune,18.5204,73.8567,6.755336,Low
Chennai,13.0827,80.2707,12.503393,Low
Lucknow,26.8467,80.9462,2.3697307,Low
Nashik,19.9975,73.7898,8.536854,Low
Tumakuru,13.3409,77.101,4.379931,Low
Chennai,13.0827,80.2707,15.587822,Low
Surat,21.1702,72.8311,74.03384,High
Gautam Buddha Nagar,28.5355,77.391,7.158798,Low
Pune,18.5204,73.8567,24.134024,Low
Tumakuru,13.3409,77.101,1.3498074,Low
Surat,21.1702,72.8311,7.978014,Low
Surat,21.1702,72.8311,5.523197,Low
Pune,18.5204,73.8567,7.9279475,Low
Bengaluru Urban,12.9716,77.5946,8.446585,Low
Mangaluru,12.9141,74.856,19.234371,Low
Cuttack,20.4625,85.883,91.1357,Critical
Tumakuru,13.3409,77.101,13.301861,Low
Cuttack,20.4625,85.883,8.2181425,Low
Mysuru,12.2958,76.6394,7.683105,Low
Thane,19.2183,72.9781,3.239582,Low
Gautam Buddha Nagar,28.5355,77.391,88.828415,Critical
Varanasi,25.3176,82.9739,5.7269783,Low
Raigad,18.5158,73.1822,9.730241,Low
Ahmedabad,23.0225,72.5714,6.8139873,Low
Surat,21.1702,72.8311,80.5795,Critical
Dharwad,15.4589,75.0078,4.9884024,Low
Raigad,18.5158,73.1822,13.368779,Low
Sundargarh,22.1167,84.0333,2.2896295,Low
Varanasi,25.3176,82.9739,6.5763884,Low
Nashik,19.9975,73.7898,35.83846,Low
Meerut,28.9845,77.7064,3.5134263,Low
Gautam Buddha Nagar,28.5355,77.391,10.151983,Low
Rajkot,22.3039,70.8022,85.511246,Critical
Kanpur Nagar,26.4499,80.3319,86.90091,Critical
Sundargarh,22.1167,84.0333,5.238004,Low
Surat,21.1702,72.8311,6.7404323,Low
Balasore,21.4942,86.9317,3.5025694,Low
Gautam Buddha Nagar,28.5355,77.391,4.232468,Low
Kanpur Nagar,26.4499,80.3319,13.658103,Low
Pune,18.5204,73.8567,41.32462,Low
Meerut,28.9845,77.7064,3.3118277,Low
Balasore,21.4942,86.9317,5.5392423,Low
Madurai,9.9252,78.1198,10.7237625,Low
Gautam Buddha Nagar,28.5355,77.391,5.18993,Low
Gautam Buddha Nagar,28.5355,77.391,89.96456,Critical
Bengaluru Urban,12.9716,77.5946,1.7308471,Low
Varanasi,25.3176,82.9739,6.2826023,Low
Lucknow,26.8467,80.9462,6.6237807,Low
Lucknow,26.8467,80.9462,14.471941,Low
Coimbatore,11.0168,76.9558,9.981666,Low
Meerut,28.9845,77.7064,58.41411,Medium
Varanasi,25.3176,82.9739,4.4475093,Low
Ahmedabad,23.0225,72.5714,23.237934,Low
Kutch,23.7337,69.8597,5.0306625,Low
Varanasi,25.3176,82.9739,82.43763,Critical
Madurai,9.9252,78.1198,29.402987,Low
Nagpur,21.1458,79.0882,5.747158,Low
Agra,27.1767,78.0081,87.79781,Critical
Kanchipuram,12.8342,79.7036,8.394018,Low
Agra,27.1767,78.0081,7.3867245,Low
Agra,27.1767,78.0081,4.650352,Low
Mangaluru,12.9141,74.856,14.31165,Low
Varanasi,25.3176,82.9739,12.088235,Low
Dharwad,15.4589,75.0078,94.4088,Critical
Thane,19.2183,72.9781,8.835308,Low
Bengaluru Urban,12.9716,77.5946,5.728374,Low
Ahmedabad,23.0225,72.5714,90.2056,Critical
Dharwad,15.4589,75.0078,6.0661035,Low
Nagpur,21.1458,79.0882,5.9264526,Low
Ganjam,19.3871,84.7919,9.396123,Low
Pune,18.5204,73.8567,81.325096,Critical
Kutch,23.7337,69.8597,9.297318,Low
Thane,19.2183,72.9781,7.387299,Low
Puri,19.8135,85.8312,13.342063,Low
Tiruchirappalli,10.7905,78.7047,35.965557,Low
Aurangabad,19.8762,75.3433,16.283545,Low
Kutch,23.7337,69.8597,11.590077,Low
Meerut,28.9845,77.7064,5.1132445,Low
Varanasi,25.3176,82.9739,2.0922766,Low
Khordha,20.1734,85.6745,36.749485,Low
Tumakuru,13.3409,77.101,4.034702,Low
Madurai,9.9252,78.1198,85.96438,Critical
Thane,19.2183,72.9781,10.165283,Low
Dharwad,15.4589,75.0078,3.6229331,Low
Raigad,18.5158,73.1822,22.298565,Low
Aurangabad,19.8762,75.3433,8.527093,Low
Meerut,28.9845,77.7064,93.34999,Critical
Kutch,23.7337,69.8597,12.451814,Low
Tumakuru,13.3409,77.101,52.135094,Medium
Belagavi,15.8497,74.4977,5.9841814,Low
Tumakuru,13.3409,77.101,6.1455083,Low
Belagavi,15.8497,74.4977,44.59131,Low
Khordha,20.1734,85.6745,18.237404,Low
Rajkot,22.3039,70.8022,16.815788,Low
Mangaluru,12.9141,74.856,86.00603,Critical
Nashik,19.9975,73.7898,83.92557,Critical
Raigad,18.5158,73.1822,7.999289,Low
Dharwad,15.4589,75.0078,4.6798444,Low
Bengaluru Urban,12.9716,77.5946,6.822648,Low
Aurangabad,19.8762,75.3433,39.46971,Low
Thane,19.2183,72.9781,78.27776,High
Khordha,20.1734,85.6745,14.79457,Low
Mysuru,12.2958,76.6394,9.985029,Low
Dharwad,15.4589,75.0078,16.75029,Low
Surat,21.1702,72.8311,3.4083295,Low
Agra,27.1767,78.0081,5.058183,Low
Gandhinagar,23.2156,72.6369,21.012161,Low
Khordha,20.1734,85.6745,84.8783,Critical
Thane,19.2183,72.9781,8.472409,Low
Agra,27.1767,78.0081,24.967154,Low
Varanasi,25.3176,82.9739,4.6235538,Low
Gandhinagar,23.2156,72.6369,11.976778,Low
Balasore,21.4942,86.9317,4.3426147,Low
Gautam Buddha Nagar,28.5355,77.391,9.083381,Low
Thane,19.2183,72.9781,3.8786101,Low
Varanasi,25.3176,82.9739,7.245518,Low
Chennai,13.0827,80.2707,84.820015,Critical
Tiruchirappalli,10.7905,78.7047,4.522716,Low
Aurangabad,19.8762,75.3433,11.103263,Low
Bengaluru Urban,12.9716,77.5946,13.920775,Low
Nashik,19.9975,73.7898,7.7238636,Low
Meerut,28.9845,77.7064,3.232516,Low
Kutch,23.7337,69.8597,7.708911,Low
Madurai,9.9252,78.1198,91.41607,Critical
Aurangabad,19.8762,75.3433,9.418268,Low
Khordha,20.1734,85.6745,80.50833,Critical
Tumakuru,13.3409,77.101,92.48264,Critical
Kutch,23.7337,69.8597,5.6908045,Low
Nashik,19.9975,73.7898,79.19296,High
Tiruchirappalli,10.7905,78.7047,15.381577,Low
Gandhinagar,23.2156,72.6369,10.775025,Low
Tiruchirappalli,10.7905,78.7047,84.76425,Critical
Cuttack,20.4625,85.883,56.716274,Medium
Agra,27.1767,78.0081,4.3780384,Low
Varanasi,25.3176,82.9739,6.822332,Low
Thane,19.2183,72.9781,6.754274,Low
Bengaluru Urban,12.9716,77.5946,7.93181,Low
Gandhinagar,23.2156,72.6369,87.63365,Critical
Kanpur Nagar,26.4499,80.3319,5.9417014,Low
Vadodara,22.3072,73.1812,4.8503366,Low
Kanchipuram,12.8342,79.7036,7.5507016,Low
Gautam Buddha Nagar,28.5355,77.391,9.157983,Low
Nagpur,21.1458,79.0882,85.834816,Critical
Tumakuru,13.3409,77.101,8.244781,Low
Raigad,18.5158,73.1822,39.118343,Low
Tumakuru,13.3409,77.101,11.53324,Low
Gautam Buddha Nagar,28.5355,77.391,6.939193,Low
Tiruchirappalli,10.7905,78.7047,7.133578,Low
Thane,19.2183,72.9781,16.092924,Low
Gautam Buddha Nagar,28.5355,77.391,2.423022,Low
Meerut,28.9845,77.7064,84.60016,Critical
Sundargarh,22.1167,84.0333,8.477856,Low
Kanpur Nagar,26.4499,80.3319,79.997345,High
Belagavi,15.8497,74.4977,7.4320517,Low
Tumakuru,13.3409,77.101,80.72189,Critical
Aurangabad,19.8762,75.3433,5.2168627,Low
Varanasi,25.3176,82.9739,9.888985,Low
Gautam Buddha Nagar,28.5355,77.391,13.902788,Low
Khordha,20.1734,85.6745,7.4955745,Low
Thane,19.2183,72.9781,5.458328,Low
Balasore,21.4942,86.9317,4.764444,Low
Bengaluru Urban,12.9716,77.5946,2.4202857,Low
Rajkot,22.3039,70.8022,7.3007555,Low
Gautam Buddha Nagar,28.5355,77.391,5.583543,Low
Salem,11.6643,78.146,22.92504,Low
Khordha,20.1734,85.6745,5.535815,Low
Ahmedabad,23.0225,72.5714,6.4145164,Low
Belagavi,15.8497,74.4977,17.141968,Low
Kutch,23.7337,69.8597,16.84706,Low
Gandhinagar,23.2156,72.6369,74.59389,High
Ganjam,19.3871,84.7919,6.122452,Low
Bengaluru Urban,12.9716,77.5946,9.38992,Low
Lucknow,26.8467,80.9462,79.82714,High
Dharwad,15.4589,75.0078,9.46004,Low
Tumakuru,13.3409,77.101,19.735,Low
Varanasi,25.3176,82.9739,79.15676,High
Bengaluru Urban,12.9716,77.5946,8.794924,Low
Lucknow,26.8467,80.9462,9.276705,Low
Gandhinagar,23.2156,72.6369,7.5428843,Low
Tiruchirappalli,10.7905,78.7047,84.075676,Critical
Madurai,9.9252,78.1198,8.228815,Low
Tumakuru,13.3409,77.101,31.828764,Low
Sundargarh,22.1167,84.0333,10.704865,Low
Aurangabad,19.8762,75.3433,3.199319,Low
Thane,19.2183,72.9781,15.480696,Low
Aurangabad,19.8762,75.3433,7.9285116,Low
Madurai,9.9252,78.1198,5.562231,Low
Aurangabad,19.8762,75.3433,5.175182,Low
Meerut,28.9845,77.7064,10.162958,Low
Sundargarh,22.1167,84.0333,6.61399,Low
Gautam Buddha Nagar,28.5355,77.391,82.99187,Critical
Bengaluru Urban,12.9716,77.5946,11.926343,Low
Lucknow,26.8467,80.9462,11.116662,Low
Thane,19.2183,72.9781,3.6687038,Low
Kanpur Nagar,26.4499,80.3319,5.5163264,Low
Ahmedabad,23.0225,72.5714,13.415866,Low
Rajkot,22.3039,70.8022,7.3480954,Low
Rajkot,22.3039,70.8022,9.7116585,Low
Varanasi,25.3176,82.9739,4.4364905,Low
Surat,21.1702,72.8311,14.673903,Low
Varanasi,25.3176,82.9739,2.3988068,Low
Tumakuru,13.3409,77.101,10.877382,Low
Tumakuru,13.3409,77.101,32.01198,Low
Meerut,28.9845,77.7064,7.1445622,Low
Surat,21.1702,72.8311,16.474405,Low
Lucknow,26.8467,80.9462,2.2074986,Low
Balasore,21.4942,86.9317,3.5201344,Low
Salem,11.6643,78.146,3.8477056,Low
Sundargarh,22.1167,84.0333,3.6827724,Low
Mysuru,12.2958,76.6394,6.7995243,Low
Salem,11.6643,78.146,5.8680153,Low
Gandhinagar,23.2156,72.6369,6.0760393,Low
Rajkot,22.3039,70.8022,22.975649,Low
Puri,19.8135,85.8312,76.23101,High
Cuttack,20.4625,85.883,8.7444935,Low
Kanpur Nagar,26.4499,80.3319,3.2687604,Low
Ganjam,19.3871,84.7919,32.45549,Low
Madurai,9.9252,78.1198,86.67916,Critical
Salem,11.6643,78.146,19.373524,Low
Varanasi,25.3176,82.9739,5.5896664,Low
Nagpur,21.1458,79.0882,6.8035216,Low
Tiruchirappalli,10.7905,78.7047,6.9329424,Low
Belagavi,15.8497,74.4977,11.791981,Low
Ahmedabad,23.0225,72.5714,6.8703995,Low
Meerut,28.9845,77.7064,15.660043,Low
Rajkot,22.3039,70.8022,5.9605546,Low
Madurai,9.9252,78.1198,9.054788,Low
Gautam Buddha Nagar,28.5355,77.391,6.2643914,Low
Dharwad,15.4589,75.0078,6.883865,Low
Varanasi,25.3176,82.9739,5.426453,Low
Coimbatore,11.0168,76.9558,26.840427,Low
Surat,21.1702,72.8311,16.399803,Low
Salem,11.6643,78.146,13.370583,Low
Rajkot,22.3039,70.8022,5.8277,Low
Ahmedabad,23.0225,72.5714,7.410501,Low
Pune,18.5204,73.8567,93.497505,Critical
Vadodara,22.3072,73.1812,5.461892,Low
Salem,11.6643,78.146,87.5578,Critical
Cuttack,20.4625,85.883,78.00231,High
Dharwad,15.4589,75.0078,10.176263,Low
Nashik,19.9975,73.7898,78.157295,High
Nashik,19.9975,73.7898,11.837081,Low
Tumakuru,13.3409,77.101,11.647591,Low
Bengaluru Urban,12.9716,77.5946,9.029235,Low
Cuttack,20.4625,85.883,5.1184106,Low
Surat,21.1702,72.8311,87.89399,Critical
Aurangabad,19.8762,75.3433,93.41837,Critical
Varanasi,25.3176,82.9739,8.821343,Low
Lucknow,26.8467,80.9462,88.71911,Critical
Aurangabad,19.8762,75.3433,6.7581525,Low
Dharwad,15.4589,75.0078,7.765896,Low
Rajkot,22.3039,70.8022,36.028145,Low
Salem,11.6643,78.146,82.17846,Critical
Salem,11.6643,78.146,5.2740207,Low
Ganjam,19.3871,84.7919,20.676247,Low
Pune,18.5204,73.8567,93.142395,Critical
Surat,21.1702,72.8311,10.612098,Low
Mysuru,12.2958,76.6394,9.344212,Low
Varanasi,25.3176,82.9739,11.69734,Low
Nashik,19.9975,73.7898,9.5291605,Low
Kutch,23.7337,69.8597,86.51052,Critical
Coimbatore,11.0168,76.9558,92.30969,Critical
Surat,21.1702,72.8311,5.70763,Low
Madurai,9.9252,78.1198,96.18612,Critical
Nashik,19.9975,73.7898,10.573173,Low
Sundargarh,22.1167,84.0333,4.273694,Low
Varanasi,25.3176,82.9739,85.680504,Critical
Nagpur,21.1458,79.0882,30.356989,Low
Rajkot,22.3039,70.8022,13.479855,Low
Madurai,9.9252,78.1198,6.614427,Low
Nagpur,21.1458,79.0882,8.432848,Low
Thane,19.2183,72.9781,5.4672194,Low
Aurangabad,19.8762,75.3433,80.6166,Critical
Raigad,18.5158,73.1822,88.74728,Critical
Gautam Buddha Nagar,28.5355,77.391,7.7971807,Low
Lucknow,26.8467,80.9462,82.68402,Critical
Varanasi,25.3176,82.9739,4.94363,Low
Agra,27.1767,78.0081,90.88495,Critical
Lucknow,26.8467,80.9462,28.76822,Low
Gandhinagar,23.2156,72.6369,29.476461,Low
Coimbatore,11.0168,76.9558,12.095397,Low
Gautam Buddha Nagar,28.5355,77.391,84.421814,Critical
Sundargarh,22.1167,84.0333,7.288012,Low
Puri,19.8135,85.8312,13.901572,Low
Surat,21.1702,72.8311,91.48046,Critical
Ahmedabad,23.0225,72.5714,9.321161,Low
Coimbatore,11.0168,76.9558,11.671323,Low
Gautam Buddha Nagar,28.5355,77.391,5.0824203,Low
Aurangabad,19.8762,75.3433,8.1449375,Low
Gandhinagar,23.2156,72.6369,9.209721,Low
Sundargarh,22.1167,84.0333,6.12385,Low
Kanchipuram,12.8342,79.7036,2.1846359,Low
Cuttack,20.4625,85.883,4.414079,Low
Kutch,23.7337,69.8597,6.2736263,Low
Surat,21.1702,72.8311,78.07106,High
Raigad,18.5158,73.1822,9.714623,Low
Aurangabad,19.8762,75.3433,6.8371377,Low
Lucknow,26.8467,80.9462,4.208677,Low
Tiruchirappalli,10.7905,78.7047,4.8027678,Low
Madurai,9.9252,78.1198,5.1646986,Low
Chennai,13.0827,80.2707,85.87863,Critical
Kanpur Nagar,26.4499,80.3319,7.6123424,Low
Cuttack,20.4625,85.883,10.169978,Low
Rajkot,22.3039,70.8022,44.06708,Low
Agra,27.1767,78.0081,12.870341,Low
Ahmedabad,23.0225,72.5714,4.3876195,Low
Lucknow,26.8467,80.9462,81.79534,Critical
Thane,19.2183,72.9781,24.13504,Low
Nashik,19.9975,73.7898,3.5067606,Low
Kanchipuram,12.8342,79.7036,2.2536147,Low
Balasore,21.4942,86.9317,23.402914,Low
Ahmedabad,23.0225,72.5714,5.8127885,Low
Sundargarh,22.1167,84.0333,5.722033,Low
Lucknow,26.8467,80.9462,5.6336107,Low
Sundargarh,22.1167,84.0333,93.51403,Critical
Gautam Buddha Nagar,28.5355,77.391,6.392846,Low
Tiruchirappalli,10.7905,78.7047,9.580315,Low
Aurangabad,19.8762,75.3433,8.407765,Low
Rajkot,22.3039,70.8022,7.516004,Low
Varanasi,25.3176,82.9739,7.0035944,Low
Pune,18.5204,73.8567,8.868115,Low
Raigad,18.5158,73.1822,8.824626,Low
Salem,11.6643,78.146,80.812035,Critical
Gautam Buddha Nagar,28.5355,77.391,7.0102096,Low
Pune,18.5204,73.8567,12.854455,Low
Dharwad,15.4589,75.0078,25.042585,Low
Tiruchirappalli,10.7905,78.7047,3.6099129,Low
Varanasi,25.3176,82.9739,14.002063,Low
Aurangabad,19.8762,75.3433,19.250834,Low
Gautam Buddha Nagar,28.5355,77.391,23.237492,Low
Lucknow,26.8467,80.9462,12.85585,Low
Nashik,19.9975,73.7898,14.791314,Low
Madurai,9.9252,78.1198,10.365236,Low
Puri,19.8135,85.8312,9.273344,Low
Agra,27.1767,78.0081,6.549075,Low
Aurangabad,19.8762,75.3433,85.12022,Critical
Kanchipuram,12.8342,79.7036,8.867464,Low
Cuttack,20.4625,85.883,4.693417,Low
Puri,19.8135,85.8312,5.714881,Low
Gandhinagar,23.2156,72.6369,84.02479,Critical
Agra,27.1767,78.0081,9.300238,Low
Sundargarh,22.1167,84.0333,6.1186805,Low
Varanasi,25.3176,82.9739,5.122205,Low
Varanasi,25.3176,82.9739,11.304146,Low
Belagavi,15.8497,74.4977,12.372899,Low
Sundargarh,22.1167,84.0333,84.33824,Critical
Aurangabad,19.8762,75.3433,30.578304,Low
Nashik,19.9975,73.7898,17.073156,Low
Tumakuru,13.3409,77.101,5.3310432,Low
Agra,27.1767,78.0081,87.42029,Critical
Mysuru,12.2958,76.6394,85.41716,Critical
Ahmedabad,23.0225,72.5714,27.091732,Low
Raigad,18.5158,73.1822,87.960724,Critical
Varanasi,25.3176,82.9739,6.9918275,Low
Dharwad,15.4589,75.0078,3.2813458,Low
Belagavi,15.8497,74.4977,87.41116,Critical
Gautam Buddha Nagar,28.5355,77.391,78.0387,High
Sundargarh,22.1167,84.0333,5.209757,Low
Salem,11.6643,78.146,10.590599,Low
Ahmedabad,23.0225,72.5714,87.05171,Critical
Salem,11.6643,78.146,5.884261,Low
Kanchipuram,12.8342,79.7036,18.636835,Low
Sundargarh,22.1167,84.0333,29.658487,Low
Agra,27.1767,78.0081,4.1717124,Low
Thane,19.2183,72.9781,6.6927443,Low
Kutch,23.7337,69.8597,88.60482,Critical
Pune,18.5204,73.8567,82.85982,Critical
Mysuru,12.2958,76.6394,37.522015,Low
Vadodara,22.3072,73.1812,85.92168,Critical
Meerut,28.9845,77.7064,11.337867,Low
Thane,19.2183,72.9781,8.742443,Low
Kanchipuram,12.8342,79.7036,10.409218,Low
Surat,21.1702,72.8311,11.572281,Low
Meerut,28.9845,77.7064,92.862144,Critical
Rajkot,22.3039,70.8022,18.330305,Low
Kutch,23.7337,69.8597,7.945145,Low
Nagpur,21.1458,79.0882,6.554482,Low
Surat,21.1702,72.8311,13.300626,Low
Coimbatore,11.0168,76.9558,84.66952,Critical
Mysuru,12.2958,76.6394,1.6143047,Low
Meerut,28.9845,77.7064,12.129547,Low
Kanchipuram,12.8342,79.7036,7.0965586,Low
Aurangabad,19.8762,75.3433,19.38174,Low
Tumakuru,13.3409,77.101,5.499674,Low
Dharwad,15.4589,75.0078,8.4317665,Low
Agra,27.1767,78.0081,2.3059661,Low
Mangaluru,12.9141,74.856,10.695143,Low
Bengaluru Urban,12.9716,77.5946,4.8686423,Low
Gautam Buddha Nagar,28.5355,77.391,12.230332,Low
Kanpur Nagar,26.4499,80.3319,48.827805,Medium
Pune,18.5204,73.8567,5.372692,Low
Bengaluru Urban,12.9716,77.5946,4.5660744,Low
Gandhinagar,23.2156,72.6369,7.416917,Low
Balasore,21.4942,86.9317,4.7030973,Low
Madurai,9.9252,78.1198,52.37148,Medium
Ganjam,19.3871,84.7919,6.5809965,Low
Pune,18.5204,73.8567,8.973375,Low
Ahmedabad,23.0225,72.5714,5.1386433,Low
Dharwad,15.4589,75.0078,14.802374,Low
Balasore,21.4942,86.9317,15.127905,Low
Gautam Buddha Nagar,28.5355,77.391,15.044813,Low
Aurangabad,19.8762,75.3433,7.7024846,Low
Vadodara,22.3072,73.1812,6.6018515,Low
Surat,21.1702,72.8311,9.770058,Low
Kanchipuram,12.8342,79.7036,7.4910126,Low
Kutch,23.7337,69.8597,6.664299,Low
Nashik,19.9975,73.7898,4.0498915,Low
Aurangabad,19.8762,75.3433,15.186349,Low
Varanasi,25.3176,82.9739,9.155262,Low
Kanpur Nagar,26.4499,80.3319,21.084572,Low
Agra,27.1767,78.0081,86.56658,Critical
Agra,27.1767,78.0081,84.08374,Critical
Meerut,28.9845,77.7064,6.2409086,Low
Thane,19.2183,72.9781,12.831572,Low
Ahmedabad,23.0225,72.5714,4.58532,Low
Raigad,18.5158,73.1822,6.276758,Low
Meerut,28.9845,77.7064,10.577224,Low
Salem,11.6643,78.146,7.020057,Low
Tiruchirappalli,10.7905,78.7047,6.1716223,Low
Gautam Buddha Nagar,28.5355,77.391,7.9842544,Low
Cuttack,20.4625,85.883,6.4828544,Low
Bengaluru Urban,12.9716,77.5946,5.7084074,Low
Mysuru,12.2958,76.6394,16.382599,Low
Khordha,20.1734,85.6745,90.34553,Critical
Sundargarh,22.1167,84.0333,4.697649,Low
Varanasi,25.3176,82.9739,5.3660655,Low
Dharwad,15.4589,75.0078,7.66325,Low
Aurangabad,19.8762,75.3433,87.23363,Critical
Rajkot,22.3039,70.8022,82.1629,Critical
Pune,18.5204,73.8567,5.8227406,Low
Meerut,28.9845,77.7064,5.1286182,Low
Nashik,19.9975,73.7898,8.606132,Low
Mangaluru,12.9141,74.856,49.45214,Medium
Nashik,19.9975,73.7898,19.429121,Low
Ahmedabad,23.0225,72.5714,85.311165,Critical
Dharwad,15.4589,75.0078,13.27014,Low
Kutch,23.7337,69.8597,9.968056,Low
Thane,19.2183,72.9781,5.920084,Low
Madurai,9.9252,78.1198,37.62207,Low
Salem,11.6643,78.146,9.680814,Low
Gautam Buddha Nagar,28.5355,77.391,22.51321,Low
Vadodara,22.3072,73.1812,5.956604,Low
Mysuru,12.2958,76.6394,3.6225538,Low
Lucknow,26.8467,80.9462,9.721785,Low
Coimbatore,11.0168,76.9558,14.528174,Low
Khordha,20.1734,85.6745,6.7629495,Low
Meerut,28.9845,77.7064,7.640334,Low
Agra,27.1767,78.0081,12.200598,Low
Kanpur Nagar,26.4499,80.3319,4.5069995,Low
Surat,21.1702,72.8311,14.081671,Low
Lucknow,26.8467,80.9462,7.784294,Low
Nagpur,21.1458,79.0882,14.227134,Low
Thane,19.2183,72.9781,12.578986,Low
Ganjam,19.3871,84.7919,15.301906,Low
Agra,27.1767,78.0081,3.6625152,Low
Agra,27.1767,78.0081,5.107082,Low
Surat,21.1702,72.8311,3.478799,Low
Cuttack,20.4625,85.883,6.6286087,Low
Gautam Buddha Nagar,28.5355,77.391,82.700386,Critical
Aurangabad,19.8762,75.3433,3.1889904,Low
Gandhinagar,23.2156,72.6369,5.691199,Low
Kutch,23.7337,69.8597,8.356759,Low
Gandhinagar,23.2156,72.6369,10.001202,Low
Gandhinagar,23.2156,72.6369,41.100918,Low
Nashik,19.9975,73.7898,80.84455,Critical
Coimbatore,11.0168,76.9558,84.39014,Critical
Kanchipuram,12.8342,79.7036,33.363308,Low
Ganjam,19.3871,84.7919,14.103544,Low
Varanasi,25.3176,82.9739,10.517703,Low
Tumakuru,13.3409,77.101,14.179163,Low
Belagavi,15.8497,74.4977,6.730057,Low
Ahmedabad,23.0225,72.5714,6.0978894,Low
Chennai,13.0827,80.2707,8.593636,Low
Nagpur,21.1458,79.0882,25.459284,Low
Nashik,19.9975,73.7898,7.8398495,Low
Salem,11.6643,78.146,4.0457606,Low
Nashik,19.9975,73.7898,29.738579,Low
Varanasi,25.3176,82.9739,6.6930747,Low
Meerut,28.9845,77.7064,4.685781,Low
Pune,18.5204,73.8567,6.3992033,Low
Kanpur Nagar,26.4499,80.3319,4.523549,Low
Khordha,20.1734,85.6745,3.4390368,Low
Kanpur Nagar,26.4499,80.3319,9.871822,Low
Ganjam,19.3871,84.7919,77.887794,High
Chennai,13.0827,80.2707,13.2617,Low
Vadodara,22.3072,73.1812,18.324575,Low
Kanpur Nagar,26.4499,80.3319,18.889112,Low
Thane,19.2183,72.9781,91.78976,Critical
Puri,19.8135,85.8312,8.166942,Low
Aurangabad,19.8762,75.3433,1.9235756,Low
Ganjam,19.3871,84.7919,6.2161455,Low
Gautam Buddha Nagar,28.5355,77.391,7.2177978,Low
Coimbatore,11.0168,76.9558,8.263496,Low
Madurai,9.9252,78.1198,6.799473,Low
Thane,19.2183,72.9781,10.7376175,Low
Nashik,19.9975,73.7898,2.0214067,Low
Pune,18.5204,73.8567,91.032616,Critical
Nagpur,21.1458,79.0882,8.372714,Low
Lucknow,26.8467,80.9462,8.564085,Low
Pune,18.5204,73.8567,4.4534187,Low
Meerut,28.9845,77.7064,6.161628,Low
Salem,11.6643,78.146,81.321846,Critical
Ganjam,19.3871,84.7919,7.1543612,Low
Nagpur,21.1458,79.0882,4.824448,Low
Nashik,19.9975,73.7898,8.557497,Low
Surat,21.1702,72.8311,7.5917654,Low
Chennai,13.0827,80.2707,87.09326,Critical
Lucknow,26.8467,80.9462,87.553856,Critical
Aurangabad,19.8762,75.3433,1.9984941,Low
Kutch,23.7337,69.8597,14.194714,Low
Khordha,20.1734,85.6745,50.12697,Medium
Agra,27.1767,78.0081,9.310337,Low
Lucknow,26.8467,80.9462,5.8176255,Low
Gautam Buddha Nagar,28.5355,77.391,9.7471075,Low
Raigad,18.5158,73.1822,8.584085,Low
Coimbatore,11.0168,76.9558,6.1364074,Low
Mysuru,12.2958,76.6394,8.657966,Low
Meerut,28.9845,77.7064,8.570066,Low
Nagpur,21.1458,79.0882,13.408237,Low
Thane,19.2183,72.9781,11.043119,Low
Bengaluru Urban,12.9716,77.5946,80.43706,Critical
Varanasi,25.3176,82.9739,9.568699,Low
Kanchipuram,12.8342,79.7036,8.577396,Low
Chennai,13.0827,80.2707,2.7939153,Low
Vadodara,22.3072,73.1812,4.8157477,Low
Gautam Buddha Nagar,28.5355,77.391,85.832794,Critical
Salem,11.6643,78.146,18.90035,Low
Balasore,21.4942,86.9317,11.885294,Low
Lucknow,26.8467,80.9462,13.955331,Low
Chennai,13.0827,80.2707,5.752039,Low
Vadodara,22.3072,73.1812,83.71168,Critical
Lucknow,26.8467,80.9462,83.641846,Critical
Khordha,20.1734,85.6745,19.584154,Low
Bengaluru Urban,12.9716,77.5946,7.3679476,Low
Varanasi,25.3176,82.9739,6.350283,Low
Gautam Buddha Nagar,28.5355,77.391,83.91125,Critical
Thane,19.2183,72.9781,5.5091023,Low
Lucknow,26.8467,80.9462,11.827425,Low
Lucknow,26.8467,80.9462,87.68952,Critical
Dharwad,15.4589,75.0078,87.90004,Critical
Dharwad,15.4589,75.0078,15.67071,Low
Ganjam,19.3871,84.7919,8.419443,Low
Pune,18.5204,73.8567,16.436092,Low
Nagpur,21.1458,79.0882,10.645426,Low
Agra,27.1767,78.0081,34.472187,Low
Bengaluru Urban,12.9716,77.5946,5.9501176,Low
Gandhinagar,23.2156,72.6369,22.519989,Low
Khordha,20.1734,85.6745,3.732131,Low
Ahmedabad,23.0225,72.5714,4.824428,Low
Kanpur Nagar,26.4499,80.3319,13.028065,Low
Belagavi,15.8497,74.4977,86.30091,Critical
Ganjam,19.3871,84.7919,1.8213557,Low
Aurangabad,19.8762,75.3433,2.3773227,Low
Tumakuru,13.3409,77.101,2.7500184,Low
Pune,18.5204,73.8567,22.096897,Low
Ahmedabad,23.0225,72.5714,33.56514,Low
Cuttack,20.4625,85.883,6.481614,Low
Thane,19.2183,72.9781,18.283766,Low
Agra,27.1767,78.0081,85.809,Critical
Chennai,13.0827,80.2707,83.334694,Critical
Nashik,19.9975,73.7898,9.743661,Low
Dharwad,15.4589,75.0078,11.7872305,Low
Nagpur,21.1458,79.0882,5.051367,Low
Belagavi,15.8497,74.4977,91.39675,Critical
Dharwad,15.4589,75.0078,12.076534,Low
Raigad,18.5158,73.1822,11.269626,Low
Cuttack,20.4625,85.883,7.804615,Low
Tiruchirappalli,10.7905,78.7047,5.064015,Low
Raigad,18.5158,73.1822,2.3896587,Low
Mysuru,12.2958,76.6394,9.033422,Low
Varanasi,25.3176,82.9739,5.988954,Low
Tumakuru,13.3409,77.101,16.665407,Low
Puri,19.8135,85.8312,7.1551466,Low
Varanasi,25.3176,82.9739,7.509168,Low
Thane,19.2183,72.9781,90.45169,Critical
Khordha,20.1734,85.6745,23.951792,Low
Raigad,18.5158,73.1822,19.348772,Low
Gandhinagar,23.2156,72.6369,4.547774,Low
Agra,27.1767,78.0081,24.80531,Low
Lucknow,26.8467,80.9462,3.2101772,Low
Surat,21.1702,72.8311,3.6486552,Low
Tumakuru,13.3409,77.101,80.98895,Critical
Ahmedabad,23.0225,72.5714,7.931427,Low
Gandhinagar,23.2156,72.6369,26.557165,Low
Chennai,13.0827,80.2707,3.422378,Low
Meerut,28.9845,77.7064,9.6744375,Low
Mangaluru,12.9141,74.856,4.1114645,Low
Mangaluru,12.9141,74.856,86.17903,Critical
Agra,27.1767,78.0081,7.3189154,Low
Agra,27.1767,78.0081,90.44631,Critical
Nagpur,21.1458,79.0882,5.97596,Low
Cuttack,20.4625,85.883,14.006411,Low
Tiruchirappalli,10.7905,78.7047,7.657724,Low
Gandhinagar,23.2156,72.6369,8.878948,Low
Thane,19.2183,72.9781,4.759841,Low
Kanpur Nagar,26.4499,80.3319,84.88339,Critical
Dharwad,15.4589,75.0078,9.347747,Low
Surat,21.1702,72.8311,27.215164,Low
Balasore,21.4942,86.9317,10.228457,Low
Mangaluru,12.9141,74.856,82.43509,Critical
Gautam Buddha Nagar,28.5355,77.391,17.62928,Low
Meerut,28.9845,77.7064,91.150246,Critical
Kutch,23.7337,69.8597,86.83099,Critical
Chennai,13.0827,80.2707,72.11304,High
Lucknow,26.8467,80.9462,5.1414375,Low
Nagpur,21.1458,79.0882,88.403984,Critical
Ahmedabad,23.0225,72.5714,12.405825,Low
Kanchipuram,12.8342,79.7036,6.0947256,Low
Gautam Buddha Nagar,28.5355,77.391,41.659073,Low
Aurangabad,19.8762,75.3433,12.889479,Low
Gautam Buddha Nagar,28.5355,77.391,67.83585,High
Pune,18.5204,73.8567,7.1357636,Low
Meerut,28.9845,77.7064,3.381333,Low
Balasore,21.4942,86.9317,28.033575,Low
Pune,18.5204,73.8567,86.724976,Critical
Kutch,23.7337,69.8597,6.578771,Low
Tiruchirappalli,10.7905,78.7047,3.10085,Low
Balasore,21.4942,86.9317,12.025995,Low
Belagavi,15.8497,74.4977,17.38379,Low
Kanpur Nagar,26.4499,80.3319,23.81517,Low
Raigad,18.5158,73.1822,89.10504,Critical
Kanchipuram,12.8342,79.7036,9.123927,Low
Bengaluru Urban,12.9716,77.5946,33.06582,Low
Surat,21.1702,72.8311,7.693953,Low
Belagavi,15.8497,74.4977,90.3816,Critical
Rajkot,22.3039,70.8022,95.14806,Critical
Aurangabad,19.8762,75.3433,8.241884,Low
Vadodara,22.3072,73.1812,7.9644365,Low
Agra,27.1767,78.0081,86.77355,Critical
Kanpur Nagar,26.4499,80.3319,9.059584,Low
Thane,19.2183,72.9781,9.99083,Low
Coimbatore,11.0168,76.9558,25.26144,Low
Sundargarh,22.1167,84.0333,12.419604,Low
Dharwad,15.4589,75.0078,17.592855,Low
Gautam Buddha Nagar,28.5355,77.391,3.6030927,Low
Dharwad,15.4589,75.0078,92.46991,Critical
Coimbatore,11.0168,76.9558,9.048191,Low
Surat,21.1702,72.8311,52.166843,Medium
Pune,18.5204,73.8567,12.984419,Low
Nagpur,21.1458,79.0882,9.720331,Low
Agra,27.1767,78.0081,31.246912,Low
Tiruchirappalli,10.7905,78.7047,86.00682,Critical
Madurai,9.9252,78.1198,84.21564,Critical
Ahmedabad,23.0225,72.5714,86.15193,Critical
Nagpur,21.1458,79.0882,5.5662136,Low
Gandhinagar,23.2156,72.6369,1.9097092,Low
Salem,11.6643,78.146,4.68567,Low
Gandhinagar,23.2156,72.6369,6.864866,Low
Kutch,23.7337,69.8597,8.75213,Low
Bengaluru Urban,12.9716,77.5946,2.7169976,Low
Balasore,21.4942,86.9317,7.1405253,Low
Raigad,18.5158,73.1822,85.79324,Critical
Varanasi,25.3176,82.9739,87.11031,Critical
Agra,27.1767,78.0081,26.03504,Low
Balasore,21.4942,86.9317,8.9876795,Low
Tiruchirappalli,10.7905,78.7047,18.505852,Low
Kanchipuram,12.8342,79.7036,29.369467,Low
Cuttack,20.4625,85.883,11.1755,Low
Belagavi,15.8497,74.4977,8.834653,Low
Rajkot,22.3039,70.8022,2.795581,Low
Belagavi,15.8497,74.4977,4.2492533,Low
Surat,21.1702,72.8311,87.89411,Critical
Kanchipuram,12.8342,79.7036,21.110682,Low
Bengaluru Urban,12.9716,77.5946,7.806871,Low
Thane,19.2183,72.9781,84.505264,Critical
Raigad,18.5158,73.1822,81.41908,Critical
Aurangabad,19.8762,75.3433,6.689656,Low
Rajkot,22.3039,70.8022,6.366528,Low
Dharwad,15.4589,75.0078,47.957363,Medium
Ahmedabad,23.0225,72.5714,8.718773,Low
Coimbatore,11.0168,76.9558,88.89297,Critical
Dharwad,15.4589,75.0078,8.222006,Low
Nagpur,21.1458,79.0882,80.272095,Critical
Cuttack,20.4625,85.883,5.6529565,Low
Chennai,13.0827,80.2707,85.06776,Critical
Khordha,20.1734,85.6745,6.718406,Low
Lucknow,26.8467,80.9462,7.763742,Low
Cuttack,20.4625,85.883,3.9688632,Low
Cuttack,20.4625,85.883,60.082596,Medium
Sundargarh,22.1167,84.0333,35.795193,Low
Puri,19.8135,85.8312,2.6793842,Low
Mysuru,12.2958,76.6394,7.745588,Low
Aurangabad,19.8762,75.3433,7.039461,Low
Nashik,19.9975,73.7898,9.60124,Low
Tumakuru,13.3409,77.101,90.29882,Critical
Nashik,19.9975,73.7898,8.406094,Low
Kanchipuram,12.8342,79.7036,89.16836,Critical
Rajkot,22.3039,70.8022,8.883033,Low
Agra,27.1767,78.0081,84.72414,Critical
Nashik,19.9975,73.7898,85.473495,Critical
Gautam Buddha Nagar,28.5355,77.391,92.094925,Critical
Mangaluru,12.9141,74.856,10.167683,Low
Raigad,18.5158,73.1822,5.450193,Low
Aurangabad,19.8762,75.3433,5.1823087,Low
Lucknow,26.8467,80.9462,15.206228,Low
Thane,19.2183,72.9781,10.066765,Low
Mangaluru,12.9141,74.856,81.80699,Critical
Raigad,18.5158,73.1822,11.952909,Low
Kutch,23.7337,69.8597,86.11065,Critical
Ahmedabad,23.0225,72.5714,21.676111,Low
Aurangabad,19.8762,75.3433,10.372467,Low
Gandhinagar,23.2156,72.6369,13.652945,Low
Gandhinagar,23.2156,72.6369,10.077308,Low
Varanasi,25.3176,82.9739,36.60835,Low
Meerut,28.9845,77.7064,11.758811,Low
Surat,21.1702,72.8311,9.296186,Low
Salem,11.6643,78.146,9.468016,Low
Salem,11.6643,78.146,9.114201,Low
Pune,18.5204,73.8567,5.9700737,Low
Cuttack,20.4625,85.883,7.1931334,Low
Agra,27.1767,78.0081,7.5072207,Low
Agra,27.1767,78.0081,19.925272,Low
Nagpur,21.1458,79.0882,11.6206875,Low
Meerut,28.9845,77.7064,8.299563,Low
Lucknow,26.8467,80.9462,15.499562,Low
Kanchipuram,12.8342,79.7036,89.92322,Critical
Gandhinagar,23.2156,72.6369,13.267617,Low
Ganjam,19.3871,84.7919,86.09181,Critical
Puri,19.8135,85.8312,4.3346386,Low
Gandhinagar,23.2156,72.6369,23.224432,Low
Belagavi,15.8497,74.4977,8.945637,Low
Kanpur Nagar,26.4499,80.3319,9.03702,Low
Kanpur Nagar,26.4499,80.3319,8.185769,Low
Lucknow,26.8467,80.9462,6.1605906,Low
Mysuru,12.2958,76.6394,5.505604,Low
Kanpur Nagar,26.4499,80.3319,2.298191,Low
Ahmedabad,23.0225,72.5714,7.3599005,Low
Nagpur,21.1458,79.0882,84.70076,Critical
Kanchipuram,12.8342,79.7036,82.004845,Critical
Pune,18.5204,73.8567,17.14178,Low
Madurai,9.9252,78.1198,50.06126,Medium
Rajkot,22.3039,70.8022,8.8857355,Low
Ahmedabad,23.0225,72.5714,22.075813,Low
Kutch,23.7337,69.8597,7.4846654,Low
Surat,21.1702,72.8311,69.96742,High
Gandhinagar,23.2156,72.6369,10.774661,Low
Mysuru,12.2958,76.6394,80.36102,Critical
Meerut,28.9845,77.7064,8.434868,Low
Thane,19.2183,72.9781,83.505165,Critical
Tumakuru,13.3409,77.101,2.4281073,Low
Cuttack,20.4625,85.883,6.083485,Low
Aurangabad,19.8762,75.3433,7.2282324,Low
Varanasi,25.3176,82.9739,4.5253854,Low
Kanpur Nagar,26.4499,80.3319,12.687408,Low
Kutch,23.7337,69.8597,71.911026,High
Surat,21.1702,72.8311,4.1134434,Low
Sundargarh,22.1167,84.0333,5.6436152,Low
Ganjam,19.3871,84.7919,85.65211,Critical
Nashik,19.9975,73.7898,27.338621,Low
Mysuru,12.2958,76.6394,12.891522,Low
Kanchipuram,12.8342,79.7036,4.113542,Low
Khordha,20.1734,85.6745,82.97222,Critical
Surat,21.1702,72.8311,83.82627,Critical
Nagpur,21.1458,79.0882,6.239783,Low
Balasore,21.4942,86.9317,4.7395887,Low
Meerut,28.9845,77.7064,6.5947623,Low
Nagpur,21.1458,79.0882,27.321997,Low
Kanchipuram,12.8342,79.7036,93.52214,Critical
Gautam Buddha Nagar,28.5355,77.391,7.470482,Low
Kanchipuram,12.8342,79.7036,2.105056,Low
Salem,11.6643,78.146,12.042034,Low
Salem,11.6643,78.146,8.607489,Low
Kanpur Nagar,26.4499,80.3319,33.03482,Low
Kanchipuram,12.8342,79.7036,10.524641,Low
Meerut,28.9845,77.7064,5.524062,Low
Dharwad,15.4589,75.0078,21.300861,Low
Meerut,28.9845,77.7064,4.694025,Low
Meerut,28.9845,77.7064,4.5978546,Low
Agra,27.1767,78.0081,5.413951,Low
Kanpur Nagar,26.4499,80.3319,2.7372313,Low
Kanpur Nagar,26.4499,80.3319,85.23636,Critical
Dharwad,15.4589,75.0078,79.74619,High
Kutch,23.7337,69.8597,6.227798,Low
Raigad,18.5158,73.1822,4.0852256,Low
Vadodara,22.3072,73.1812,79.10891,High
Gautam Buddha Nagar,28.5355,77.391,89.430244,Critical
Varanasi,25.3176,82.9739,6.2635584,Low
Kutch,23.7337,69.8597,10.873904,Low
Kanpur Nagar,26.4499,80.3319,6.5384054,Low
Agra,27.1767,78.0081,10.424104,Low
Meerut,28.9845,77.7064,8.995007,Low
Khordha,20.1734,85.6745,79.76157,High
Tumakuru,13.3409,77.101,11.700298,Low
Sundargarh,22.1167,84.0333,8.107577,Low
Rajkot,22.3039,70.8022,5.090568,Low
Mangaluru,12.9141,74.856,25.534657,Low
Varanasi,25.3176,82.9739,8.953431,Low
Ahmedabad,23.0225,72.5714,5.147509,Low
Thane,19.2183,72.9781,12.865682,Low
Chennai,13.0827,80.2707,7.0832877,Low
Nagpur,21.1458,79.0882,8.718393,Low
Kanpur Nagar,26.4499,80.3319,90.045235,Critical
Khordha,20.1734,85.6745,2.4577816,Low
Surat,21.1702,72.8311,11.690394,Low
Gandhinagar,23.2156,72.6369,4.4301753,Low
Lucknow,26.8467,80.9462,12.115925,Low
Kutch,23.7337,69.8597,94.16672,Critical
Raigad,18.5158,73.1822,22.799511,Low
Gautam Buddha Nagar,28.5355,77.391,85.70422,Critical
Kanchipuram,12.8342,79.7036,5.3021274,Low
Bengaluru Urban,12.9716,77.5946,6.607646,Low
Balasore,21.4942,86.9317,9.880012,Low
Gautam Buddha Nagar,28.5355,77.391,7.706454,Low
Nagpur,21.1458,79.0882,18.348907,Low
Belagavi,15.8497,74.4977,87.045784,Critical
Salem,11.6643,78.146,86.26395,Critical
Pune,18.5204,73.8567,76.74491,High
Tiruchirappalli,10.7905,78.7047,7.0908785,Low
Nashik,19.9975,73.7898,8.837558,Low
Surat,21.1702,72.8311,8.139861,Low
Nagpur,21.1458,79.0882,74.54647,High
Bengaluru Urban,12.9716,77.5946,30.83076,Low
Khordha,20.1734,85.6745,30.14227,Low
Meerut,28.9845,77.7064,92.42429,Critical
Raigad,18.5158,73.1822,8.430859,Low
Agra,27.1767,78.0081,4.1132245,Low
Aurangabad,19.8762,75.3433,79.12652,High
Nashik,19.9975,73.7898,86.12324,Critical
Varanasi,25.3176,82.9739,85.49041,Critical
Tiruchirappalli,10.7905,78.7047,7.9712076,Low
Balasore,21.4942,86.9317,4.038235,Low
Ahmedabad,23.0225,72.5714,82.36225,Critical
Sundargarh,22.1167,84.0333,85.60299,Critical
Balasore,21.4942,86.9317,9.709982,Low
Chennai,13.0827,80.2707,9.610104,Low
Balasore,21.4942,86.9317,11.823736,Low
Aurangabad,19.8762,75.3433,7.230679,Low
Lucknow,26.8467,80.9462,74.763885,High
Puri,19.8135,85.8312,6.974549,Low
Kutch,23.7337,69.8597,80.134346,Critical
Nagpur,21.1458,79.0882,86.5758,Critical
Khordha,20.1734,85.6745,3.8141868,Low
Aurangabad,19.8762,75.3433,79.06753,High
Kanpur Nagar,26.4499,80.3319,7.3998,Low
Lucknow,26.8467,80.9462,5.899749,Low
Thane,19.2183,72.9781,5.5839176,Low
Belagavi,15.8497,74.4977,8.898813,Low
Ganjam,19.3871,84.7919,6.1966834,Low
Kanpur Nagar,26.4499,80.3319,33.397026,Low
Salem,11.6643,78.146,13.5598955,Low
Rajkot,22.3039,70.8022,4.3527603,Low
Tumakuru,13.3409,77.101,12.573959,Low
Agra,27.1767,78.0081,45.20993,Medium
Meerut,28.9845,77.7064,6.9414086,Low
Rajkot,22.3039,70.8022,6.0962234,Low
Varanasi,25.3176,82.9739,7.4260263,Low
Nagpur,21.1458,79.0882,91.8919,Critical
Aurangabad,19.8762,75.3433,52.43776,Medium
Raigad,18.5158,73.1822,16.74106,Low
Madurai,9.9252,78.1198,5.3167605,Low
Nashik,19.9975,73.7898,8.007068,Low
Kanchipuram,12.8342,79.7036,2.3086767,Low
Balasore,21.4942,86.9317,12.460654,Low
Kutch,23.7337,69.8597,8.591967,Low
Belagavi,15.8497,74.4977,82.17378,Critical
Coimbatore,11.0168,76.9558,8.98331,Low
Sundargarh,22.1167,84.0333,8.899211,Low
Nagpur,21.1458,79.0882,9.444879,Low
Gautam Buddha Nagar,28.5355,77.391,27.43293,Low
Agra,27.1767,78.0081,11.742346,Low
Varanasi,25.3176,82.9739,9.541058,Low
Surat,21.1702,72.8311,6.635973,Low
Nagpur,21.1458,79.0882,77.98267,High
Ahmedabad,23.0225,72.5714,64.72996,Medium
Surat,21.1702,72.8311,9.293775,Low
Agra,27.1767,78.0081,7.433661,Low
Meerut,28.9845,77.7064,21.903172,Low
Thane,19.2183,72.9781,10.216501,Low
Lucknow,26.8467,80.9462,82.91226,Critical
Vadodara,22.3072,73.1812,9.869427,Low
Meerut,28.9845,77.7064,12.681496,Low
Mysuru,12.2958,76.6394,8.37966,Low
Agra,27.1767,78.0081,78.716606,High
Coimbatore,11.0168,76.9558,2.0570347,Low
Vadodara,22.3072,73.1812,16.579386,Low
Puri,19.8135,85.8312,87.04397,Critical
Ahmedabad,23.0225,72.5714,5.757413,Low
Meerut,28.9845,77.7064,4.651699,Low
Meerut,28.9845,77.7064,6.5032153,Low
Ahmedabad,23.0225,72.5714,32.371128,Low
Kanpur Nagar,26.4499,80.3319,6.9616356,Low
Thane,19.2183,72.9781,3.750151,Low
Pune,18.5204,73.8567,5.480329,Low
Raigad,18.5158,73.1822,4.033102,Low
Sundargarh,22.1167,84.0333,5.3447266,Low
Puri,19.8135,85.8312,6.0243444,Low
Lucknow,26.8467,80.9462,34.269722,Low
Varanasi,25.3176,82.9739,9.792176,Low
Kutch,23.7337,69.8597,7.532981,Low
Gandhinagar,23.2156,72.6369,9.969461,Low
Coimbatore,11.0168,76.9558,4.108267,Low
Coimbatore,11.0168,76.9558,8.226447,Low
Meerut,28.9845,77.7064,12.335332,Low
Gandhinagar,23.2156,72.6369,5.670441,Low
Madurai,9.9252,78.1198,30.640102,Low
Vadodara,22.3072,73.1812,88.4677,Critical
Chennai,13.0827,80.2707,6.7202635,Low
Kutch,23.7337,69.8597,80.47319,Critical
Meerut,28.9845,77.7064,9.314312,Low
Nashik,19.9975,73.7898,7.0061245,Low
Kanpur Nagar,26.4499,80.3319,2.588757,Low
Salem,11.6643,78.146,7.354063,Low
Thane,19.2183,72.9781,86.886665,Critical
Kanpur Nagar,26.4499,80.3319,4.468046,Low
Tiruchirappalli,10.7905,78.7047,4.0831203,Low
Gautam Buddha Nagar,28.5355,77.391,9.732578,Low
Rajkot,22.3039,70.8022,90.66489,Critical
Varanasi,25.3176,82.9739,90.66407,Critical
Lucknow,26.8467,80.9462,4.0879307,Low
Mangaluru,12.9141,74.856,1.8901887,Low
Sundargarh,22.1167,84.0333,91.60144,Critical
Raigad,18.5158,73.1822,85.47835,Critical
Salem,11.6643,78.146,85.08308,Critical
Kanchipuram,12.8342,79.7036,5.9788904,Low
Meerut,28.9845,77.7064,18.5564,Low
Kutch,23.7337,69.8597,91.777435,Critical
Salem,11.6643,78.146,25.898457,Low
Belagavi,15.8497,74.4977,7.4392176,Low
Gautam Buddha Nagar,28.5355,77.391,25.858086,Low
Madurai,9.9252,78.1198,5.956413,Low
Surat,21.1702,72.8311,20.113506,Low
Kanpur Nagar,26.4499,80.3319,3.6978915,Low
Dharwad,15.4589,75.0078,11.26229,Low
Bengaluru Urban,12.9716,77.5946,3.2876437,Low
Sundargarh,22.1167,84.0333,2.2539341,Low
Kanpur Nagar,26.4499,80.3319,9.499897,Low
Chennai,13.0827,80.2707,32.038754,Low
Aurangabad,19.8762,75.3433,14.230352,Low
Meerut,28.9845,77.7064,2.0941837,Low
Kutch,23.7337,69.8597,80.896935,Critical
Agra,27.1767,78.0081,7.229471,Low
Gandhinagar,23.2156,72.6369,7.1245766,Low
Varanasi,25.3176,82.9739,12.494449,Low
Khordha,20.1734,85.6745,7.575116,Low
Tumakuru,13.3409,77.101,9.16881,Low
Kutch,23.7337,69.8597,75.77407,High
Gautam Buddha Nagar,28.5355,77.391,10.043197,Low
Salem,11.6643,78.146,6.9690995,Low
Puri,19.8135,85.8312,91.34967,Critical
Gautam Buddha Nagar,28.5355,77.391,2.2049625,Low
Cuttack,20.4625,85.883,12.865419,Low
Nagpur,21.1458,79.0882,24.964811,Low
Nagpur,21.1458,79.0882,88.59235,Critical
Salem,11.6643,78.146,14.626884,Low
Coimbatore,11.0168,76.9558,7.833596,Low
Raigad,18.5158,73.1822,57.816227,Medium
Agra,27.1767,78.0081,32.60133,Low
Puri,19.8135,85.8312,9.7812805,Low
Nashik,19.9975,73.7898,10.31089,Low
Mangaluru,12.9141,74.856,13.714237,Low
Thane,19.2183,72.9781,80.10505,Critical
Coimbatore,11.0168,76.9558,87.19702,Critical
Lucknow,26.8467,80.9462,4.5243154,Low
Kanchipuram,12.8342,79.7036,2.2712777,Low
Coimbatore,11.0168,76.9558,6.4460473,Low
Thane,19.2183,72.9781,9.551589,Low
Meerut,28.9845,77.7064,9.009085,Low
Belagavi,15.8497,74.4977,12.453993,Low
Vadodara,22.3072,73.1812,7.5963416,Low
Salem,11.6643,78.146,7.7874603,Low
Meerut,28.9845,77.7064,91.9942,Critical
Pune,18.5204,73.8567,5.7949643,Low
Ganjam,19.3871,84.7919,24.818537,Low
Ahmedabad,23.0225,72.5714,87.31014,Critical
Kanchipuram,12.8342,79.7036,10.312533,Low
Puri,19.8135,85.8312,11.378575,Low
Cuttack,20.4625,85.883,7.93235,Low
Bengaluru Urban,12.9716,77.5946,87.30886,Critical
Pune,18.5204,73.8567,22.391844,Low
Gautam Buddha Nagar,28.5355,77.391,85.597664,Critical
Cuttack,20.4625,85.883,4.344016,Low
Tiruchirappalli,10.7905,78.7047,5.8259907,Low
Salem,11.6643,78.146,10.3696785,Low
Gautam Buddha Nagar,28.5355,77.391,92.767006,Critical
Aurangabad,19.8762,75.3433,4.5671916,Low
Aurangabad,19.8762,75.3433,16.452902,Low
Mysuru,12.2958,76.6394,7.44284,Low
Meerut,28.9845,77.7064,86.44406,Critical
Madurai,9.9252,78.1198,88.72925,Critical
Meerut,28.9845,77.7064,27.132256,Low
Coimbatore,11.0168,76.9558,8.842357,Low
Belagavi,15.8497,74.4977,4.5623755,Low
Gautam Buddha Nagar,28.5355,77.391,12.988579,Low
Vadodara,22.3072,73.1812,11.719712,Low
Balasore,21.4942,86.9317,81.05257,Critical
Agra,27.1767,78.0081,9.727664,Low
Aurangabad,19.8762,75.3433,40.379803,Low
Nashik,19.9975,73.7898,36.807095,Low
Cuttack,20.4625,85.883,5.0145364,Low
Lucknow,26.8467,80.9462,11.567111,Low
Madurai,9.9252,78.1198,9.429225,Low
Tiruchirappalli,10.7905,78.7047,9.266552,Low
Belagavi,15.8497,74.4977,4.946286,Low
Salem,11.6643,78.146,84.85645,Critical
Nagpur,21.1458,79.0882,5.833201,Low
Mysuru,12.2958,76.6394,6.4439783,Low
Madurai,9.9252,78.1198,17.68771,Low
Rajkot,22.3039,70.8022,4.132512,Low
Meerut,28.9845,77.7064,31.432524,Low
Dharwad,15.4589,75.0078,9.790878,Low
Kanpur Nagar,26.4499,80.3319,5.5191374,Low
Kanpur Nagar,26.4499,80.3319,7.705678,Low
Pune,18.5204,73.8567,12.11886,Low
Chennai,13.0827,80.2707,10.843571,Low
Agra,27.1767,78.0081,7.942315,Low
Kanpur Nagar,26.4499,80.3319,4.756298,Low
Rajkot,22.3039,70.8022,18.798431,Low
Balasore,21.4942,86.9317,22.785969,Low
Cuttack,20.4625,85.883,17.584478,Low
Mysuru,12.2958,76.6394,5.988397,Low
Lucknow,26.8467,80.9462,4.1468387,Low
Salem,11.6643,78.146,14.1935215,Low
Meerut,28.9845,77.7064,14.569384,Low
Vadodara,22.3072,73.1812,8.670196,Low
Vadodara,22.3072,73.1812,9.716811,Low
Varanasi,25.3176,82.9739,10.647414,Low
Bengaluru Urban,12.9716,77.5946,85.39351,Critical
Meerut,28.9845,77.7064,10.990247,Low
Lucknow,26.8467,80.9462,5.71521,Low
Thane,19.2183,72.9781,12.848525,Low
Varanasi,25.3176,82.9739,89.23666,Critical
Mysuru,12.2958,76.6394,8.3054695,Low
Thane,19.2183,72.9781,38.186344,Low
Tumakuru,13.3409,77.101,22.613588,Low
Tiruchirappalli,10.7905,78.7047,87.966515,Critical
Vadodara,22.3072,73.1812,6.775286,Low
Kutch,23.7337,69.8597,7.9207315,Low
Rajkot,22.3039,70.8022,89.90371,Critical
Kanpur Nagar,26.4499,80.3319,7.8182697,Low
Meerut,28.9845,77.7064,55.356693,Medium
Bengaluru Urban,12.9716,77.5946,86.85454,Critical
Dharwad,15.4589,75.0078,13.089104,Low
Rajkot,22.3039,70.8022,11.822626,Low
Pune,18.5204,73.8567,89.17531,Critical
Kutch,23.7337,69.8597,8.188898,Low
Belagavi,15.8497,74.4977,5.2310214,Low
Nashik,19.9975,73.7898,7.675444,Low
Bengaluru Urban,12.9716,77.5946,6.8667717,Low
Kanpur Nagar,26.4499,80.3319,11.248025,Low
Agra,27.1767,78.0081,9.534721,Low
Vadodara,22.3072,73.1812,11.415184,Low
Nagpur,21.1458,79.0882,12.0928335,Low
Meerut,28.9845,77.7064,3.8788314,Low
Chennai,13.0827,80.2707,11.315097,Low
Mysuru,12.2958,76.6394,6.4716654,Low
Varanasi,25.3176,82.9739,89.27311,Critical
Pune,18.5204,73.8567,8.342691,Low
Kutch,23.7337,69.8597,6.7321925,Low
Kanpur Nagar,26.4499,80.3319,8.14796,Low
Rajkot,22.3039,70.8022,4.740172,Low
Vadodara,22.3072,73.1812,9.308266,Low
Varanasi,25.3176,82.9739,5.348079,Low
Raigad,18.5158,73.1822,87.089935,Critical
Kutch,23.7337,69.8597,13.182886,Low
Surat,21.1702,72.8311,7.846876,Low
Thane,19.2183,72.9781,8.60001,Low
Vadodara,22.3072,73.1812,7.271873,Low
Kanpur Nagar,26.4499,80.3319,7.364206,Low
Varanasi,25.3176,82.9739,11.229994,Low
Raigad,18.5158,73.1822,5.9002542,Low
Mangaluru,12.9141,74.856,87.81653,Critical
Kanchipuram,12.8342,79.7036,84.9976,Critical
Gandhinagar,23.2156,72.6369,18.72126,Low
Raigad,18.5158,73.1822,87.289055,Critical
Surat,21.1702,72.8311,4.0907106,Low
Khordha,20.1734,85.6745,93.21348,Critical
Ahmedabad,23.0225,72.5714,5.9661584,Low
Thane,19.2183,72.9781,9.386786,Low
Thane,19.2183,72.9781,3.476115,Low
Thane,19.2183,72.9781,27.661007,Low
Coimbatore,11.0168,76.9558,6.234037,Low
Thane,19.2183,72.9781,11.475944,Low
Thane,19.2183,72.9781,5.837645,Low
Gandhinagar,23.2156,72.6369,94.08962,Critical
Agra,27.1767,78.0081,2.9124959,Low
Bengaluru Urban,12.9716,77.5946,18.339096,Low
Madurai,9.9252,78.1198,82.7746,Critical
Rajkot,22.3039,70.8022,76.19213,High
Coimbatore,11.0168,76.9558,5.3671727,Low
Coimbatore,11.0168,76.9558,3.501502,Low
Pune,18.5204,73.8567,10.268225,Low
Nashik,19.9975,73.7898,83.93254,Critical
Salem,11.6643,78.146,78.40845,High
Meerut,28.9845,77.7064,81.06172,Critical
Nagpur,21.1458,79.0882,8.787698,Low
Aurangabad,19.8762,75.3433,27.2041,Low
Ganjam,19.3871,84.7919,32.195316,Low
Thane,19.2183,72.9781,13.940361,Low
Kanpur Nagar,26.4499,80.3319,80.65206,Critical
Ahmedabad,23.0225,72.5714,11.964664,Low
Mysuru,12.2958,76.6394,8.286434,Low
Nagpur,21.1458,79.0882,11.732269,Low
Nashik,19.9975,73.7898,86.25334,Critical
Mysuru,12.2958,76.6394,16.10908,Low
Vadodara,22.3072,73.1812,91.6786,Critical
Khordha,20.1734,85.6745,80.20868,Critical
Meerut,28.9845,77.7064,91.02123,Critical
Agra,27.1767,78.0081,87.937355,Critical
Nagpur,21.1458,79.0882,9.920874,Low
Meerut,28.9845,77.7064,21.488962,Low
Chennai,13.0827,80.2707,89.897285,Critical
Balasore,21.4942,86.9317,9.2533865,Low
Surat,21.1702,72.8311,11.742442,Low
Coimbatore,11.0168,76.9558,62.1347,Medium
Kanchipuram,12.8342,79.7036,8.420105,Low
Varanasi,25.3176,82.9739,4.1532874,Low
Agra,27.1767,78.0081,21.72093,Low
Kanchipuram,12.8342,79.7036,9.1449995,Low
Lucknow,26.8467,80.9462,42.079655,Low
Puri,19.8135,85.8312,82.83573,Critical
Surat,21.1702,72.8311,8.606268,Low
Varanasi,25.3176,82.9739,10.233675,Low
Agra,27.1767,78.0081,91.65577,Critical
Nashik,19.9975,73.7898,82.05603,Critical
Mangaluru,12.9141,74.856,8.763589,Low
Lucknow,26.8467,80.9462,11.268599,Low
Kanpur Nagar,26.4499,80.3319,90.754166,Critical
Chennai,13.0827,80.2707,13.200919,Low
Dharwad,15.4589,75.0078,4.8054895,Low
Chennai,13.0827,80.2707,10.601954,Low
Ganjam,19.3871,84.7919,7.6115303,Low
Kanchipuram,12.8342,79.7036,85.28456,Critical
Lucknow,26.8467,80.9462,7.5215564,Low
Lucknow,26.8467,80.9462,11.981455,Low
Ahmedabad,23.0225,72.5714,6.6019974,Low
Meerut,28.9845,77.7064,15.343645,Low
Kutch,23.7337,69.8597,87.47851,Critical
Agra,27.1767,78.0081,5.3030276,Low
Agra,27.1767,78.0081,9.777639,Low
Bengaluru Urban,12.9716,77.5946,9.870063,Low
Pune,18.5204,73.8567,18.263544,Low
Vadodara,22.3072,73.1812,5.351211,Low
Gandhinagar,23.2156,72.6369,6.5375485,Low
Nagpur,21.1458,79.0882,21.988607,Low
Vadodara,22.3072,73.1812,48.340687,Medium
Meerut,28.9845,77.7064,90.536064,Critical
Khordha,20.1734,85.6745,5.178495,Low
Aurangabad,19.8762,75.3433,86.71612,Critical
Pune,18.5204,73.8567,4.0287323,Low
Khordha,20.1734,85.6745,6.551451,Low
Agra,27.1767,78.0081,75.19451,High
Varanasi,25.3176,82.9739,1.9823596,Low
Gandhinagar,23.2156,72.6369,6.9948854,Low
Rajkot,22.3039,70.8022,23.487932,Low
Nagpur,21.1458,79.0882,22.535938,Low
Surat,21.1702,72.8311,10.568924,Low
Ganjam,19.3871,84.7919,1.9954668,Low
Rajkot,22.3039,70.8022,90.347626,Critical
Bengaluru Urban,12.9716,77.5946,11.321613,Low
Agra,27.1767,78.0081,5.151487,Low
Varanasi,25.3176,82.9739,7.6181374,Low
Dharwad,15.4589,75.0078,12.570934,Low
Meerut,28.9845,77.7064,6.112045,Low
Coimbatore,11.0168,76.9558,5.1870832,Low
Rajkot,22.3039,70.8022,34.621906,Low
Lucknow,26.8467,80.9462,4.594974,Low
Kanpur Nagar,26.4499,80.3319,28.897684,Low
Rajkot,22.3039,70.8022,5.230334,Low
Nashik,19.9975,73.7898,7.679923,Low
Raigad,18.5158,73.1822,12.752027,Low
Nashik,19.9975,73.7898,22.752594,Low
Cuttack,20.4625,85.883,9.598885,Low
Agra,27.1767,78.0081,3.909378,Low
Tiruchirappalli,10.7905,78.7047,6.333893,Low
Lucknow,26.8467,80.9462,85.40624,Critical
Khordha,20.1734,85.6745,33.64971,Low
Tumakuru,13.3409,77.101,6.911095,Low
Sundargarh,22.1167,84.0333,9.692739,Low
Bengaluru Urban,12.9716,77.5946,7.957484,Low
Cuttack,20.4625,85.883,11.751815,Low
Agra,27.1767,78.0081,4.6410522,Low
Varanasi,25.3176,82.9739,8.490117,Low
Kutch,23.7337,69.8597,14.154548,Low
Khordha,20.1734,85.6745,16.03122,Low
Thane,19.2183,72.9781,92.30717,Critical
Agra,27.1767,78.0081,6.5067225,Low
Mysuru,12.2958,76.6394,9.959484,Low
Madurai,9.9252,78.1198,3.403126,Low
Agra,27.1767,78.0081,94.44448,Critical
Tiruchirappalli,10.7905,78.7047,5.1362176,Low
Rajkot,22.3039,70.8022,86.925835,Critical
Puri,19.8135,85.8312,4.390924,Low
Belagavi,15.8497,74.4977,9.192175,Low
Agra,27.1767,78.0081,7.1090245,Low
Varanasi,25.3176,82.9739,83.28868,Critical
Gandhinagar,23.2156,72.6369,85.93821,Critical
Lucknow,26.8467,80.9462,87.652,Critical
Cuttack,20.4625,85.883,7.8521094,Low
Bengaluru Urban,12.9716,77.5946,13.08144,Low
Thane,19.2183,72.9781,84.72436,Critical
Agra,27.1767,78.0081,6.77695,Low
Pune,18.5204,73.8567,16.63473,Low
Nagpur,21.1458,79.0882,5.6397758,Low
Varanasi,25.3176,82.9739,85.22962,Critical
Meerut,28.9845,77.7064,5.9415007,Low
Sundargarh,22.1167,84.0333,5.3543863,Low
Raigad,18.5158,73.1822,36.287315,Low
Lucknow,26.8467,80.9462,7.3385663,Low
Sundargarh,22.1167,84.0333,3.8935316,Low
Khordha,20.1734,85.6745,87.98196,Critical
Varanasi,25.3176,82.9739,88.28985,Critical
Kanchipuram,12.8342,79.7036,5.132158,Low
Salem,11.6643,78.146,7.685481,Low
Kutch,23.7337,69.8597,82.42653,Critical
Rajkot,22.3039,70.8022,11.813934,Low
Meerut,28.9845,77.7064,38.703396,Low
Dharwad,15.4589,75.0078,13.26216,Low
Coimbatore,11.0168,76.9558,19.167562,Low
Kutch,23.7337,69.8597,93.95293,Critical
Rajkot,22.3039,70.8022,20.438248,Low
Salem,11.6643,78.146,7.710894,Low
Kutch,23.7337,69.8597,3.6372855,Low
Kanchipuram,12.8342,79.7036,16.873009,Low
Dharwad,15.4589,75.0078,7.1156526,Low
Puri,19.8135,85.8312,3.247006,Low
Varanasi,25.3176,82.9739,10.191817,Low
Kanpur Nagar,26.4499,80.3319,21.071966,Low
Varanasi,25.3176,82.9739,83.241776,Critical
Varanasi,25.3176,82.9739,6.606101,Low
Balasore,21.4942,86.9317,7.627747,Low
Madurai,9.9252,78.1198,10.625921,Low
Ganjam,19.3871,84.7919,3.0520422,Low
Agra,27.1767,78.0081,8.289438,Low
Bengaluru Urban,12.9716,77.5946,12.275765,Low
Surat,21.1702,72.8311,4.3437543,Low
Meerut,28.9845,77.7064,76.88651,High
Nagpur,21.1458,79.0882,17.49718,Low
Bengaluru Urban,12.9716,77.5946,55.41812,Medium
Tumakuru,13.3409,77.101,10.89596,Low
Lucknow,26.8467,80.9462,4.5148406,Low
Mysuru,12.2958,76.6394,14.902978,Low
Agra,27.1767,78.0081,1.2895586,Low
Kutch,23.7337,69.8597,83.63975,Critical
Bengaluru Urban,12.9716,77.5946,3.483944,Low
Gautam Buddha Nagar,28.5355,77.391,6.823284,Low
Sundargarh,22.1167,84.0333,2.8263938,Low
Agra,27.1767,78.0081,14.356311,Low
Tumakuru,13.3409,77.101,10.141889,Low
Khordha,20.1734,85.6745,10.356008,Low
Sundargarh,22.1167,84.0333,15.4393015,Low
Aurangabad,19.8762,75.3433,7.8003445,Low
Khordha,20.1734,85.6745,82.37577,Critical
Meerut,28.9845,77.7064,6.7759185,Low
Puri,19.8135,85.8312,90.665665,Critical
Raigad,18.5158,73.1822,8.074394,Low
Ahmedabad,23.0225,72.5714,7.7933407,Low
Ganjam,19.3871,84.7919,87.324295,Critical
Bengaluru Urban,12.9716,77.5946,3.0941472,Low
Nagpur,21.1458,79.0882,8.088932,Low
Pune,18.5204,73.8567,13.884859,Low
Khordha,20.1734,85.6745,5.2927885,Low
Chennai,13.0827,80.2707,5.308122,Low
Kutch,23.7337,69.8597,20.916885,Low
Puri,19.8135,85.8312,17.320063,Low
Nagpur,21.1458,79.0882,9.356226,Low
Puri,19.8135,85.8312,4.409323,Low
Chennai,13.0827,80.2707,6.8288155,Low
Rajkot,22.3039,70.8022,93.345245,Critical
Kutch,23.7337,69.8597,92.62459,Critical
Thane,19.2183,72.9781,91.26305,Critical
Rajkot,22.3039,70.8022,5.3295484,Low
Gautam Buddha Nagar,28.5355,77.391,27.88192,Low
Nagpur,21.1458,79.0882,6.370522,Low
Thane,19.2183,72.9781,19.529762,Low
Lucknow,26.8467,80.9462,89.14791,Critical
Varanasi,25.3176,82.9739,6.141288,Low
Khordha,20.1734,85.6745,9.919205,Low
Mangaluru,12.9141,74.856,12.350713,Low
Vadodara,22.3072,73.1812,3.706164,Low
Tumakuru,13.3409,77.101,4.193883,Low
Kutch,23.7337,69.8597,83.0965,Critical
Nagpur,21.1458,79.0882,90.53426,Critical
Varanasi,25.3176,82.9739,11.616337,Low
Agra,27.1767,78.0081,8.289107,Low
Surat,21.1702,72.8311,7.5311856,Low
Meerut,28.9845,77.7064,5.5271535,Low
Balasore,21.4942,86.9317,80.98105,Critical
Madurai,9.9252,78.1198,27.620586,Low
Lucknow,26.8467,80.9462,11.855456,Low
Gandhinagar,23.2156,72.6369,22.970615,Low
Mangaluru,12.9141,74.856,10.785262,Low
Raigad,18.5158,73.1822,10.300761,Low
Khordha,20.1734,85.6745,2.3978026,Low
Tumakuru,13.3409,77.101,3.0560114,Low
Khordha,20.1734,85.6745,7.320816,Low
Kanpur Nagar,26.4499,80.3319,8.122957,Low
Ganjam,19.3871,84.7919,5.4173007,Low
Bengaluru Urban,12.9716,77.5946,49.854607,Medium
Madurai,9.9252,78.1198,83.44588,Critical
Ahmedabad,23.0225,72.5714,11.073484,Low
Tumakuru,13.3409,77.101,81.63094,Critical
Raigad,18.5158,73.1822,4.5785403,Low
Lucknow,26.8467,80.9462,25.466352,Low
Madurai,9.9252,78.1198,3.5168405,Low
Lucknow,26.8467,80.9462,10.299405,Low
Surat,21.1702,72.8311,4.421801,Low
Dharwad,15.4589,75.0078,15.061196,Low
Ahmedabad,23.0225,72.5714,10.170344,Low
Coimbatore,11.0168,76.9558,5.6487365,Low
Thane,19.2183,72.9781,8.959573,Low
Varanasi,25.3176,82.9739,5.556651,Low
Varanasi,25.3176,82.9739,80.63743,Critical
Varanasi,25.3176,82.9739,82.10868,Critical
Vadodara,22.3072,73.1812,50.0745,Medium
Balasore,21.4942,86.9317,13.678076,Low
Salem,11.6643,78.146,84.21389,Critical
Agra,27.1767,78.0081,8.339782,Low
Ahmedabad,23.0225,72.5714,14.939091,Low
Kanchipuram,12.8342,79.7036,3.199545,Low
Nagpur,21.1458,79.0882,91.82162,Critical
Kanchipuram,12.8342,79.7036,5.7750134,Low
Tumakuru,13.3409,77.101,4.839747,Low
Mysuru,12.2958,76.6394,8.199514,Low
Madurai,9.9252,78.1198,17.279829,Low
Madurai,9.9252,78.1198,85.97955,Critical
Aurangabad,19.8762,75.3433,7.69746,Low
Aurangabad,19.8762,75.3433,6.0154214,Low
Puri,19.8135,85.8312,83.88055,Critical
Ahmedabad,23.0225,72.5714,12.22467,Low
Gautam Buddha Nagar,28.5355,77.391,81.72564,Critical
Raigad,18.5158,73.1822,12.18313,Low
Khordha,20.1734,85.6745,3.7275202,Low
Meerut,28.9845,77.7064,10.369769,Low
Belagavi,15.8497,74.4977,7.4281454,Low
Raigad,18.5158,73.1822,13.281709,Low
Madurai,9.9252,78.1198,88.50165,Critical
Khordha,20.1734,85.6745,84.43013,Critical
Gautam Buddha Nagar,28.5355,77.391,7.116735,Low
Tiruchirappalli,10.7905,78.7047,8.426078,Low
Surat,21.1702,72.8311,89.51017,Critical
Sundargarh,22.1167,84.0333,9.384764,Low
Belagavi,15.8497,74.4977,8.21302,Low
Dharwad,15.4589,75.0078,11.055994,Low
Gautam Buddha Nagar,28.5355,77.391,28.779013,Low
Salem,11.6643,78.146,8.365438,Low
Varanasi,25.3176,82.9739,6.274768,Low
Agra,27.1767,78.0081,9.96119,Low
Gautam Buddha Nagar,28.5355,77.391,93.661865,Critical
Lucknow,26.8467,80.9462,18.938042,Low
Salem,11.6643,78.146,6.2750845,Low
Ahmedabad,23.0225,72.5714,14.827934,Low
Dharwad,15.4589,75.0078,3.2702837,Low
Belagavi,15.8497,74.4977,9.198534,Low
Balasore,21.4942,86.9317,15.218984,Low
Bengaluru Urban,12.9716,77.5946,4.7613816,Low
Tiruchirappalli,10.7905,78.7047,85.52351,Critical
Kanchipuram,12.8342,79.7036,86.85019,Critical
Thane,19.2183,72.9781,78.38973,High
Agra,27.1767,78.0081,8.450173,Low
Ahmedabad,23.0225,72.5714,4.556512,Low
Dharwad,15.4589,75.0078,20.78682,Low
Lucknow,26.8467,80.9462,43.664352,Low
Lucknow,26.8467,80.9462,87.55873,Critical
Raigad,18.5158,73.1822,2.9397404,Low
Chennai,13.0827,80.2707,11.5418415,Low
Mangaluru,12.9141,74.856,6.4894667,Low
Gautam Buddha Nagar,28.5355,77.391,7.5565987,Low
Lucknow,26.8467,80.9462,2.0872416,Low
Raigad,18.5158,73.1822,11.935658,Low
Kutch,23.7337,69.8597,31.22471,Low
Nagpur,21.1458,79.0882,5.7081485,Low
Aurangabad,19.8762,75.3433,3.565605,Low
Bengaluru Urban,12.9716,77.5946,80.32334,Critical
Gandhinagar,23.2156,72.6369,72.92197,High
Nagpur,21.1458,79.0882,87.7409,Critical
Nagpur,21.1458,79.0882,86.808105,Critical
Tiruchirappalli,10.7905,78.7047,7.415064,Low
Gandhinagar,23.2156,72.6369,8.052456,Low
Tiruchirappalli,10.7905,78.7047,35.520664,Low
Thane,19.2183,72.9781,22.458366,Low
Nashik,19.9975,73.7898,7.387532,Low
Ahmedabad,23.0225,72.5714,9.928348,Low
Kanpur Nagar,26.4499,80.3319,5.7854314,Low
Madurai,9.9252,78.1198,16.690569,Low
Gandhinagar,23.2156,72.6369,10.117707,Low
Kanpur Nagar,26.4499,80.3319,5.14589,Low
Gautam Buddha Nagar,28.5355,77.391,15.72147,Low
Lucknow,26.8467,80.9462,6.3071117,Low
Bengaluru Urban,12.9716,77.5946,91.148926,Critical
Vadodara,22.3072,73.1812,14.099832,Low
Mangaluru,12.9141,74.856,10.176857,Low
Gandhinagar,23.2156,72.6369,84.20889,Critical
Rajkot,22.3039,70.8022,10.644756,Low
Cuttack,20.4625,85.883,10.22237,Low
Khordha,20.1734,85.6745,89.93203,Critical
Vadodara,22.3072,73.1812,86.17776,Critical
Balasore,21.4942,86.9317,2.2428849,Low
Nagpur,21.1458,79.0882,6.5986037,Low
Madurai,9.9252,78.1198,8.951847,Low
Rajkot,22.3039,70.8022,16.732302,Low
Pune,18.5204,73.8567,6.496171,Low
Bengaluru Urban,12.9716,77.5946,5.4720697,Low
Meerut,28.9845,77.7064,6.307643,Low
Tiruchirappalli,10.7905,78.7047,3.8451293,Low
Agra,27.1767,78.0081,7.4558735,Low
Aurangabad,19.8762,75.3433,27.825031,Low
Kanpur Nagar,26.4499,80.3319,7.3150268,Low
Salem,11.6643,78.146,12.46671,Low
Ahmedabad,23.0225,72.5714,14.018555,Low
Tumakuru,13.3409,77.101,4.9842663,Low
Vadodara,22.3072,73.1812,8.042838,Low
Kanchipuram,12.8342,79.7036,89.474976,Critical
Varanasi,25.3176,82.9739,13.85466,Low
Agra,27.1767,78.0081,11.462541,Low
Raigad,18.5158,73.1822,10.046603,Low
Thane,19.2183,72.9781,14.339577,Low
Gandhinagar,23.2156,72.6369,6.259447,Low
Kanpur Nagar,26.4499,80.3319,69.62442,High
Khordha,20.1734,85.6745,84.38882,Critical
Aurangabad,19.8762,75.3433,6.2245936,Low
Ganjam,19.3871,84.7919,85.37563,Critical
Bengaluru Urban,12.9716,77.5946,13.120779,Low
Nagpur,21.1458,79.0882,87.17745,Critical
Cuttack,20.4625,85.883,8.377707,Low
Cuttack,20.4625,85.883,32.04029,Low
Madurai,9.9252,78.1198,10.834341,Low
Pune,18.5204,73.8567,10.595822,Low
Aurangabad,19.8762,75.3433,30.481524,Low
Meerut,28.9845,77.7064,12.521212,Low
Kanpur Nagar,26.4499,80.3319,10.041166,Low
Pune,18.5204,73.8567,6.150775,Low
Lucknow,26.8467,80.9462,13.022895,Low
Belagavi,15.8497,74.4977,86.55775,Critical
Kanchipuram,12.8342,79.7036,3.9472303,Low
Bengaluru Urban,12.9716,77.5946,3.181063,Low
Coimbatore,11.0168,76.9558,11.289326,Low
Mangaluru,12.9141,74.856,4.609642,Low
Nagpur,21.1458,79.0882,86.15668,Critical
Cuttack,20.4625,85.883,4.6383734,Low
Dharwad,15.4589,75.0078,5.715837,Low
Khordha,20.1734,85.6745,7.1148,Low
Kanchipuram,12.8342,79.7036,86.85481,Critical
Kanpur Nagar,26.4499,80.3319,90.01321,Critical
Thane,19.2183,72.9781,8.592546,Low
Aurangabad,19.8762,75.3433,10.555507,Low
Tiruchirappalli,10.7905,78.7047,5.4849677,Low
Kanpur Nagar,26.4499,80.3319,34.975643,Low
Tumakuru,13.3409,77.101,87.172226,Critical
Sundargarh,22.1167,84.0333,5.833917,Low
Puri,19.8135,85.8312,8.371798,Low
Aurangabad,19.8762,75.3433,25.721554,Low
Aurangabad,19.8762,75.3433,39.5529,Low
Gautam Buddha Nagar,28.5355,77.391,10.955136,Low
Khordha,20.1734,85.6745,3.926384,Low
Madurai,9.9252,78.1198,8.904532,Low
Rajkot,22.3039,70.8022,33.52913,Low
Agra,27.1767,78.0081,85.329475,Critical
Raigad,18.5158,73.1822,6.446599,Low
Rajkot,22.3039,70.8022,7.6213346,Low
Raigad,18.5158,73.1822,2.3204432,Low
Nagpur,21.1458,79.0882,7.816251,Low
Tiruchirappalli,10.7905,78.7047,18.132812,Low
Raigad,18.5158,73.1822,84.34636,Critical
Gandhinagar,23.2156,72.6369,3.56019,Low
Tiruchirappalli,10.7905,78.7047,10.192819,Low
Cuttack,20.4625,85.883,13.165367,Low
Gautam Buddha Nagar,28.5355,77.391,9.807576,Low
Raigad,18.5158,73.1822,12.407192,Low
Dharwad,15.4589,75.0078,9.723597,Low
Aurangabad,19.8762,75.3433,13.115607,Low
Nagpur,21.1458,79.0882,5.5777736,Low
Aurangabad,19.8762,75.3433,19.731403,Low
Nagpur,21.1458,79.0882,91.267525,Critical
Ganjam,19.3871,84.7919,5.89479,Low
Kanpur Nagar,26.4499,80.3319,4.1087675,Low
Dharwad,15.4589,75.0078,18.199316,Low
Gandhinagar,23.2156,72.6369,19.36838,Low
Belagavi,15.8497,74.4977,10.23661,Low
Belagavi,15.8497,74.4977,9.076086,Low
Kanchipuram,12.8342,79.7036,20.960695,Low
Khordha,20.1734,85.6745,85.6274,Critical
Surat,21.1702,72.8311,31.999878,Low
Mysuru,12.2958,76.6394,10.967999,Low
Agra,27.1767,78.0081,6.2161026,Low
Dharwad,15.4589,75.0078,87.1422,Critical
Ahmedabad,23.0225,72.5714,81.466484,Critical
Kanchipuram,12.8342,79.7036,86.73641,Critical
Aurangabad,19.8762,75.3433,27.713474,Low
Meerut,28.9845,77.7064,14.48013,Low
Madurai,9.9252,78.1198,12.67537,Low
Balasore,21.4942,86.9317,91.14832,Critical
Kanpur Nagar,26.4499,80.3319,80.71045,Critical
Dharwad,15.4589,75.0078,10.885448,Low
Cuttack,20.4625,85.883,80.492165,Critical
Thane,19.2183,72.9781,12.586981,Low
Lucknow,26.8467,80.9462,4.1017675,Low
Belagavi,15.8497,74.4977,10.86084,Low
Gautam Buddha Nagar,28.5355,77.391,6.820648,Low
Thane,19.2183,72.9781,49.529247,Medium
Ahmedabad,23.0225,72.5714,11.897927,Low
Meerut,28.9845,77.7064,7.0714483,Low
Ahmedabad,23.0225,72.5714,46.231583,Medium
Kanpur Nagar,26.4499,80.3319,92.43348,Critical
Agra,27.1767,78.0081,4.205485,Low
Kanchipuram,12.8342,79.7036,78.38741,High
Tumakuru,13.3409,77.101,7.7320905,Low
Coimbatore,11.0168,76.9558,11.385966,Low
Cuttack,20.4625,85.883,80.067184,Critical
Pune,18.5204,73.8567,81.62271,Critical
Tiruchirappalli,10.7905,78.7047,82.02188,Critical
Lucknow,26.8467,80.9462,8.650871,Low
Vadodara,22.3072,73.1812,6.0504684,Low
Thane,19.2183,72.9781,3.9225957,Low
Dharwad,15.4589,75.0078,13.427814,Low
Kutch,23.7337,69.8597,7.6601334,Low
Cuttack,20.4625,85.883,4.598524,Low
Aurangabad,19.8762,75.3433,7.2931476,Low
Gautam Buddha Nagar,28.5355,77.391,11.893021,Low
Nashik,19.9975,73.7898,14.305229,Low
Varanasi,25.3176,82.9739,7.6009946,Low
Bengaluru Urban,12.9716,77.5946,91.00059,Critical
Raigad,18.5158,73.1822,28.084024,Low
Vadodara,22.3072,73.1812,9.8311615,Low
Aurangabad,19.8762,75.3433,13.013321,Low
Khordha,20.1734,85.6745,85.81301,Critical
Surat,21.1702,72.8311,7.3442607,Low
Mangaluru,12.9141,74.856,91.70677,Critical
Mangaluru,12.9141,74.856,11.533429,Low
Aurangabad,19.8762,75.3433,6.5793686,Low
Meerut,28.9845,77.7064,21.327349,Low
Agra,27.1767,78.0081,84.884766,Critical
Mysuru,12.2958,76.6394,8.655281,Low
Ganjam,19.3871,84.7919,4.8004966,Low
Meerut,28.9845,77.7064,6.93444,Low
Kanpur Nagar,26.4499,80.3319,80.51088,Critical
Kanpur Nagar,26.4499,80.3319,8.53453,Low
Raigad,18.5158,73.1822,79.206314,High
Ganjam,19.3871,84.7919,8.5747175,Low
Meerut,28.9845,77.7064,90.71377,Critical
Kutch,23.7337,69.8597,82.80107,Critical
Varanasi,25.3176,82.9739,6.6948013,Low
Mysuru,12.2958,76.6394,4.5015264,Low
Pune,18.5204,73.8567,13.891808,Low
Tiruchirappalli,10.7905,78.7047,14.2374325,Low
Madurai,9.9252,78.1198,7.771928,Low
Kanchipuram,12.8342,79.7036,13.064403,Low
Tumakuru,13.3409,77.101,84.60155,Critical
Varanasi,25.3176,82.9739,10.688977,Low
Kanchipuram,12.8342,79.7036,7.367056,Low
Vadodara,22.3072,73.1812,80.17793,Critical
Surat,21.1702,72.8311,84.57831,Critical
Dharwad,15.4589,75.0078,12.700054,Low
Tiruchirappalli,10.7905,78.7047,10.211429,Low
Kanchipuram,12.8342,79.7036,4.685774,Low
Belagavi,15.8497,74.4977,4.9864707,Low
Dharwad,15.4589,75.0078,7.3129244,Low
Coimbatore,11.0168,76.9558,5.046789,Low
Sundargarh,22.1167,84.0333,85.75086,Critical
Chennai,13.0827,80.2707,10.15793,Low
Kanpur Nagar,26.4499,80.3319,4.1323385,Low
Aurangabad,19.8762,75.3433,7.096836,Low
Tiruchirappalli,10.7905,78.7047,11.232441,Low
Lucknow,26.8467,80.9462,9.482298,Low
Kanchipuram,12.8342,79.7036,7.7768974,Low
Varanasi,25.3176,82.9739,3.246181,Low
Nagpur,21.1458,79.0882,74.20759,High
Sundargarh,22.1167,84.0333,4.7798047,Low
Coimbatore,11.0168,76.9558,5.37103,Low
Pune,18.5204,73.8567,8.7043915,Low
Rajkot,22.3039,70.8022,86.85454,Critical
Madurai,9.9252,78.1198,13.52876,Low
Mysuru,12.2958,76.6394,7.523708,Low
Chennai,13.0827,80.2707,4.5315247,Low
Puri,19.8135,85.8312,6.220403,Low
Lucknow,26.8467,80.9462,7.675652,Low
Nagpur,21.1458,79.0882,8.769789,Low
Thane,19.2183,72.9781,81.21833,Critical
Surat,21.1702,72.8311,13.752787,Low
Balasore,21.4942,86.9317,2.1536686,Low
Pune,18.5204,73.8567,73.63786,High
Belagavi,15.8497,74.4977,76.41227,High
Vadodara,22.3072,73.1812,89.32779,Critical
Chennai,13.0827,80.2707,17.679255,Low
Rajkot,22.3039,70.8022,12.327101,Low
Tiruchirappalli,10.7905,78.7047,6.088624,Low
Tiruchirappalli,10.7905,78.7047,3.4491148,Low
Varanasi,25.3176,82.9739,74.17504,High
Rajkot,22.3039,70.8022,2.842886,Low
Meerut,28.9845,77.7064,4.1190004,Low
Varanasi,25.3176,82.9739,7.9310856,Low
Coimbatore,11.0168,76.9558,14.103177,Low
Mangaluru,12.9141,74.856,15.503672,Low
Khordha,20.1734,85.6745,8.155882,Low
Thane,19.2183,72.9781,13.540381,Low
Aurangabad,19.8762,75.3433,12.485196,Low
Chennai,13.0827,80.2707,26.198084,Low
Mysuru,12.2958,76.6394,5.240491,Low
Vadodara,22.3072,73.1812,12.1942005,Low
Sundargarh,22.1167,84.0333,1.2806315,Low
Lucknow,26.8467,80.9462,7.103434,Low
Lucknow,26.8467,80.9462,3.439264,Low
Tiruchirappalli,10.7905,78.7047,10.535427,Low
Kanchipuram,12.8342,79.7036,10.618492,Low
Thane,19.2183,72.9781,14.786269,Low
Tumakuru,13.3409,77.101,12.544348,Low
Sundargarh,22.1167,84.0333,3.5802104,Low
Dharwad,15.4589,75.0078,84.47308,Critical
Surat,21.1702,72.8311,13.480705,Low
Kanpur Nagar,26.4499,80.3319,10.465487,Low
Madurai,9.9252,78.1198,4.439909,Low
Sundargarh,22.1167,84.0333,7.557285,Low
Belagavi,15.8497,74.4977,84.68193,Critical
Raigad,18.5158,73.1822,36.930233,Low
Surat,21.1702,72.8311,86.60721,Critical
Tumakuru,13.3409,77.101,85.243355,Critical
Aurangabad,19.8762,75.3433,5.6800976,Low
Tiruchirappalli,10.7905,78.7047,8.900313,Low
Lucknow,26.8467,80.9462,4.3761907,Low
Raigad,18.5158,73.1822,5.2334948,Low
Sundargarh,22.1167,84.0333,25.0262,Low
Cuttack,20.4625,85.883,11.148415,Low
Kutch,23.7337,69.8597,84.35123,Critical
Ganjam,19.3871,84.7919,4.047706,Low
Bengaluru Urban,12.9716,77.5946,6.1164303,Low
Meerut,28.9845,77.7064,85.944405,Critical
Puri,19.8135,85.8312,4.900606,Low
Ganjam,19.3871,84.7919,8.426258,Low
Mysuru,12.2958,76.6394,30.457327,Low
Puri,19.8135,85.8312,15.564236,Low
Varanasi,25.3176,82.9739,24.228354,Low
Dharwad,15.4589,75.0078,4.406779,Low
Raigad,18.5158,73.1822,1.8829359,Low
Rajkot,22.3039,70.8022,16.691,Low
Bengaluru Urban,12.9716,77.5946,16.624304,Low
Sundargarh,22.1167,84.0333,2.883865,Low
Madurai,9.9252,78.1198,82.04262,Critical
Kutch,23.7337,69.8597,6.8901234,Low
Sundargarh,22.1167,84.0333,9.111808,Low
Chennai,13.0827,80.2707,7.74623,Low
Gautam Buddha Nagar,28.5355,77.391,19.790081,Low
Varanasi,25.3176,82.9739,15.708682,Low
Thane,19.2183,72.9781,89.48662,Critical
Pune,18.5204,73.8567,8.537398,Low
Tumakuru,13.3409,77.101,13.303097,Low
Kanpur Nagar,26.4499,80.3319,12.441109,Low
Thane,19.2183,72.9781,16.59399,Low
Pune,18.5204,73.8567,38.275467,Low
Vadodara,22.3072,73.1812,20.337095,Low
Tumakuru,13.3409,77.101,32.308743,Low
Rajkot,22.3039,70.8022,9.414279,Low
Tiruchirappalli,10.7905,78.7047,4.7825418,Low
Coimbatore,11.0168,76.9558,3.9319255,Low
Puri,19.8135,85.8312,11.7026005,Low
Puri,19.8135,85.8312,11.134964,Low
Meerut,28.9845,77.7064,8.548011,Low
Kanpur Nagar,26.4499,80.3319,25.504675,Low
Tiruchirappalli,10.7905,78.7047,13.34219,Low
Aurangabad,19.8762,75.3433,81.019875,Critical
Kutch,23.7337,69.8597,9.149515,Low
Sundargarh,22.1167,84.0333,6.33911,Low
Rajkot,22.3039,70.8022,91.52609,Critical
Puri,19.8135,85.8312,95.15618,Critical
Ganjam,19.3871,84.7919,86.96593,Critical
Meerut,28.9845,77.7064,11.095817,Low
Lucknow,26.8467,80.9462,85.421776,Critical
Kanpur Nagar,26.4499,80.3319,6.936084,Low
Kanchipuram,12.8342,79.7036,11.275364,Low
Bengaluru Urban,12.9716,77.5946,79.040726,High
Kanpur Nagar,26.4499,80.3319,12.980577,Low
Aurangabad,19.8762,75.3433,83.89695,Critical
Vadodara,22.3072,73.1812,17.956554,Low
Meerut,28.9845,77.7064,6.727923,Low
Gandhinagar,23.2156,72.6369,90.486435,Critical
Pune,18.5204,73.8567,16.807968,Low
Nashik,19.9975,73.7898,4.58772,Low
Vadodara,22.3072,73.1812,19.154148,Low
Kanpur Nagar,26.4499,80.3319,6.72103,Low
Bengaluru Urban,12.9716,77.5946,10.186262,Low
Tumakuru,13.3409,77.101,84.80106,Critical
Ganjam,19.3871,84.7919,27.824745,Low
Pune,18.5204,73.8567,46.276196,Medium
Chennai,13.0827,80.2707,5.8911467,Low
Agra,27.1767,78.0081,6.2774563,Low
Gautam Buddha Nagar,28.5355,77.391,4.819178,Low
Khordha,20.1734,85.6745,9.552766,Low
Raigad,18.5158,73.1822,7.185647,Low
Balasore,21.4942,86.9317,8.777893,Low
Salem,11.6643,78.146,15.336141,Low
Meerut,28.9845,77.7064,8.5833845,Low
Kanpur Nagar,26.4499,80.3319,88.11139,Critical
Salem,11.6643,78.146,10.887392,Low
Thane,19.2183,72.9781,6.05187,Low
Lucknow,26.8467,80.9462,11.339832,Low
Surat,21.1702,72.8311,5.7075915,Low
Mysuru,12.2958,76.6394,10.09391,Low
Agra,27.1767,78.0081,4.533906,Low
Gautam Buddha Nagar,28.5355,77.391,80.34302,Critical
Kanpur Nagar,26.4499,80.3319,4.5853095,Low
Meerut,28.9845,77.7064,6.0583158,Low
Meerut,28.9845,77.7064,10.341309,Low
Mysuru,12.2958,76.6394,6.018183,Low
Nashik,19.9975,73.7898,22.626925,Low
Gautam Buddha Nagar,28.5355,77.391,94.601814,Critical
Aurangabad,19.8762,75.3433,85.39358,Critical
Nashik,19.9975,73.7898,83.275604,Critical
Rajkot,22.3039,70.8022,10.151444,Low
Gautam Buddha Nagar,28.5355,77.391,2.9026792,Low
Nashik,19.9975,73.7898,10.829053,Low
Pune,18.5204,73.8567,18.237715,Low
Dharwad,15.4589,75.0078,85.132034,Critical
Thane,19.2183,72.9781,11.883524,Low
Gautam Buddha Nagar,28.5355,77.391,13.070064,Low
Aurangabad,19.8762,75.3433,22.284239,Low
Kutch,23.7337,69.8597,6.269059,Low
Bengaluru Urban,12.9716,77.5946,12.2025,Low
Mangaluru,12.9141,74.856,11.073528,Low
Meerut,28.9845,77.7064,9.639575,Low
Kanchipuram,12.8342,79.7036,8.716479,Low
Madurai,9.9252,78.1198,2.5718992,Low
Raigad,18.5158,73.1822,5.6854925,Low
Raigad,18.5158,73.1822,4.3301315,Low
Meerut,28.9845,77.7064,3.7169945,Low
Varanasi,25.3176,82.9739,24.497774,Low
Nashik,19.9975,73.7898,6.5193334,Low
Lucknow,26.8467,80.9462,9.774108,Low
Ganjam,19.3871,84.7919,9.40143,Low
Bengaluru Urban,12.9716,77.5946,6.47998,Low
Pune,18.5204,73.8567,4.298262,Low
Khordha,20.1734,85.6745,14.682434,Low
Rajkot,22.3039,70.8022,12.953997,Low
Kanchipuram,12.8342,79.7036,7.03671,Low
Nagpur,21.1458,79.0882,11.129383,Low
Meerut,28.9845,77.7064,50.208057,Medium
Bengaluru Urban,12.9716,77.5946,5.653136,Low
Cuttack,20.4625,85.883,7.113,Low
Meerut,28.9845,77.7064,5.8084726,Low
Kanpur Nagar,26.4499,80.3319,28.67747,Low
Meerut,28.9845,77.7064,7.6221957,Low
Nashik,19.9975,73.7898,11.948973,Low
Madurai,9.9252,78.1198,91.697044,Critical
Belagavi,15.8497,74.4977,15.644699,Low
Varanasi,25.3176,82.9739,88.210846,Critical
Surat,21.1702,72.8311,8.222684,Low
Varanasi,25.3176,82.9739,4.632788,Low
Salem,11.6643,78.146,8.876812,Low
Gautam Buddha Nagar,28.5355,77.391,30.38078,Low
Coimbatore,11.0168,76.9558,2.7455719,Low
Mangaluru,12.9141,74.856,53.08394,Medium
Cuttack,20.4625,85.883,89.496376,Critical
Puri,19.8135,85.8312,8.388045,Low
Coimbatore,11.0168,76.9558,11.5377445,Low
Gautam Buddha Nagar,28.5355,77.391,8.736698,Low
Salem,11.6643,78.146,6.4638004,Low
Mysuru,12.2958,76.6394,7.175888,Low
Nashik,19.9975,73.7898,91.15856,Critical
Raigad,18.5158,73.1822,84.39548,Critical
Ganjam,19.3871,84.7919,4.7479777,Low
Thane,19.2183,72.9781,19.81831,Low
Aurangabad,19.8762,75.3433,29.798307,Low
Coimbatore,11.0168,76.9558,30.364832,Low
Belagavi,15.8497,74.4977,89.20645,Critical
Surat,21.1702,72.8311,7.4073133,Low
Nagpur,21.1458,79.0882,79.947975,High
Ganjam,19.3871,84.7919,24.428066,Low
Aurangabad,19.8762,75.3433,7.4682755,Low
Tiruchirappalli,10.7905,78.7047,8.768805,Low
Ahmedabad,23.0225,72.5714,8.89295,Low
Nashik,19.9975,73.7898,4.9997363,Low
Gandhinagar,23.2156,72.6369,4.449776,Low
Gandhinagar,23.2156,72.6369,5.707087,Low
Salem,11.6643,78.146,2.6192634,Low
Surat,21.1702,72.8311,9.151559,Low
Vadodara,22.3072,73.1812,7.610736,Low
Cuttack,20.4625,85.883,86.98472,Critical
Tiruchirappalli,10.7905,78.7047,23.86154,Low
Coimbatore,11.0168,76.9558,91.38989,Critical
Lucknow,26.8467,80.9462,94.01399,Critical
Salem,11.6643,78.146,37.330425,Low
Dharwad,15.4589,75.0078,12.390614,Low
Ganjam,19.3871,84.7919,14.130026,Low
Vadodara,22.3072,73.1812,7.3299966,Low
Mysuru,12.2958,76.6394,2.5572777,Low
Tiruchirappalli,10.7905,78.7047,6.5794578,Low
Varanasi,25.3176,82.9739,4.0854254,Low
Pune,18.5204,73.8567,8.548577,Low
Lucknow,26.8467,80.9462,6.8256946,Low
Puri,19.8135,85.8312,14.06782,Low
Kanpur Nagar,26.4499,80.3319,80.69524,Critical
Sundargarh,22.1167,84.0333,7.17668,Low
Madurai,9.9252,78.1198,82.53587,Critical
Varanasi,25.3176,82.9739,6.5196195,Low
Khordha,20.1734,85.6745,7.665026,Low
Madurai,9.9252,78.1198,4.7178636,Low
Dharwad,15.4589,75.0078,16.277672,Low
Nagpur,21.1458,79.0882,4.6610775,Low
Kanpur Nagar,26.4499,80.3319,89.36282,Critical
Gautam Buddha Nagar,28.5355,77.391,9.513557,Low
Nashik,19.9975,73.7898,84.24223,Critical
Pune,18.5204,73.8567,85.89445,Critical
Kanchipuram,12.8342,79.7036,5.3682365,Low
Dharwad,15.4589,75.0078,90.46228,Critical
Nagpur,21.1458,79.0882,15.326744,Low
Mangaluru,12.9141,74.856,9.309324,Low
Kanchipuram,12.8342,79.7036,2.783217,Low
Ganjam,19.3871,84.7919,9.979982,Low
Aurangabad,19.8762,75.3433,11.5771265,Low
Khordha,20.1734,85.6745,81.642876,Critical
Nagpur,21.1458,79.0882,18.532907,Low
Tumakuru,13.3409,77.101,82.49066,Critical
Bengaluru Urban,12.9716,77.5946,75.4323,High
Meerut,28.9845,77.7064,22.532433,Low
Aurangabad,19.8762,75.3433,13.587922,Low
Ahmedabad,23.0225,72.5714,13.950441,Low
Tiruchirappalli,10.7905,78.7047,3.80352,Low
Salem,11.6643,78.146,8.397643,Low
Kanpur Nagar,26.4499,80.3319,12.251125,Low
Vadodara,22.3072,73.1812,4.8386517,Low
Varanasi,25.3176,82.9739,7.12871,Low
Tumakuru,13.3409,77.101,13.637792,Low
Gautam Buddha Nagar,28.5355,77.391,8.177551,Low
Chennai,13.0827,80.2707,9.485666,Low
Tiruchirappalli,10.7905,78.7047,14.197511,Low
Salem,11.6643,78.146,14.01909,Low
Agra,27.1767,78.0081,14.023513,Low
Thane,19.2183,72.9781,8.645105,Low
Raigad,18.5158,73.1822,11.3942795,Low
Gautam Buddha Nagar,28.5355,77.391,8.6836195,Low
Chennai,13.0827,80.2707,44.514492,Low
Ganjam,19.3871,84.7919,6.553317,Low
Rajkot,22.3039,70.8022,14.078275,Low
Gautam Buddha Nagar,28.5355,77.391,8.529066,Low
Rajkot,22.3039,70.8022,84.78807,Critical
Vadodara,22.3072,73.1812,16.355526,Low
Thane,19.2183,72.9781,11.675264,Low
Sundargarh,22.1167,84.0333,8.4870615,Low
Ahmedabad,23.0225,72.5714,3.3391335,Low
Gautam Buddha Nagar,28.5355,77.391,73.169044,High
Agra,27.1767,78.0081,16.222643,Low
Agra,27.1767,78.0081,7.325856,Low
Pune,18.5204,73.8567,10.295782,Low
Rajkot,22.3039,70.8022,47.0644,Medium
Balasore,21.4942,86.9317,3.076851,Low
Tumakuru,13.3409,77.101,8.867166,Low
Gandhinagar,23.2156,72.6369,12.129834,Low
Kutch,23.7337,69.8597,9.303823,Low
Gautam Buddha Nagar,28.5355,77.391,11.539631,Low
Pune,18.5204,73.8567,28.234144,Low
Tumakuru,13.3409,77.101,5.282028,Low
Agra,27.1767,78.0081,21.400917,Low
Surat,21.1702,72.8311,10.433874,Low
Agra,27.1767,78.0081,3.8140025,Low
Khordha,20.1734,85.6745,6.6805906,Low
Thane,19.2183,72.9781,9.850719,Low
Vadodara,22.3072,73.1812,10.272426,Low
Kanpur Nagar,26.4499,80.3319,16.426731,Low
Varanasi,25.3176,82.9739,8.73667,Low
Varanasi,25.3176,82.9739,85.6485,Critical
Nagpur,21.1458,79.0882,46.818237,Medium
Chennai,13.0827,80.2707,52.573364,Medium
Coimbatore,11.0168,76.9558,37.806305,Low
Nagpur,21.1458,79.0882,29.956448,Low
Salem,11.6643,78.146,84.19333,Critical
Meerut,28.9845,77.7064,3.533388,Low
Agra,27.1767,78.0081,84.28376,Critical
Tumakuru,13.3409,77.101,12.099997,Low
Vadodara,22.3072,73.1812,15.088062,Low
Cuttack,20.4625,85.883,11.090197,Low
Kanchipuram,12.8342,79.7036,6.8902345,Low
Tumakuru,13.3409,77.101,10.851307,Low
Puri,19.8135,85.8312,5.4173307,Low
Kanpur Nagar,26.4499,80.3319,11.816546,Low
Rajkot,22.3039,70.8022,5.8580203,Low
Kanchipuram,12.8342,79.7036,5.267703,Low
Agra,27.1767,78.0081,14.760547,Low
Rajkot,22.3039,70.8022,11.328234,Low
Puri,19.8135,85.8312,8.977358,Low
Ahmedabad,23.0225,72.5714,5.1773214,Low
Aurangabad,19.8762,75.3433,12.300883,Low
Gautam Buddha Nagar,28.5355,77.391,11.603203,Low
Salem,11.6643,78.146,26.687605,Low
Rajkot,22.3039,70.8022,88.77839,Critical
Agra,27.1767,78.0081,18.199993,Low
Bengaluru Urban,12.9716,77.5946,8.374271,Low
Agra,27.1767,78.0081,8.569285,Low
Nashik,19.9975,73.7898,10.0739155,Low
Mysuru,12.2958,76.6394,20.655434,Low
Kanpur Nagar,26.4499,80.3319,28.023895,Low
Pune,18.5204,73.8567,10.114045,Low
Raigad,18.5158,73.1822,5.1873074,Low
Lucknow,26.8467,80.9462,18.216993,Low
Kutch,23.7337,69.8597,11.577268,Low
Lucknow,26.8467,80.9462,36.810078,Low
Mangaluru,12.9141,74.856,6.8456,Low
Tiruchirappalli,10.7905,78.7047,17.359138,Low
Tumakuru,13.3409,77.101,74.09389,High
Dharwad,15.4589,75.0078,7.1683354,Low
Ganjam,19.3871,84.7919,10.964584,Low
Pune,18.5204,73.8567,7.928795,Low
Aurangabad,19.8762,75.3433,8.478107,Low
Kanpur Nagar,26.4499,80.3319,6.8917,Low
Mysuru,12.2958,76.6394,86.28248,Critical
Agra,27.1767,78.0081,10.079741,Low
Nagpur,21.1458,79.0882,4.454805,Low
Rajkot,22.3039,70.8022,11.762602,Low
Nashik,19.9975,73.7898,93.04973,Critical
Mysuru,12.2958,76.6394,10.928466,Low
Dharwad,15.4589,75.0078,12.936211,Low
Agra,27.1767,78.0081,89.66319,Critical
Salem,11.6643,78.146,10.847261,Low
Mangaluru,12.9141,74.856,21.20711,Low
Agra,27.1767,78.0081,10.172137,Low
Sundargarh,22.1167,84.0333,86.241615,Critical
Rajkot,22.3039,70.8022,89.78994,Critical
Bengaluru Urban,12.9716,77.5946,14.043434,Low
Lucknow,26.8467,80.9462,7.651537,Low
Ahmedabad,23.0225,72.5714,15.164126,Low
Khordha,20.1734,85.6745,6.772898,Low
Lucknow,26.8467,80.9462,9.364315,Low
Mangaluru,12.9141,74.856,29.63909,Low
Madurai,9.9252,78.1198,6.7334967,Low
Pune,18.5204,73.8567,2.7924533,Low
Aurangabad,19.8762,75.3433,7.130986,Low
Ahmedabad,23.0225,72.5714,9.010969,Low
Kanchipuram,12.8342,79.7036,3.0880702,Low
Lucknow,26.8467,80.9462,33.986244,Low
Coimbatore,11.0168,76.9558,89.55378,Critical
Chennai,13.0827,80.2707,94.415,Critical
Gautam Buddha Nagar,28.5355,77.391,87.97539,Critical
Kutch,23.7337,69.8597,7.114291,Low
Kutch,23.7337,69.8597,7.537815,Low
Raigad,18.5158,73.1822,4.322164,Low
Surat,21.1702,72.8311,11.973223,Low
Madurai,9.9252,78.1198,2.876461,Low
Ahmedabad,23.0225,72.5714,7.2800674,Low
Sundargarh,22.1167,84.0333,29.754868,Low
Tiruchirappalli,10.7905,78.7047,18.483208,Low
Gautam Buddha Nagar,28.5355,77.391,7.3716097,Low
Madurai,9.9252,78.1198,81.381996,Critical
Kanchipuram,12.8342,79.7036,88.32701,Critical
Nagpur,21.1458,79.0882,85.6123,Critical
Bengaluru Urban,12.9716,77.5946,94.71614,Critical
Pune,18.5204,73.8567,16.9279,Low
Ahmedabad,23.0225,72.5714,76.441826,High
Coimbatore,11.0168,76.9558,17.318682,Low
Lucknow,26.8467,80.9462,12.169628,Low
Pune,18.5204,73.8567,50.046684,Medium
Aurangabad,19.8762,75.3433,5.991848,Low
Tumakuru,13.3409,77.101,7.3817797,Low
Mysuru,12.2958,76.6394,19.933071,Low
Kanpur Nagar,26.4499,80.3319,11.507026,Low
Lucknow,26.8467,80.9462,5.557186,Low
Kanpur Nagar,26.4499,80.3319,3.0443835,Low
Balasore,21.4942,86.9317,4.118868,Low
Nashik,19.9975,73.7898,16.405695,Low
Kanpur Nagar,26.4499,80.3319,74.84095,High
Aurangabad,19.8762,75.3433,4.6683125,Low
Varanasi,25.3176,82.9739,6.1019177,Low
Gandhinagar,23.2156,72.6369,4.960083,Low
Mangaluru,12.9141,74.856,8.900837,Low
Agra,27.1767,78.0081,6.1991606,Low
Raigad,18.5158,73.1822,6.395086,Low
Bengaluru Urban,12.9716,77.5946,6.212395,Low
Varanasi,25.3176,82.9739,7.2643323,Low
Kanchipuram,12.8342,79.7036,8.035116,Low
Kanpur Nagar,26.4499,80.3319,9.414105,Low
Nashik,19.9975,73.7898,31.47567,Low
Dharwad,15.4589,75.0078,7.33339,Low
Ganjam,19.3871,84.7919,81.518105,Critical
Meerut,28.9845,77.7064,85.78512,Critical
Varanasi,25.3176,82.9739,11.166285,Low
Varanasi,25.3176,82.9739,78.811905,High
Aurangabad,19.8762,75.3433,17.678015,Low
Belagavi,15.8497,74.4977,90.97916,Critical
Ganjam,19.3871,84.7919,9.828048,Low
Bengaluru Urban,12.9716,77.5946,2.3907137,Low
Nashik,19.9975,73.7898,12.931154,Low
Nashik,19.9975,73.7898,7.097846,Low
Puri,19.8135,85.8312,73.26888,High
Salem,11.6643,78.146,8.520998,Low
Meerut,28.9845,77.7064,8.796169,Low
Kanpur Nagar,26.4499,80.3319,86.375984,Critical
Puri,19.8135,85.8312,6.129975,Low
Cuttack,20.4625,85.883,7.746172,Low
Kutch,23.7337,69.8597,11.87938,Low
Gautam Buddha Nagar,28.5355,77.391,87.48737,Critical
Gandhinagar,23.2156,72.6369,40.810177,Low
Kanchipuram,12.8342,79.7036,79.079124,High
Belagavi,15.8497,74.4977,4.4219856,Low
Ganjam,19.3871,84.7919,75.918365,High
Tumakuru,13.3409,77.101,7.999926,Low
Coimbatore,11.0168,76.9558,8.30359,Low
Gandhinagar,23.2156,72.6369,3.2552953,Low
Agra,27.1767,78.0081,87.49176,Critical
Kanpur Nagar,26.4499,80.3319,2.1815004,Low
Kanchipuram,12.8342,79.7036,87.79608,Critical
Vadodara,22.3072,73.1812,6.960822,Low
Mangaluru,12.9141,74.856,74.65905,High
Rajkot,22.3039,70.8022,83.67063,Critical
Surat,21.1702,72.8311,5.673463,Low
Nagpur,21.1458,79.0882,84.99856,Critical
Nashik,19.9975,73.7898,10.873248,Low
Ahmedabad,23.0225,72.5714,8.9035425,Low
Aurangabad,19.8762,75.3433,10.498216,Low
Dharwad,15.4589,75.0078,82.81491,Critical
Rajkot,22.3039,70.8022,6.2549047,Low
Madurai,9.9252,78.1198,7.5914564,Low
Chennai,13.0827,80.2707,14.505421,Low
Aurangabad,19.8762,75.3433,8.598198,Low
Tiruchirappalli,10.7905,78.7047,5.551415,Low
Lucknow,26.8467,80.9462,9.339229,Low
Kanchipuram,12.8342,79.7036,6.986694,Low
Agra,27.1767,78.0081,74.565575,High
Surat,21.1702,72.8311,87.11801,Critical
Belagavi,15.8497,74.4977,26.254759,Low
Lucknow,26.8467,80.9462,85.287346,Critical
Balasore,21.4942,86.9317,82.55246,Critical
Khordha,20.1734,85.6745,6.599091,Low
Rajkot,22.3039,70.8022,5.1009507,Low
Raigad,18.5158,73.1822,9.820399,Low
Kanpur Nagar,26.4499,80.3319,8.1318655,Low
Agra,27.1767,78.0081,9.262356,Low
Chennai,13.0827,80.2707,87.493614,Critical
Kanchipuram,12.8342,79.7036,19.330923,Low
Gandhinagar,23.2156,72.6369,10.351439,Low
Varanasi,25.3176,82.9739,85.98481,Critical
Gautam Buddha Nagar,28.5355,77.391,6.545287,Low
Gautam Buddha Nagar,28.5355,77.391,5.381715,Low
Khordha,20.1734,85.6745,15.543747,Low
Mysuru,12.2958,76.6394,8.689954,Low
Chennai,13.0827,80.2707,86.67807,Critical
Kutch,23.7337,69.8597,7.9007373,Low
Cuttack,20.4625,85.883,82.01701,Critical
Kutch,23.7337,69.8597,4.4782543,Low
Varanasi,25.3176,82.9739,6.377914,Low
Ganjam,19.3871,84.7919,5.835568,Low
Salem,11.6643,78.146,13.153193,Low
Gautam Buddha Nagar,28.5355,77.391,14.433655,Low
Thane,19.2183,72.9781,18.91075,Low
Nagpur,21.1458,79.0882,83.62715,Critical
Tumakuru,13.3409,77.101,86.29173,Critical
Vadodara,22.3072,73.1812,15.680914,Low
Gautam Buddha Nagar,28.5355,77.391,81.78774,Critical
Tumakuru,13.3409,77.101,10.172113,Low
Kutch,23.7337,69.8597,83.72199,Critical
Tiruchirappalli,10.7905,78.7047,94.20527,Critical
Chennai,13.0827,80.2707,74.941536,High
Agra,27.1767,78.0081,7.436183,Low
Belagavi,15.8497,74.4977,82.926056,Critical
Ahmedabad,23.0225,72.5714,7.350775,Low
Kutch,23.7337,69.8597,6.275423,Low
Coimbatore,11.0168,76.9558,69.265045,High
Agra,27.1767,78.0081,14.697604,Low
Ganjam,19.3871,84.7919,7.0579553,Low
Gautam Buddha Nagar,28.5355,77.391,7.340209,Low
Nagpur,21.1458,79.0882,70.08837,High
Lucknow,26.8467,80.9462,9.3863325,Low
Chennai,13.0827,80.2707,12.055486,Low
Belagavi,15.8497,74.4977,2.96823,Low
Chennai,13.0827,80.2707,5.0073905,Low
Lucknow,26.8467,80.9462,8.264925,Low
Pune,18.5204,73.8567,9.94362,Low
Gandhinagar,23.2156,72.6369,89.80029,Critical
Lucknow,26.8467,80.9462,8.253793,Low
Agra,27.1767,78.0081,2.4929078,Low
Mangaluru,12.9141,74.856,7.882448,Low
Puri,19.8135,85.8312,8.650524,Low
Agra,27.1767,78.0081,1.6806695,Low
Gautam Buddha Nagar,28.5355,77.391,8.007515,Low
Lucknow,26.8467,80.9462,14.056518,Low
Aurangabad,19.8762,75.3433,10.93851,Low
Nagpur,21.1458,79.0882,16.267353,Low
Aurangabad,19.8762,75.3433,76.946915,High
Nashik,19.9975,73.7898,86.63678,Critical
Nashik,19.9975,73.7898,6.819871,Low
Ganjam,19.3871,84.7919,63.504963,Medium
Agra,27.1767,78.0081,79.1252,High
Kanpur Nagar,26.4499,80.3319,4.7270865,Low
Chennai,13.0827,80.2707,7.359923,Low
Belagavi,15.8497,74.4977,11.96382,Low
Surat,21.1702,72.8311,5.7059755,Low
Kanpur Nagar,26.4499,80.3319,90.626526,Critical
Agra,27.1767,78.0081,23.331247,Low
Gautam Buddha Nagar,28.5355,77.391,8.885868,Low
Kanpur Nagar,26.4499,80.3319,8.26243,Low
Gautam Buddha Nagar,28.5355,77.391,10.327982,Low
Belagavi,15.8497,74.4977,89.3444,Critical
Gautam Buddha Nagar,28.5355,77.391,8.971238,Low
Belagavi,15.8497,74.4977,3.8271368,Low
Raigad,18.5158,73.1822,5.555511,Low
Salem,11.6643,78.146,86.24982,Critical
Surat,21.1702,72.8311,8.456528,Low
Kanchipuram,12.8342,79.7036,6.326882,Low
Coimbatore,11.0168,76.9558,10.676433,Low
Salem,11.6643,78.146,7.87727,Low
Tiruchirappalli,10.7905,78.7047,4.154006,Low
Tiruchirappalli,10.7905,78.7047,87.39085,Critical
Bengaluru Urban,12.9716,77.5946,93.432526,Critical
Vadodara,22.3072,73.1812,15.935058,Low
Chennai,13.0827,80.2707,7.100116,Low
Bengaluru Urban,12.9716,77.5946,8.551268,Low
Cuttack,20.4625,85.883,16.896326,Low
Kanpur Nagar,26.4499,80.3319,32.71225,Low
Mysuru,12.2958,76.6394,5.4860682,Low
Madurai,9.9252,78.1198,51.364403,Medium
Thane,19.2183,72.9781,28.09427,Low
Surat,21.1702,72.8311,13.171339,Low
Kanpur Nagar,26.4499,80.3319,35.08386,Low
Mysuru,12.2958,76.6394,7.801828,Low
Nashik,19.9975,73.7898,10.163441,Low
Thane,19.2183,72.9781,24.123495,Low
Gautam Buddha Nagar,28.5355,77.391,79.213356,High
Nashik,19.9975,73.7898,93.288895,Critical
Khordha,20.1734,85.6745,9.981041,Low
Coimbatore,11.0168,76.9558,6.6096373,Low
Aurangabad,19.8762,75.3433,6.7128687,Low
Lucknow,26.8467,80.9462,75.08144,High
Agra,27.1767,78.0081,10.464323,Low
Mangaluru,12.9141,74.856,11.555544,Low
Lucknow,26.8467,80.9462,82.19295,Critical
Varanasi,25.3176,82.9739,10.209214,Low
Belagavi,15.8497,74.4977,88.210846,Critical
Nagpur,21.1458,79.0882,13.503655,Low
Salem,11.6643,78.146,3.6033914,Low
Ahmedabad,23.0225,72.5714,15.087456,Low
Varanasi,25.3176,82.9739,5.0727034,Low
Tumakuru,13.3409,77.101,6.278681,Low
Kutch,23.7337,69.8597,24.054234,Low
Raigad,18.5158,73.1822,7.9383783,Low
Kanchipuram,12.8342,79.7036,6.7341843,Low
Dharwad,15.4589,75.0078,86.873955,Critical
Thane,19.2183,72.9781,82.681015,Critical
Kanchipuram,12.8342,79.7036,92.94046,Critical
Cuttack,20.4625,85.883,8.088342,Low
Meerut,28.9845,77.7064,6.9601564,Low
Mysuru,12.2958,76.6394,6.000262,Low
Lucknow,26.8467,80.9462,4.7325654,Low
Pune,18.5204,73.8567,59.94928,Medium
Tiruchirappalli,10.7905,78.7047,7.034093,Low
Meerut,28.9845,77.7064,2.8601727,Low
Mysuru,12.2958,76.6394,7.8051314,Low
Nashik,19.9975,73.7898,14.82527,Low
Raigad,18.5158,73.1822,6.3531904,Low
Raigad,18.5158,73.1822,3.1642704,Low
Belagavi,15.8497,74.4977,8.6024275,Low
Salem,11.6643,78.146,88.565735,Critical
Aurangabad,19.8762,75.3433,7.0006714,Low
Aurangabad,19.8762,75.3433,17.619068,Low
Rajkot,22.3039,70.8022,89.290634,Critical
Tiruchirappalli,10.7905,78.7047,7.0535,Low
Tiruchirappalli,10.7905,78.7047,42.99098,Low
Gautam Buddha Nagar,28.5355,77.391,8.901916,Low
Salem,11.6643,78.146,15.79707,Low
Varanasi,25.3176,82.9739,81.190956,Critical
Raigad,18.5158,73.1822,8.440899,Low
Agra,27.1767,78.0081,7.903716,Low
Tumakuru,13.3409,77.101,55.04269,Medium
Salem,11.6643,78.146,12.292456,Low
Gautam Buddha Nagar,28.5355,77.391,78.48003,High
Rajkot,22.3039,70.8022,11.23229,Low
Agra,27.1767,78.0081,6.6122017,Low
Belagavi,15.8497,74.4977,4.3445897,Low
Dharwad,15.4589,75.0078,14.47783,Low
Kutch,23.7337,69.8597,87.36081,Critical
Rajkot,22.3039,70.8022,12.750602,Low
Belagavi,15.8497,74.4977,9.02054,Low
Kanpur Nagar,26.4499,80.3319,7.8580914,Low
Bengaluru Urban,12.9716,77.5946,7.5229497,Low
Lucknow,26.8467,80.9462,17.063972,Low
Thane,19.2183,72.9781,13.386421,Low
Pune,18.5204,73.8567,19.45906,Low
Dharwad,15.4589,75.0078,2.0255485,Low
Lucknow,26.8467,80.9462,3.7612848,Low
Pune,18.5204,73.8567,12.601609,Low
Balasore,21.4942,86.9317,7.152127,Low
Puri,19.8135,85.8312,9.732586,Low
Gandhinagar,23.2156,72.6369,19.020761,Low
Surat,21.1702,72.8311,14.541242,Low
Gandhinagar,23.2156,72.6369,5.687951,Low
Cuttack,20.4625,85.883,10.095022,Low
Madurai,9.9252,78.1198,86.678345,Critical
